roadName,tractSource,tractNumberParsed,tractAcceptanceDate,serviceArea,limits,objectId,keyNum,gisMiles,status,isMultiDateTract,sourceId,doNotClaim
CROWN VALLEY PARKWAY,RES. NO.01-105,,2001-04-03,NORTH LADERA RANCH,144' E/JARDINES TO 156' W/CECIL PASTURE RD.,2257,68581,0.330000013,M,,LH-SRC-M6-OC-ROAD-INDEX-LADERA-LIVE,Road acceptance is NOT a certificate of occupancy.
ANTONIO PARKWAY,ROS 98-1014,,1999-03-23,LADERA RANCH,0.08 SW/ DEERPATH TO ORTEGA HIGHWAY,1914,17403,4.4000001,M,,LH-SRC-M6-OC-ROAD-INDEX-LADERA-LIVE,Road acceptance is NOT a certificate of occupancy.
ARTISAN STREET,TR 15615,15615,2001-07-24,NORTH LADERA RANCH,BENJAMIN DR. TO 129'  NORTHWESTERLY,1937,19395,0.0199999996,M,YES - multiple acceptance dates; preserved as separate rows,LH-SRC-M6-OC-ROAD-INDEX-LADERA-LIVE,Road acceptance is NOT a certificate of occupancy.
BENJAMIN DRIVE,TR 15615,15615,2001-07-24,NORTH LADERA RANCH,60' W/ ANTONIO PKWY. TO SIENNA PKWY.,1981,28038,0.50999999,M,YES - multiple acceptance dates; preserved as separate rows,LH-SRC-M6-OC-ROAD-INDEX-LADERA-LIVE,Road acceptance is NOT a certificate of occupancy.
BLAKEMORE DRIVE,TR 15615,15615,2001-07-24,NORTH LADERA RANCH,SIENNA PKWY. TO 241' NORTHERLY,2003,30549,0.0399999991,M,YES - multiple acceptance dates; preserved as separate rows,LH-SRC-M6-OC-ROAD-INDEX-LADERA-LIVE,Road acceptance is NOT a certificate of occupancy.
CHANTILLY LANE,TR 15615,15615,2001-07-24,NORTH LADERA RANCH,BENJAMIN DR. TO 66' EASTERLY,2153,57402,0.00999999978,M,YES - multiple acceptance dates; preserved as separate rows,LH-SRC-M6-OC-ROAD-INDEX-LADERA-LIVE,Road acceptance is NOT a certificate of occupancy.
CROWN VALLEY PARKWAY (N1/2),TR 15615,15615,2001-07-24,NORTH LADERA RANCH,156' W/ CECIL PASTURE TO 61' W/ ANTONIO PKWY.,2258,68582,1.16999996,M,YES - multiple acceptance dates; preserved as separate rows,LH-SRC-M6-OC-ROAD-INDEX-LADERA-LIVE,Road acceptance is NOT a certificate of occupancy.
IRON HORSE TRAIL,TR 15615,15615,2001-07-24,NORTH LADERA RANCH,SIENNA PKWY. TO 137' SOUTH,2599,117529,0.0299999993,M,YES - multiple acceptance dates; preserved as separate rows,LH-SRC-M6-OC-ROAD-INDEX-LADERA-LIVE,Road acceptance is NOT a certificate of occupancy.
KYLE COURT,TR 15615,15615,2001-07-24,NORTH LADERA RANCH,SIENNA PKWY. TO 88' EASTERLY,2664,127561,0.0199999996,M,YES - multiple acceptance dates; preserved as separate rows,LH-SRC-M6-OC-ROAD-INDEX-LADERA-LIVE,Road acceptance is NOT a certificate of occupancy.
LAURELHURST DRIVE,TR 15615,15615,2001-07-24,NORTH LADERA RANCH,36' SE/ TO 65' NW/ WALDEN ST.,2710,137552,0.0199999996,M,YES - multiple acceptance dates; preserved as separate rows,LH-SRC-M6-OC-ROAD-INDEX-LADERA-LIVE,Road acceptance is NOT a certificate of occupancy.
MCGWIRE,TR 15615,15615,2001-07-24,NORTH LADERA RANCH,ONEILL DR. TO 350' WEST,2842,155125,0.0700000003,M,YES - multiple acceptance dates; preserved as separate rows,LH-SRC-M6-OC-ROAD-INDEX-LADERA-LIVE,Road acceptance is NOT a certificate of occupancy.
ONEILL DRIVE,TR 15615,15615,2001-07-24,NORTH LADERA RANCH,BENJAMIN DR. TO CROWN VALLEY PKWY.,2966,175310,0.560000002,M,YES - multiple acceptance dates; preserved as separate rows,LH-SRC-M6-OC-ROAD-INDEX-LADERA-LIVE,Road acceptance is NOT a certificate of occupancy.
SIENNA PARKWAY,TR 15615,15615,2001-07-24,NORTH LADERA RANCH,BENJAMIN DR. TO CROWN VALLEY PKWY.,3243,217675,0.569999993,M,YES - multiple acceptance dates; preserved as separate rows,LH-SRC-M6-OC-ROAD-INDEX-LADERA-LIVE,Road acceptance is NOT a certificate of occupancy.
SKYWOOD STREET,TR 15615,15615,2001-07-24,NORTH LADERA RANCH,SIENNA PKWY. TO 117' SOUTH,3284,221704,0.0199999996,M,YES - multiple acceptance dates; preserved as separate rows,LH-SRC-M6-OC-ROAD-INDEX-LADERA-LIVE,Road acceptance is NOT a certificate of occupancy.
SLEEPY HOLLOW LANE,TR 15615,15615,2001-07-24,NORTH LADERA RANCH,SIENNA PKWY. TO 82' NORTHERLY,3288,221759,0.0199999996,M,YES - multiple acceptance dates; preserved as separate rows,LH-SRC-M6-OC-ROAD-INDEX-LADERA-LIVE,Road acceptance is NOT a certificate of occupancy.
THORNHILL STREET,TR 15615,15615,2001-07-24,NORTH LADERA RANCH,BENJAMIN DR. TO 65' SOUTHERLY,3374,234515,0.00999999978,M,YES - multiple acceptance dates; preserved as separate rows,LH-SRC-M6-OC-ROAD-INDEX-LADERA-LIVE,Road acceptance is NOT a certificate of occupancy.
WALDEN STREET,TR 15615,15615,2001-07-24,NORTH LADERA RANCH,31'NE/ LAURELHURST DR. TO 131'SW/ SIENNA PKWY.,3445,238436,0.0500000007,M,YES - multiple acceptance dates; preserved as separate rows,LH-SRC-M6-OC-ROAD-INDEX-LADERA-LIVE,Road acceptance is NOT a certificate of occupancy.
MAYBECK LANE,TR 15615,15615,2002-07-24,NORTH LADERA RANCH,ONEILL DR. TO 451' SOUTHERLY,2833,154299,0.0900000036,M,YES - multiple acceptance dates; preserved as separate rows,LH-SRC-M6-OC-ROAD-INDEX-LADERA-LIVE,Road acceptance is NOT a certificate of occupancy.
WINFIELD DRIVE,TR 15615,15615,2002-07-24,NORTH LADERA RANCH,ONEILL DR.TO  270' SW/O MASON LN.,3512,239156,0.0500000007,M,YES - multiple acceptance dates; preserved as separate rows,LH-SRC-M6-OC-ROAD-INDEX-LADERA-LIVE,Road acceptance is NOT a certificate of occupancy.
KYLE COURT,TR 15616,15616,2002-02-26,NORTH LADERA RANCH,88' E/O SIENNA PKWY. TO KYLE CT. & CDS,2665,127562,0.280000001,M,,LH-SRC-M6-OC-ROAD-INDEX-LADERA-LIVE,Road acceptance is NOT a certificate of occupancy.
CLAWSON STREET,TR 15617,15617,2002-04-09,NORTH LADERA RANCH,KEMPTON LANE TO END,2198,62200,0.0199999996,M,,LH-SRC-M6-OC-ROAD-INDEX-LADERA-LIVE,Road acceptance is NOT a certificate of occupancy.
HEMPSTED STREET,TR 15617,15617,2002-04-09,NORTH LADERA RANCH,KEMPTON LANE TO END,2536,111495,0.0199999996,M,,LH-SRC-M6-OC-ROAD-INDEX-LADERA-LIVE,Road acceptance is NOT a certificate of occupancy.
KEMPTON LANE,TR 15617,15617,2002-04-09,NORTH LADERA RANCH,35' SE/ BLAKEMORE DR. TO END,2638,124060,0.140000001,M,,LH-SRC-M6-OC-ROAD-INDEX-LADERA-LIVE,Road acceptance is NOT a certificate of occupancy.
BLAKEMORE DRIVE,TR 15618,15618,2003-06-17,NORTH LADERA RANCH,33' N/E KEMPTON TO END,2004,30550,0.270000011,M,,LH-SRC-M6-OC-ROAD-INDEX-LADERA-LIVE,Road acceptance is NOT a certificate of occupancy.
KEMPTON LANE,TR 15618,15618,2003-06-17,NORTH LADERA RANCH,40' W/O BLAKEMORE DR. TO END,2637,124050,0.119999997,M,,LH-SRC-M6-OC-ROAD-INDEX-LADERA-LIVE,Road acceptance is NOT a certificate of occupancy.
CROWN VALLEY PARKWAY (N1/2),TR 15619,15619,2005-01-11,NORTH LADERA RANCH,60' E/O ANTONIO PKWY. TO 38' E/O APEX DR.,2259,68585,0.109999999,M,,LH-SRC-M6-OC-ROAD-INDEX-LADERA-LIVE,Road acceptance is NOT a certificate of occupancy.
STATION WAY,TR 15619,15619,2005-01-11,NORTH LADERA RANCH,60' E/O ANTONIO PKWY.  TO END,3317,224375,0.0700000003,M,,LH-SRC-M6-OC-ROAD-INDEX-LADERA-LIVE,Road acceptance is NOT a certificate of occupancy.
LONE OAK CIRCLE,TR 15620,15620,2002-02-26,NORTH LADERA RANCH,SLEEPY HOLLOW LN. TO END,2764,143793,0.0199999996,M,,LH-SRC-M6-OC-ROAD-INDEX-LADERA-LIVE,Road acceptance is NOT a certificate of occupancy.
MAYVILLE PLACE,TR 15620,15620,2002-02-26,NORTH LADERA RANCH,SLEEPY HOLLOW LN. TO END,2836,154500,0.0299999993,M,,LH-SRC-M6-OC-ROAD-INDEX-LADERA-LIVE,Road acceptance is NOT a certificate of occupancy.
SLEEPY HOLLOW LANE,TR 15620,15620,2002-02-26,NORTH LADERA RANCH,82' N/ SIENNA PKWY. TO END,3289,221760,0.170000002,M,,LH-SRC-M6-OC-ROAD-INDEX-LADERA-LIVE,Road acceptance is NOT a certificate of occupancy.
SOMMERVILLE PLACE,TR 15620,15620,2002-02-26,NORTH LADERA RANCH,SLEEPY HOLLOW LN. TO END,3302,222126,0.0299999993,M,,LH-SRC-M6-OC-ROAD-INDEX-LADERA-LIVE,Road acceptance is NOT a certificate of occupancy.
VINEWOOD LANE,TR 15620,15620,2002-02-26,NORTH LADERA RANCH,SLEEPY HOLLOW LN. TO END,3436,238180,0.0399999991,M,,LH-SRC-M6-OC-ROAD-INDEX-LADERA-LIVE,Road acceptance is NOT a certificate of occupancy.
LAURELHURST DRIVE,TR 15621,15621,2002-04-09,NORTH LADERA RANCH,36' SE/WALDEN ST TO END,2708,137550,0.140000001,M,,LH-SRC-M6-OC-ROAD-INDEX-LADERA-LIVE,Road acceptance is NOT a certificate of occupancy.
ALLBROOK COURT,TR 15622,15622,2003-01-14,NORTH LADERA RANCH,CLAYMONT DR. E & W TO ENDS,1862,3500,0.0799999982,M,,LH-SRC-M6-OC-ROAD-INDEX-LADERA-LIVE,Road acceptance is NOT a certificate of occupancy.
CLAYMONT DRIVE,TR 15622,15622,2003-01-14,NORTH LADERA RANCH,LAURELHURST DR. TO ALLBROOK CT.,2199,62100,0.0500000007,M,,LH-SRC-M6-OC-ROAD-INDEX-LADERA-LIVE,Road acceptance is NOT a certificate of occupancy.
LAURELHURST DRIVE,TR 15622,15622,2003-01-14,NORTH LADERA RANCH,65' NW'LY/O  WALDEN ST. TO END,2709,137551,0.189999998,M,,LH-SRC-M6-OC-ROAD-INDEX-LADERA-LIVE,Road acceptance is NOT a certificate of occupancy.
CHANTILLY LANE,TR 15623,15623,2002-02-05,NORTH LADERA RANCH,PLEASANTON LN. TO 66' E/ BENJAMIN DR.,2152,57400,0.119999997,M,,LH-SRC-M6-OC-ROAD-INDEX-LADERA-LIVE,Road acceptance is NOT a certificate of occupancy.
PLEASANTON LANE,TR 15623,15623,2002-02-05,NORTH LADERA RANCH,CHANTILLY LN. N & S/ TO ENDS,3043,190685,0.129999995,M,,LH-SRC-M6-OC-ROAD-INDEX-LADERA-LIVE,Road acceptance is NOT a certificate of occupancy.
WAVERLY PLACE,TR 15623,15623,2002-02-05,NORTH LADERA RANCH,CHANTILLY LN. TO END,3465,238570,0.0500000007,M,,LH-SRC-M6-OC-ROAD-INDEX-LADERA-LIVE,Road acceptance is NOT a certificate of occupancy.
EDENDALE STREET,TR 15624,15624,2003-02-25,NORTH LADERA RANCH,WYNDHAM ST. TO END,2338,80650,0.0900000036,M,,LH-SRC-M6-OC-ROAD-INDEX-LADERA-LIVE,Road acceptance is NOT a certificate of occupancy.
THORNHILL STREET,TR 15624,15624,2003-02-25,NORTH LADERA RANCH,65' S/O BENJAMIN DR. TO WYNDHAM ST.,3375,234600,0.100000001,M,,LH-SRC-M6-OC-ROAD-INDEX-LADERA-LIVE,Road acceptance is NOT a certificate of occupancy.
WYNDHAM STREET,TR 15624,15624,2003-02-25,NORTH LADERA RANCH,EDENDALE ST NW'LY & SE'LY TO ENDS,3536,239450,0.230000004,M,,LH-SRC-M6-OC-ROAD-INDEX-LADERA-LIVE,Road acceptance is NOT a certificate of occupancy.
ARTISAN STREET,TR 15625,15625,2003-02-25,NORTH LADERA RANCH,WINSLOW STREET TO THALIA STREET,1938,19400,0.150000006,M,,LH-SRC-M6-OC-ROAD-INDEX-LADERA-LIVE,Road acceptance is NOT a certificate of occupancy.
THALIA STREET,TR 15625,15625,2003-02-25,NORTH LADERA RANCH,ARTISAN ST. N'LY & W'LY TO ENDS,3364,233350,0.189999998,M,,LH-SRC-M6-OC-ROAD-INDEX-LADERA-LIVE,Road acceptance is NOT a certificate of occupancy.
WINSLOW STREET,TR 15625,15625,2003-02-25,NORTH LADERA RANCH,ARTISAN ST. E'LY & W'LY TO ENDS,3513,239145,0.150000006,M,,LH-SRC-M6-OC-ROAD-INDEX-LADERA-LIVE,Road acceptance is NOT a certificate of occupancy.
WYETH STREET,TR 15625,15625,2003-02-25,NORTH LADERA RANCH,ARTISAN TO END,3534,239400,0.0399999991,M,,LH-SRC-M6-OC-ROAD-INDEX-LADERA-LIVE,Road acceptance is NOT a certificate of occupancy.
MASON LANE,TR 15626,15626,2004-03-23,NORTH LADERA RANCH,WEDGEWOOD LN. TO WINFIELD DR.,2830,153700,0.109999999,M,,LH-SRC-M6-OC-ROAD-INDEX-LADERA-LIVE,Road acceptance is NOT a certificate of occupancy.
WEDGEWOOD LANE,TR 15626,15626,2004-03-23,NORTH LADERA RANCH,MASON LN. TO WINFIELD DR.,3586,238583,0.0599999987,M,,LH-SRC-M6-OC-ROAD-INDEX-LADERA-LIVE,Road acceptance is NOT a certificate of occupancy.
WINFIELD DRIVE,TR 15626,15626,2004-03-23,NORTH LADERA RANCH,WEDGEWOOD LN. TO 270' W/ MASON LN.,3511,239155,0.170000002,M,,LH-SRC-M6-OC-ROAD-INDEX-LADERA-LIVE,Road acceptance is NOT a certificate of occupancy.
ALGERWOOD,TR 15627,15627,2002-04-23,NORTH LADERA RANCH,DAWNWOOD TO END,1860,2950,0.0500000007,M,,LH-SRC-M6-OC-ROAD-INDEX-LADERA-LIVE,Road acceptance is NOT a certificate of occupancy.
DAWNWOOD,TR 15627,15627,2002-04-23,NORTH LADERA RANCH,43' W/ MAYBECK LN. TO END,2287,72716,0.209999993,M,,LH-SRC-M6-OC-ROAD-INDEX-LADERA-LIVE,Road acceptance is NOT a certificate of occupancy.
EARLYWOOD,TR 15627,15627,2002-04-23,NORTH LADERA RANCH,DAWNWOOD TO END,2334,79910,0.0500000007,M,,LH-SRC-M6-OC-ROAD-INDEX-LADERA-LIVE,Road acceptance is NOT a certificate of occupancy.
CALM CREEK CIRCLE,TR 15628,15628,2002-11-05,NORTH LADERA RANCH,DAWNWOOD TO END,2097,46245,0.0299999993,M,,LH-SRC-M6-OC-ROAD-INDEX-LADERA-LIVE,Road acceptance is NOT a certificate of occupancy.
DAWNWOOD,TR 15628,15628,2002-11-05,NORTH LADERA RANCH,40' NE/O  MAYBECK LN. NE TO END,2288,72717,0.180000007,M,,LH-SRC-M6-OC-ROAD-INDEX-LADERA-LIVE,Road acceptance is NOT a certificate of occupancy.
WHISPER CIRCLE,TR 15628,15628,2002-11-05,NORTH LADERA RANCH,DAWNWOOD TO END,3492,238805,0.0399999991,M,,LH-SRC-M6-OC-ROAD-INDEX-LADERA-LIVE,Road acceptance is NOT a certificate of occupancy.
BANCROFT STREET,TR 15629,15629,2002-12-10,NORTH LADERA RANCH,WALDEN ST. TO END,1961,23625,0.0700000003,M,,LH-SRC-M6-OC-ROAD-INDEX-LADERA-LIVE,Road acceptance is NOT a certificate of occupancy.
BRAMFORD STREET,TR 15629,15629,2002-12-10,NORTH LADERA RANCH,WALDEN E & W TO ENDS,2040,35175,0.129999995,M,,LH-SRC-M6-OC-ROAD-INDEX-LADERA-LIVE,Road acceptance is NOT a certificate of occupancy.
WALDEN STREET,TR 15629,15629,2002-12-10,NORTH LADERA RANCH,131' SW'LY/O SIENNA PKWY. TO BRAMFORD ST.,3446,238437,0.0599999987,M,,LH-SRC-M6-OC-ROAD-INDEX-LADERA-LIVE,Road acceptance is NOT a certificate of occupancy.
ASH HOLLOW TRAIL,TR 15630,15630,2002-08-13,NORTH LADERA RANCH,IRON HORSE TRAIL TO HALF MOON TRAIL,1939,19500,0.0799999982,M,,LH-SRC-M6-OC-ROAD-INDEX-LADERA-LIVE,Road acceptance is NOT a certificate of occupancy.
HALF MOON TRAIL,TR 15630,15630,2002-08-13,NORTH LADERA RANCH,IRON HORSE TRAIL TO ASH HOLLOW TRAIL,2503,107100,0.129999995,M,,LH-SRC-M6-OC-ROAD-INDEX-LADERA-LIVE,Road acceptance is NOT a certificate of occupancy.
IRON HORSE TRAIL,TR 15630,15630,2002-08-13,NORTH LADERA RANCH,137' S/O SIENNA PKWY. TO END,2600,117530,0.159999996,M,,LH-SRC-M6-OC-ROAD-INDEX-LADERA-LIVE,Road acceptance is NOT a certificate of occupancy.
SKYWOOD STREET,TR 15631,15631,2002-12-10,NORTH LADERA RANCH,117' S'LY AND SE'LY/O SIENNA PKWY.  TO ENDS,3285,221705,0.219999999,M,,LH-SRC-M6-OC-ROAD-INDEX-LADERA-LIVE,Road acceptance is NOT a certificate of occupancy.
COURTNEY CIRCLE,TR 15632,15632,2002-07-16,NORTH LADERA RANCH,MAYBECK LN. TO END,2230,66300,0.0599999987,M,,LH-SRC-M6-OC-ROAD-INDEX-LADERA-LIVE,Road acceptance is NOT a certificate of occupancy.
DANBURY,TR 15632,15632,2002-07-16,NORTH LADERA RANCH,MAYBECK LANE E & W TO ENDS,2277,71800,0.109999999,M,,LH-SRC-M6-OC-ROAD-INDEX-LADERA-LIVE,Road acceptance is NOT a certificate of occupancy.
MAYBECK LANE,TR 15632,15632,2002-07-16,NORTH LADERA RANCH,77' NW/ COURTNEY CIR. TO DANBURY,2834,154300,0.140000001,M,,LH-SRC-M6-OC-ROAD-INDEX-LADERA-LIVE,Road acceptance is NOT a certificate of occupancy.
CROWN VALLEY PARKWAY (S1/2),TR 15813,15813,2003-01-14,NORTH LADERA RANCH,127' W/O  ONEILL DR. TO SIENNA PKWY.,2262,68307,0.74000001,M,,LH-SRC-M6-OC-ROAD-INDEX-LADERA-LIVE,Road acceptance is NOT a certificate of occupancy.
FLINTRIDGE AVENUE,TR 15813,15813,2003-01-14,LADERA RANCH,63' W/O SIENNA PKWY. TO 37' NW/O TISBURY WY.,2422,95610,0.379999995,M,,LH-SRC-M6-OC-ROAD-INDEX-LADERA-LIVE,Road acceptance is NOT a certificate of occupancy.
FLINTRIDGE AVENUE (N1/2),TR 15813,15813,2003-01-14,LADERA RANCH,SIENNA PARKWAY TO 63'W,2424,95611,0.00999999978,M,,LH-SRC-M6-OC-ROAD-INDEX-LADERA-LIVE,Road acceptance is NOT a certificate of occupancy.
MAIN STREET,TR 15813,15813,2003-01-14,LADERA RANCH,SIENNA PARKWAY TO 227' E/O WELBE CIR.,2799,148851,0.150000006,M,,LH-SRC-M6-OC-ROAD-INDEX-LADERA-LIVE,Road acceptance is NOT a certificate of occupancy.
ONEILL DRIVE,TR 15813,15813,2003-01-14,LADERA RANCH,CROWN VALLEY PKWY. TO 46' S/O CECIL PASTURE RD.,2967,175350,0.5,M,,LH-SRC-M6-OC-ROAD-INDEX-LADERA-LIVE,Road acceptance is NOT a certificate of occupancy.
ROANOKE DRIVE,TR 15813,15813,2003-01-14,LADERA RANCH,ONEILL DR. TO FLINTRIDGE AVE.,3118,201300,0.430000007,M,,LH-SRC-M6-OC-ROAD-INDEX-LADERA-LIVE,Road acceptance is NOT a certificate of occupancy.
SIENNA PARKWAY  (W1/2),TR 15813,15813,2003-01-14,LADERA RANCH,CROWN VALLEY PKWY. TO FLINTRIDGE AVE.,3251,217677,0.479999989,M,,LH-SRC-M6-OC-ROAD-INDEX-LADERA-LIVE,Road acceptance is NOT a certificate of occupancy.
WELDON HEIGHTS,TR 15813,15813,2003-01-14,LADERA RANCH,FLINTRIDGE AVENUE TO 33' S/O NEWKIRK RD.,3470,238587,0.100000001,M,,LH-SRC-M6-OC-ROAD-INDEX-LADERA-LIVE,Road acceptance is NOT a certificate of occupancy.
CECIL PASTURE ROAD,TR 15827,15827,2003-01-14,LADERA RANCH,92' S/O CROWN VALLEY PKWY. TO 73' W/O O'NEILL DR.,2133,54995,0.479999989,M,,LH-SRC-M6-OC-ROAD-INDEX-LADERA-LIVE,Road acceptance is NOT a certificate of occupancy.
CROWN VALLEY PARKWAY (S1/2),TR 15827,15827,2003-01-14,NORTH LADERA RANCH,282'W/ CECIL PASTURE TO 127'W/ ONEILL,2260,68305,0.340000004,M,,LH-SRC-M6-OC-ROAD-INDEX-LADERA-LIVE,Road acceptance is NOT a certificate of occupancy.
CROWN VALLEY PARKWAY (S1/2),TR 15884,15884,2003-01-14,NORTH LADERA RANCH,SIENNA PKWY. TO 61' W/O ANTONIO PKWY.,2261,68306,0.189999998,M,,LH-SRC-M6-OC-ROAD-INDEX-LADERA-LIVE,Road acceptance is NOT a certificate of occupancy.
FIRST STREET,TR 15884,15884,2003-01-14,LADERA RANCH,MAIN STREET TO MERCANTILE WAY,2414,94750,0.0700000003,M,,LH-SRC-M6-OC-ROAD-INDEX-LADERA-LIVE,Road acceptance is NOT a certificate of occupancy.
MAIN STREET,TR 15884,15884,2003-01-14,LADERA RANCH,WINDMILL AVE. TO SIENNA PKWY.,2798,148850,0.379999995,M,,LH-SRC-M6-OC-ROAD-INDEX-LADERA-LIVE,Road acceptance is NOT a certificate of occupancy.
MERCANTILE WAY,TR 15884,15884,2003-01-14,LADERA RANCH,SIENNA PARKWAY TO WINDMILL AVENUE,2863,157350,0.379999995,M,,LH-SRC-M6-OC-ROAD-INDEX-LADERA-LIVE,Road acceptance is NOT a certificate of occupancy.
SECOND STREET,TR 15884,15884,2003-01-14,LADERA RANCH,SIENNA PARKWAY TO MERCANTILE WAY,3216,213325,0.200000003,M,,LH-SRC-M6-OC-ROAD-INDEX-LADERA-LIVE,Road acceptance is NOT a certificate of occupancy.
SIENNA PARKWAY,TR 15884,15884,2003-01-14,LADERA RANCH,FLINTRIDGE AVE. TO 89' S/O WINDMILL AVE.,3244,217679,0.189999998,M,,LH-SRC-M6-OC-ROAD-INDEX-LADERA-LIVE,Road acceptance is NOT a certificate of occupancy.
SIENNA PARKWAY (E1/2),TR 15884,15884,2003-01-14,LADERA RANCH,CROWN VALLEY PKWY. TO FLINTRIDGE AVE.,3252,217676,0.479999989,M,,LH-SRC-M6-OC-ROAD-INDEX-LADERA-LIVE,Road acceptance is NOT a certificate of occupancy.
THIRD STREET,TR 15884,15884,2003-01-14,LADERA RANCH,MAIN STREET TO MERCANTILE WAY,3368,234050,0.0799999982,M,,LH-SRC-M6-OC-ROAD-INDEX-LADERA-LIVE,Road acceptance is NOT a certificate of occupancy.
WINDMILL AVENUE,TR 15884,15884,2003-01-14,LADERA RANCH,SIENNA PARKWAY TO ANTONIO PARKWAY,3506,239080,0.349999994,M,,LH-SRC-M6-OC-ROAD-INDEX-LADERA-LIVE,Road acceptance is NOT a certificate of occupancy.
RESTON WAY,TR 15901,15901,2003-02-04,LADERA RANCH,47' S/O MAIN ST. TO END,3108,198675,0.119999997,M,,LH-SRC-M6-OC-ROAD-INDEX-LADERA-LIVE,Road acceptance is NOT a certificate of occupancy.
BARNSTABLE WAY,TR 15902,15902,2002-05-14,LADERA RANCH,RESTON WY  E AND W TO ENDS,1964,25300,0.109999999,M,,LH-SRC-M6-OC-ROAD-INDEX-LADERA-LIVE,Road acceptance is NOT a certificate of occupancy.
RESTON WAY,TR 15902,15902,2002-05-14,LADERA RANCH,43' NE/O MAIN ST. TO BARNSTABLE WY.,3107,198650,0.0599999987,M,,LH-SRC-M6-OC-ROAD-INDEX-LADERA-LIVE,Road acceptance is NOT a certificate of occupancy.
CHIMNEY LANE,TR 15903,15903,2003-06-17,LADERA RANCH,43' N/O MAIN ST. TO END,2177,60400,0.189999998,M,,LH-SRC-M6-OC-ROAD-INDEX-LADERA-LIVE,Road acceptance is NOT a certificate of occupancy.
COTTAGE HILL ROAD,TR 15903,15903,2003-06-17,LADERA RANCH,CHIMNEY LN. TO END,2223,65740,0.0500000007,M,,LH-SRC-M6-OC-ROAD-INDEX-LADERA-LIVE,Road acceptance is NOT a certificate of occupancy.
MAIN STREET,TR 15904,15904,2002-12-10,LADERA RANCH,227' E/O WELBE CIRCLE WEST TO END,2800,148852,0.140000001,M,,LH-SRC-M6-OC-ROAD-INDEX-LADERA-LIVE,Road acceptance is NOT a certificate of occupancy.
WELBE CIRCLE,TR 15904,15904,2002-12-10,LADERA RANCH,MAIN ST. TO END,3469,238585,0.0500000007,M,,LH-SRC-M6-OC-ROAD-INDEX-LADERA-LIVE,Road acceptance is NOT a certificate of occupancy.
BENNINGTON PATH,TR 15905,15905,2002-12-10,LADERA RANCH,WELDON HEIGHTS TO END,1984,28060,0.0399999991,M,,LH-SRC-M6-OC-ROAD-INDEX-LADERA-LIVE,Road acceptance is NOT a certificate of occupancy.
NEWKIRK ROAD,TR 15905,15905,2002-12-10,LADERA RANCH,WELDON HEIGHTS TO END,2907,166600,0.0799999982,M,,LH-SRC-M6-OC-ROAD-INDEX-LADERA-LIVE,Road acceptance is NOT a certificate of occupancy.
SAYBROOKE LANE,TR 15905,15905,2002-12-10,LADERA RANCH,NEWKIRK LN. TO END,3209,211935,0.0599999987,M,,LH-SRC-M6-OC-ROAD-INDEX-LADERA-LIVE,Road acceptance is NOT a certificate of occupancy.
WELDON HEIGHTS,TR 15905,15905,2002-12-10,LADERA RANCH,33' S/O NEWKIRK RD. TO END,3471,238588,0.129999995,M,,LH-SRC-M6-OC-ROAD-INDEX-LADERA-LIVE,Road acceptance is NOT a certificate of occupancy.
WICKFORD LANE,TR 15905,15905,2002-12-10,LADERA RANCH,WELDON HEIGHTS TO END,3498,238880,0.0799999982,M,,LH-SRC-M6-OC-ROAD-INDEX-LADERA-LIVE,Road acceptance is NOT a certificate of occupancy.
BRYNWOOD LANE,TR 15906,15906,2003-06-17,LADERA RANCH,HEARTHSIDE RD. TO END,2076,40850,0.129999995,M,,LH-SRC-M6-OC-ROAD-INDEX-LADERA-LIVE,Road acceptance is NOT a certificate of occupancy.
FRANKLIN WAY,TR 15906,15906,2003-06-17,LADERA RANCH,BRYNWOOD LN. TO END,6413,99225,0.0900000036,M,,LH-SRC-M6-OC-ROAD-INDEX-LADERA-LIVE,Road acceptance is NOT a certificate of occupancy.
HEARTHSIDE ROAD,TR 15906,15906,2003-06-17,LADERA RANCH,39' E/O WELDON HEIGHTS TO END,2530,110445,0.109999999,M,,LH-SRC-M6-OC-ROAD-INDEX-LADERA-LIVE,Road acceptance is NOT a certificate of occupancy.
NEWBURY WAY,TR 15906,15906,2003-06-17,LADERA RANCH,FRANKLIN WAY TO END,2905,166250,0.0599999987,M,,LH-SRC-M6-OC-ROAD-INDEX-LADERA-LIVE,Road acceptance is NOT a certificate of occupancy.
MINFORD CIRCLE,TR 15907,15907,2002-12-10,LADERA RANCH,PICKERING CIRCLE TO END,2873,159000,0.0399999991,M,,LH-SRC-M6-OC-ROAD-INDEX-LADERA-LIVE,Road acceptance is NOT a certificate of occupancy.
PICKERING CIRCLE,TR 15907,15907,2002-12-10,LADERA RANCH,45' N/O FLINTRIDGE AVE. TO END,3035,189350,0.0799999982,M,,LH-SRC-M6-OC-ROAD-INDEX-LADERA-LIVE,Road acceptance is NOT a certificate of occupancy.
CRESTMONT COURT,TR 15908,15908,2004-12-21,LADERA RANCH,LEWISTON CT. TO END,2250,67833,0.0299999993,M,,LH-SRC-M6-OC-ROAD-INDEX-LADERA-LIVE,Road acceptance is NOT a certificate of occupancy.
LEWISTON COURT,TR 15908,15908,2004-12-21,LADERA RANCH,44' NW/O FLINTRIDGE AVE. TO END,2734,140300,0.25999999,M,,LH-SRC-M6-OC-ROAD-INDEX-LADERA-LIVE,Road acceptance is NOT a certificate of occupancy.
MERRILL HILL,TR 15909,15909,2004-10-05,LADERA RANCH,STRATHMORE TO END,2865,157600,0.100000001,M,,LH-SRC-M6-OC-ROAD-INDEX-LADERA-LIVE,Road acceptance is NOT a certificate of occupancy.
STRATHMORE,TR 15909,15909,2004-10-05,LADERA RANCH,47' SW/O FLINTRIDGE TO END,3325,225750,0.180000007,M,,LH-SRC-M6-OC-ROAD-INDEX-LADERA-LIVE,Road acceptance is NOT a certificate of occupancy.
WESTFORD,TR 15909,15909,2004-10-05,LADERA RANCH,STRATHMORE TO END,3483,238665,0.0199999996,M,,LH-SRC-M6-OC-ROAD-INDEX-LADERA-LIVE,Road acceptance is NOT a certificate of occupancy.
FLINTRIDGE AVENUE,TR 15910,15910,2003-02-04,LADERA RANCH,37' NW/O TISBURY WAY TO END,2423,95612,0.349999994,M,,LH-SRC-M6-OC-ROAD-INDEX-LADERA-LIVE,Road acceptance is NOT a certificate of occupancy.
TISBURY LANE,TR 15911,15911,2003-02-04,LADERA RANCH,42' SW/O FLINTRIDGE AVE. TO END,3381,235140,0.189999998,M,,LH-SRC-M6-OC-ROAD-INDEX-LADERA-LIVE,Road acceptance is NOT a certificate of occupancy.
BEACON POINT,TR 15912,15912,2003-02-04,LADERA RANCH,BUSHWOOD CIRCLE TO END,1973,26425,0.0900000036,M,,LH-SRC-M6-OC-ROAD-INDEX-LADERA-LIVE,Road acceptance is NOT a certificate of occupancy.
BUSHWOOD CIRCLE,TR 15912,15912,2003-02-04,LADERA RANCH,42' S/O FLINTRIDGE AVE. TO END,2091,42600,0.170000002,M,,LH-SRC-M6-OC-ROAD-INDEX-LADERA-LIVE,Road acceptance is NOT a certificate of occupancy.
WEGEFORD CIRCLE,TR 15912,15912,2003-02-04,LADERA RANCH,BUSHWOOD CIRCLE TO END,3596,238584,0.0299999993,M,,LH-SRC-M6-OC-ROAD-INDEX-LADERA-LIVE,Road acceptance is NOT a certificate of occupancy.
LIVINGSTON PLACE,TR 15915,15915,2003-06-17,LADERA RANCH,850' SW TO 320' NW/O WESCOTT LN,2756,142500,0.200000003,M,,LH-SRC-M6-OC-ROAD-INDEX-LADERA-LIVE,Road acceptance is NOT a certificate of occupancy.
WESCOTT LANE,TR 15915,15915,2003-06-17,LADERA RANCH,50' E/O CECIL PASTURE RD. TO LIVINGSTON PL.,3481,238669,0.0500000007,M,,LH-SRC-M6-OC-ROAD-INDEX-LADERA-LIVE,Road acceptance is NOT a certificate of occupancy.
SIENNA PARKWAY,TR 15987,15987,2007-03-20,LADERA RANCH,733' E/O ETHEREAL ST. TO 138' S/O ONEILL DR.,3249,217696,0.349999994,M,,LH-SRC-M6-OC-ROAD-INDEX-LADERA-LIVE,Road acceptance is NOT a certificate of occupancy.
AGAPANTHUS STREET,TR 16025,16025,2004-10-19,LADERA RANCH,MERRIWEATHER PL. TO TUBEROSE ST.,1858,2200,0.0700000003,M,,LH-SRC-M6-OC-ROAD-INDEX-LADERA-LIVE,Road acceptance is NOT a certificate of occupancy.
BARBERRY STREET,TR 16025,16025,2004-10-19,LADERA RANCH,28' W/O HYDRANGEA ST. TO TUBEROSE ST.,1963,23850,0.119999997,M,,LH-SRC-M6-OC-ROAD-INDEX-LADERA-LIVE,Road acceptance is NOT a certificate of occupancy.
CLEOME STREET,TR 16025,16025,2004-10-19,LADERA RANCH,TUBEROSE ST. TO MERRIWEATHER PL.,2202,62650,0.0799999982,M,,LH-SRC-M6-OC-ROAD-INDEX-LADERA-LIVE,Road acceptance is NOT a certificate of occupancy.
ONEILL DRIVE,TR 16025,16025,2004-10-19,LADERA RANCH,61' W/O SIENNA PKWY. TO 45' SW/O HYDRANGEA ST.,2969,175385,0.50999999,M,,LH-SRC-M6-OC-ROAD-INDEX-LADERA-LIVE,Road acceptance is NOT a certificate of occupancy.
SIENNA PARKWAY,TR 16025,16025,2004-10-19,LADERA RANCH,105' SW/O SELLAS ROAD SOUTH TO ONEILL DR.,3248,217695,0.209999993,M,,LH-SRC-M6-OC-ROAD-INDEX-LADERA-LIVE,Road acceptance is NOT a certificate of occupancy.
TUBEROSE STREET,TR 16025,16025,2004-10-19,LADERA RANCH,29' SE/O SELLAS RD. SOUTH TO 27'S/ODUSKY WING CT.,3405,237185,0.219999999,M,,LH-SRC-M6-OC-ROAD-INDEX-LADERA-LIVE,Road acceptance is NOT a certificate of occupancy.
CORPORATE DRIVE,TR 16063,16063,2004-12-21,LADERA RANCH,TERRACE RD. TO 60' E/O ANTONIO PKWY.,2221,65500,0.209999993,M,,LH-SRC-M6-OC-ROAD-INDEX-LADERA-LIVE,Road acceptance is NOT a certificate of occupancy.
CROWN VALLEY PARKWAY (S1/2),TR 16063,16063,2004-12-21,NORTH LADERA RANCH,106' E/O ANTONIO PKWY. TO 941'E,2263,68590,0.159999996,M,,LH-SRC-M6-OC-ROAD-INDEX-LADERA-LIVE,Road acceptance is NOT a certificate of occupancy.
TERRACE ROAD,TR 16063,16063,2004-12-21,LADERA RANCH,60' E/O ANTONIO PKWY. TO CORPORATE DR.,3357,233250,0.0700000003,M,,LH-SRC-M6-OC-ROAD-INDEX-LADERA-LIVE,Road acceptance is NOT a certificate of occupancy.
TERRACE ROAD,TR 16063,16063,2004-12-21,LADERA RANCH,CORPORATE DR. TO WINDMILL AVE.,3358,233275,0.270000011,M,,LH-SRC-M6-OC-ROAD-INDEX-LADERA-LIVE,Road acceptance is NOT a certificate of occupancy.
WINDMILL AVENUE,TR 16063,16063,2004-12-21,LADERA RANCH,60' E/O ANTONIO PKWY. TO TERRACE RD.,3507,239110,0.129999995,M,,LH-SRC-M6-OC-ROAD-INDEX-LADERA-LIVE,Road acceptance is NOT a certificate of occupancy.
LANESBORO ROAD,TR 16101,16101,2004-06-08,LADERA RANCH,STERLING GLEN TO END,2690,135300,0.0599999987,M,,LH-SRC-M6-OC-ROAD-INDEX-LADERA-LIVE,Road acceptance is NOT a certificate of occupancy.
SHELTON COURT,TR 16101,16101,2004-06-08,LADERA RANCH,STERLING GLEN TO END,3239,217310,0.0299999993,M,,LH-SRC-M6-OC-ROAD-INDEX-LADERA-LIVE,Road acceptance is NOT a certificate of occupancy.
STERLING GLEN,TR 16101,16101,2004-06-08,LADERA RANCH,44' NE/O SNAPDRAGON TO END,3319,225100,0.200000003,M,,LH-SRC-M6-OC-ROAD-INDEX-LADERA-LIVE,Road acceptance is NOT a certificate of occupancy.
SUTHERLAND DRIVE,TR 16101,16101,2004-06-08,LADERA RANCH,STERLING GLEN N'LY AND S'LY TO ENDS,3341,230300,0.129999995,M,,LH-SRC-M6-OC-ROAD-INDEX-LADERA-LIVE,Road acceptance is NOT a certificate of occupancy.
BLUE SPRUCE DRIVE,TR 16102,16102,2004-06-22,LADERA RANCH,47' E/O SNAPDRAGON ST. TO END,2006,31800,0.170000002,M,,LH-SRC-M6-OC-ROAD-INDEX-LADERA-LIVE,Road acceptance is NOT a certificate of occupancy.
MAGNOLIA DRIVE,TR 16102,16102,2004-06-22,LADERA RANCH,BLUE SPRUCE DR. N AND S TO ENDS,2794,147725,0.0700000003,M,,LH-SRC-M6-OC-ROAD-INDEX-LADERA-LIVE,Road acceptance is NOT a certificate of occupancy.
SCOTCH PINE DRIVE,TR 16102,16102,2004-06-22,LADERA RANCH,BLUE SPRUCE DR. TO END,3212,212200,0.0900000036,M,,LH-SRC-M6-OC-ROAD-INDEX-LADERA-LIVE,Road acceptance is NOT a certificate of occupancy.
BLACK CHERRY STREET,TR 16103,16103,2004-05-11,LADERA RANCH,TERRASTAR LN. TO END,1998,30100,0.0299999993,M,,LH-SRC-M6-OC-ROAD-INDEX-LADERA-LIVE,Road acceptance is NOT a certificate of occupancy.
BROOKWOOD STREET,TR 16103,16103,2004-05-11,LADERA RANCH,TERRASTAR LN. TO END,2066,39000,0.0399999991,M,,LH-SRC-M6-OC-ROAD-INDEX-LADERA-LIVE,Road acceptance is NOT a certificate of occupancy.
TERRASTAR LANE NORTH,TR 16103,16103,2004-05-11,LADERA RANCH,TETHER MOON LN. TO END,3360,233325,0.100000001,M,,LH-SRC-M6-OC-ROAD-INDEX-LADERA-LIVE,Road acceptance is NOT a certificate of occupancy.
TETHER MOON LANE  (N1/2),TR 16103,16103,2004-05-11,LADERA RANCH,35' W/O BELLFLOWER ST. TO END,3362,233340,0.0799999982,M,,LH-SRC-M6-OC-ROAD-INDEX-LADERA-LIVE,Road acceptance is NOT a certificate of occupancy.
CAPRICORN DRIVE,TR 16104,16104,2003-11-18,LADERA RANCH,TERRASTAR LN. TO COMET TR.,2115,51600,0.119999997,M,,LH-SRC-M6-OC-ROAD-INDEX-LADERA-LIVE,Road acceptance is NOT a certificate of occupancy.
CASTOR COURT,TR 16104,16104,2003-11-18,LADERA RANCH,COMET TR. TO END,2130,54500,0.0299999993,M,,LH-SRC-M6-OC-ROAD-INDEX-LADERA-LIVE,Road acceptance is NOT a certificate of occupancy.
COMET TRAIL,TR 16104,16104,2003-11-18,LADERA RANCH,CAPRICORN DR. TO END,2214,64670,0.0700000003,M,,LH-SRC-M6-OC-ROAD-INDEX-LADERA-LIVE,Road acceptance is NOT a certificate of occupancy.
FLORA COURT,TR 16104,16104,2003-11-18,LADERA RANCH,GOSSAMER PL. TO END,2425,95710,0.0299999993,M,,LH-SRC-M6-OC-ROAD-INDEX-LADERA-LIVE,Road acceptance is NOT a certificate of occupancy.
GOSSAMER PLACE,TR 16104,16104,2003-11-18,LADERA RANCH,CAPRICORN DR. TO END,2483,103320,0.0700000003,M,,LH-SRC-M6-OC-ROAD-INDEX-LADERA-LIVE,Road acceptance is NOT a certificate of occupancy.
SOLSTICE DRIVE,TR 16104,16104,2003-11-18,LADERA RANCH,COMET TR. TO 45' SW/O SELLAS ROAD NORTH,3300,222069,0.0399999991,M,,LH-SRC-M6-OC-ROAD-INDEX-LADERA-LIVE,Road acceptance is NOT a certificate of occupancy.
TERRASTAR LANE SOUTH,TR 16104,16104,2003-11-18,LADERA RANCH,TETHER MOON LN. TO END,3361,233330,0.0700000003,M,,LH-SRC-M6-OC-ROAD-INDEX-LADERA-LIVE,Road acceptance is NOT a certificate of occupancy.
TETHER MOON LANE (S1/2),TR 16104,16104,2003-11-18,LADERA RANCH,35' W/O BELLFLOWER ST. TO END,3363,233345,0.0799999982,M,,LH-SRC-M6-OC-ROAD-INDEX-LADERA-LIVE,Road acceptance is NOT a certificate of occupancy.
CANDLEWIND COURT,TR 16114,16114,2003-12-16,LADERA RANCH,CELESTINE CIRCLE TO END,2113,50445,0.0399999991,M,,LH-SRC-M6-OC-ROAD-INDEX-LADERA-LIVE,Road acceptance is NOT a certificate of occupancy.
CELESTINE CIRCLE,TR 16114,16114,2003-12-16,LADERA RANCH,MERRIWEATHER PLACE TO END,2137,55400,0.100000001,M,,LH-SRC-M6-OC-ROAD-INDEX-LADERA-LIVE,Road acceptance is NOT a certificate of occupancy.
LUNA COURT,TR 16114,16114,2003-12-16,LADERA RANCH,CELESTINE CIRCLE TO END,2781,146150,0.0299999993,M,,LH-SRC-M6-OC-ROAD-INDEX-LADERA-LIVE,Road acceptance is NOT a certificate of occupancy.
MERRIWEATHER PLACE (N1/2),TR 16114,16114,2003-12-16,LADERA RANCH,33' W/O AGAPANTHUS ST. TO 341' W,2866,157620,0.0599999987,M,,LH-SRC-M6-OC-ROAD-INDEX-LADERA-LIVE,Road acceptance is NOT a certificate of occupancy.
BEECHTREE STREET,TR 16115,16115,2004-02-24,LADERA RANCH,CELESTINE CIRCLE TO END,1974,26700,0.0399999991,M,,LH-SRC-M6-OC-ROAD-INDEX-LADERA-LIVE,Road acceptance is NOT a certificate of occupancy.
CELESTINE CIRCLE,TR 16115,16115,2004-02-24,LADERA RANCH,47' W/O TUBEROSE ST. TO MERRIWEATHER PL.,2138,55450,0.140000001,M,,LH-SRC-M6-OC-ROAD-INDEX-LADERA-LIVE,Road acceptance is NOT a certificate of occupancy.
MERRIWEATHER PLACE (S1/2),TR 16115,16115,2004-02-24,LADERA RANCH,36' W/O AGAPANTHUS ST. TO END,2867,157630,0.109999999,M,,LH-SRC-M6-OC-ROAD-INDEX-LADERA-LIVE,Road acceptance is NOT a certificate of occupancy.
OLIVE STREET,TR 16115,16115,2004-02-24,LADERA RANCH,CELESTINE CIRCLE TO END,2961,174550,0.0299999993,M,,LH-SRC-M6-OC-ROAD-INDEX-LADERA-LIVE,Road acceptance is NOT a certificate of occupancy.
PLUM STREET,TR 16115,16115,2004-02-24,LADERA RANCH,CELESTINE CIRCLE TO END,3044,190700,0.0500000007,M,,LH-SRC-M6-OC-ROAD-INDEX-LADERA-LIVE,Road acceptance is NOT a certificate of occupancy.
BLUEWING LANE,TR 16116,16116,2004-05-11,LADERA RANCH,DUSKYWING CT. TO END,2010,31900,0.0700000003,M,YES - multiple acceptance dates; preserved as separate rows,LH-SRC-M6-OC-ROAD-INDEX-LADERA-LIVE,Road acceptance is NOT a certificate of occupancy.
DUSKYWING COURT,TR 16116,16116,2004-05-11,LADERA RANCH,36' E/O TUBEROSE ST. TO END,2329,78995,0.129999995,M,YES - multiple acceptance dates; preserved as separate rows,LH-SRC-M6-OC-ROAD-INDEX-LADERA-LIVE,Road acceptance is NOT a certificate of occupancy.
SACHEM WAY,TR 16116,16116,2004-10-09,LADERA RANCH,47' S/O BARBERRY ST. TO END,3151,205900,0.140000001,M,YES - multiple acceptance dates; preserved as separate rows,LH-SRC-M6-OC-ROAD-INDEX-LADERA-LIVE,Road acceptance is NOT a certificate of occupancy.
AGAPANTHUS STREET,TR 16117,16117,2003-11-18,LADERA RANCH,36' E/O TUBEROSE ST. TO POMEGRANATE ST.,1859,2400,0.0799999982,M,,LH-SRC-M6-OC-ROAD-INDEX-LADERA-LIVE,Road acceptance is NOT a certificate of occupancy.
PINK TRUMPET STREET,TR 16117,16117,2003-11-18,LADERA RANCH,AGAPANTHUS ST. TO END,3041,190005,0.0500000007,M,,LH-SRC-M6-OC-ROAD-INDEX-LADERA-LIVE,Road acceptance is NOT a certificate of occupancy.
POMEGRANATE STREET,TR 16117,16117,2003-11-18,LADERA RANCH,AGAPANTHUS ST. TO END,3047,191050,0.0500000007,M,,LH-SRC-M6-OC-ROAD-INDEX-LADERA-LIVE,Road acceptance is NOT a certificate of occupancy.
CARLISLE COURT,TR 16118,16118,2004-01-27,LADERA RANCH,LANGFORD LN. TO END,2116,51850,0.0299999993,M,,LH-SRC-M6-OC-ROAD-INDEX-LADERA-LIVE,Road acceptance is NOT a certificate of occupancy.
LANGFORD LANE,TR 16118,16118,2004-01-27,LADERA RANCH,35' N/O RANUNCULUS ST. TO END,3688,135000,0.129999995,M,,LH-SRC-M6-OC-ROAD-INDEX-LADERA-LIVE,Road acceptance is NOT a certificate of occupancy.
SHIVELY ROAD,TR 16118,16118,2004-01-27,LADERA RANCH,50' N/O RANUNCULUS ST. TO END,3242,217500,0.119999997,M,,LH-SRC-M6-OC-ROAD-INDEX-LADERA-LIVE,Road acceptance is NOT a certificate of occupancy.
SHIVELY ROAD,TR 16119,16119,2004-02-03,LADERA RANCH,42' S/O RANUNCULUS ST. TO END,3241,217400,0.109999999,M,,LH-SRC-M6-OC-ROAD-INDEX-LADERA-LIVE,Road acceptance is NOT a certificate of occupancy.
LANGFORD LANE,TR 16120,16120,2004-03-09,LADERA RANCH,40' S/O RANUNCULUS ST TO END,2691,135200,0.119999997,M,,LH-SRC-M6-OC-ROAD-INDEX-LADERA-LIVE,Road acceptance is NOT a certificate of occupancy.
RANUNCULUS STREET,TR 16120,16120,2004-03-09,LADERA RANCH,36' SE/O LANGFORD LN. TO END,3089,195380,0.140000001,M,,LH-SRC-M6-OC-ROAD-INDEX-LADERA-LIVE,Road acceptance is NOT a certificate of occupancy.
SCARLET MAPLE DRIVE,TR 16121,16121,2003-11-23,LADERA RANCH,SMOKE TREE DR. N AND S TO ENDS,3211,212100,0.170000002,M,YES - multiple acceptance dates; preserved as separate rows,LH-SRC-M6-OC-ROAD-INDEX-LADERA-LIVE,Road acceptance is NOT a certificate of occupancy.
SMOKE TREE DRIVE,TR 16121,16121,2004-11-23,LADERA RANCH,46' E/O HYDRANGEA ST. TO END,3291,221850,0.180000007,M,YES - multiple acceptance dates; preserved as separate rows,LH-SRC-M6-OC-ROAD-INDEX-LADERA-LIVE,Road acceptance is NOT a certificate of occupancy.
CAMERONS WAY,TR 16122,16122,2004-03-09,LADERA RANCH,35' E/O SMOKE TREE DR. TO CRAFTSBURY PL.,2108,47700,0.0500000007,M,,LH-SRC-M6-OC-ROAD-INDEX-LADERA-LIVE,Road acceptance is NOT a certificate of occupancy.
CRAFTSBURY PLACE,TR 16122,16122,2004-03-09,LADERA RANCH,CAMERONS WAY  N'LY AND S'LY TO ENDS,2242,66900,0.170000002,M,,LH-SRC-M6-OC-ROAD-INDEX-LADERA-LIVE,Road acceptance is NOT a certificate of occupancy.
AMARYLLIS STREET,TR 16155,16155,2004-10-19,LADERA RANCH,SKLAR ST. TO TRUMPET VINE ST.,1907,16130,0.0399999991,M,,LH-SRC-M6-OC-ROAD-INDEX-LADERA-LIVE,Road acceptance is NOT a certificate of occupancy.
AVENDALE BOULEVARD,TR 16155,16155,2004-10-19,LADERA RANCH,SELLAS ROAD NORTH TO 60' W/O ANTONIO PKWY.,1946,20500,0.230000004,M,,LH-SRC-M6-OC-ROAD-INDEX-LADERA-LIVE,Road acceptance is NOT a certificate of occupancy.
BELLFLOWER STREET,TR 16155,16155,2004-10-19,LADERA RANCH,SNAPDRAGON ST. TO TETHERMOON LN.,1977,27050,0.0599999987,M,,LH-SRC-M6-OC-ROAD-INDEX-LADERA-LIVE,Road acceptance is NOT a certificate of occupancy.
DELPHINIUM STREET,TR 16155,16155,2004-10-19,LADERA RANCH,TRUMPET VINE ST. TO SELLAS ROAD NORTH,2307,75500,0.0399999991,M,,LH-SRC-M6-OC-ROAD-INDEX-LADERA-LIVE,Road acceptance is NOT a certificate of occupancy.
GLOXINIA STREET,TR 16155,16155,2004-10-19,LADERA RANCH,SKLAR ST. TO TRUMPET VINE ST.,2480,103025,0.0399999991,M,,LH-SRC-M6-OC-ROAD-INDEX-LADERA-LIVE,Road acceptance is NOT a certificate of occupancy.
IRISH MOSS STREET,TR 16155,16155,2004-10-19,LADERA RANCH,SKLAR ST. TO AMY WAY,2598,117515,0.0700000003,M,,LH-SRC-M6-OC-ROAD-INDEX-LADERA-LIVE,Road acceptance is NOT a certificate of occupancy.
SELLAS ROAD NORTH,TR 16155,16155,2004-10-19,LADERA RANCH,52' S/O AVENDALE BLVD. TO 71' W/O SIENNA PKWY.,3217,213700,0.340000004,M,,LH-SRC-M6-OC-ROAD-INDEX-LADERA-LIVE,Road acceptance is NOT a certificate of occupancy.
SIENNA PARKWAY,TR 16155,16155,2004-10-19,LADERA RANCH,96' S/O WINDMILL AVE. TO 86' S/O SELLAS ROAD NORTH,3245,217683,0.239999995,M,,LH-SRC-M6-OC-ROAD-INDEX-LADERA-LIVE,Road acceptance is NOT a certificate of occupancy.
SKLAR STREET,TR 16155,16155,2004-10-19,LADERA RANCH,54' S/O AVENDALE BLVD. TO SNAPDRAGON ST.,3272,220778,0.300000012,M,,LH-SRC-M6-OC-ROAD-INDEX-LADERA-LIVE,Road acceptance is NOT a certificate of occupancy.
SNAPDRAGON STREET,TR 16155,16155,2004-10-19,LADERA RANCH,34' S/O WINDMILL AVE. TO SELLAS ROAD NORTH,3294,221985,0.370000005,M,,LH-SRC-M6-OC-ROAD-INDEX-LADERA-LIVE,Road acceptance is NOT a certificate of occupancy.
SWEET PEA STREET,TR 16155,16155,2004-10-19,LADERA RANCH,SNAPDRAGON ST. TO TETHERMOON LN.,3342,230510,0.0700000003,M,,LH-SRC-M6-OC-ROAD-INDEX-LADERA-LIVE,Road acceptance is NOT a certificate of occupancy.
TRUMPET VINE STREET,TR 16155,16155,2004-10-19,LADERA RANCH,AMARYLLIS ST. TO GLOXINIA ST.,3404,237180,0.0599999987,M,,LH-SRC-M6-OC-ROAD-INDEX-LADERA-LIVE,Road acceptance is NOT a certificate of occupancy.
HYDRANGEA STREET,TR 16156,16156,2004-10-19,LADERA RANCH,30' W/O SELLAS RD.SOUTH TO 36' S/O O'NEILL DR.,2593,116800,0.340000004,M,,LH-SRC-M6-OC-ROAD-INDEX-LADERA-LIVE,Road acceptance is NOT a certificate of occupancy.
ONEILL DRIVE,TR 16156,16156,2004-10-19,LADERA RANCH,45' W/O HYDRANGEA ST. TO 60'E/O ANTONIO PKWY.,2970,175388,0.219999999,M,,LH-SRC-M6-OC-ROAD-INDEX-LADERA-LIVE,Road acceptance is NOT a certificate of occupancy.
RANUNCULUS STREET,TR 16156,16156,2004-10-19,LADERA RANCH,SKLAR TO 36' SE/O LANGFORD LN.,3088,195325,0.100000001,M,,LH-SRC-M6-OC-ROAD-INDEX-LADERA-LIVE,Road acceptance is NOT a certificate of occupancy.
SELLAS ROAD SOUTH,TR 16156,16156,2004-10-19,LADERA RANCH,49' S/O HYDRANGEA ST.TO 52' S/O AVENDALE BLVD.,3219,213525,0.219999999,M,,LH-SRC-M6-OC-ROAD-INDEX-LADERA-LIVE,Road acceptance is NOT a certificate of occupancy.
SKLAR STREET,TR 16156,16156,2004-10-19,LADERA RANCH,HYDRANGEA ST.TO 54' S/O AVENDALE BLVD.,3271,220735,0.280000001,M,,LH-SRC-M6-OC-ROAD-INDEX-LADERA-LIVE,Road acceptance is NOT a certificate of occupancy.
ABELIA STREET,TR 16157,16157,2004-10-19,LADERA RANCH,STRAWFLOWER ST. TO 30' NW/O OF SELLAS ROAD SOUTH,1848,100,0.0399999991,M,,LH-SRC-M6-OC-ROAD-INDEX-LADERA-LIVE,Road acceptance is NOT a certificate of occupancy.
AVENDALE BOULEVARD,TR 16157,16157,2004-10-19,LADERA RANCH,DAISY STREET NORTH TO 30' W/O SELLAS ROAD SOUTH,1945,20400,0.200000003,M,,LH-SRC-M6-OC-ROAD-INDEX-LADERA-LIVE,Road acceptance is NOT a certificate of occupancy.
DAISY STREET NORTH,TR 16157,16157,2004-10-19,LADERA RANCH,SIENNA PKWY. TO AVENDALE BLVD.,2269,70700,0.109999999,M,,LH-SRC-M6-OC-ROAD-INDEX-LADERA-LIVE,Road acceptance is NOT a certificate of occupancy.
DAISY STREET SOUTH,TR 16157,16157,2004-10-19,LADERA RANCH,AVENDALE BLVD. TO SIENNA PKWY.,6872,70710,0.100000001,M,,LH-SRC-M6-OC-ROAD-INDEX-LADERA-LIVE,Road acceptance is NOT a certificate of occupancy.
GILLY FLOWER STREET,TR 16157,16157,2004-10-19,LADERA RANCH,DAISY ST. SOUTH TO STRAWFLOWER ST.,2468,101975,0.159999996,M,,LH-SRC-M6-OC-ROAD-INDEX-LADERA-LIVE,Road acceptance is NOT a certificate of occupancy.
SELLAS ROAD SOUTH,TR 16157,16157,2004-10-19,LADERA RANCH,71' W/O SIENNA PKWY. TO 49' S/O HYDRANGEA ST.,3218,213520,0.189999998,M,,LH-SRC-M6-OC-ROAD-INDEX-LADERA-LIVE,Road acceptance is NOT a certificate of occupancy.
SIENNA PARKWAY,TR 16157,16157,2004-10-19,LADERA RANCH,87' S/O SELLAS ROAD NORTH TO 105' S/O SELLAS ROAD SOUTH,3246,217689,0.550000012,M,,LH-SRC-M6-OC-ROAD-INDEX-LADERA-LIVE,Road acceptance is NOT a certificate of occupancy.
STRAWFLOWER STREET,TR 16157,16157,2004-10-19,LADERA RANCH,TRISTANIA ST. TO ABELIA ST.,3328,226100,0.0599999987,M,,LH-SRC-M6-OC-ROAD-INDEX-LADERA-LIVE,Road acceptance is NOT a certificate of occupancy.
TRISTANIA STREET,TR 16157,16157,2004-10-19,LADERA RANCH,STRAWFLOWER ST. TO SELLAS RD. SOUTH,3401,237130,0.0399999991,M,,LH-SRC-M6-OC-ROAD-INDEX-LADERA-LIVE,Road acceptance is NOT a certificate of occupancy.
ZINNIA STREET,TR 16157,16157,2004-10-19,LADERA RANCH,SIENNA PKWY. TO AVENDALE BLVD.,3549,240000,0.239999995,M,,LH-SRC-M6-OC-ROAD-INDEX-LADERA-LIVE,Road acceptance is NOT a certificate of occupancy.
CREIGHTON PLACE,TR 16203,16203,2006-07-18,LADERA RANCH,ONEILL DR. TO UNIVERSITY AVE.,2247,67500,0.109999999,M,,LH-SRC-M6-OC-ROAD-INDEX-LADERA-LIVE,Road acceptance is NOT a certificate of occupancy.
DORRANCE DRIVE,TR 16203,16203,2006-07-18,LADERA RANCH,ONEILL DR. TO 140' SE/O POTTERS BEND,4131,77800,0.219999999,M,,LH-SRC-M6-OC-ROAD-INDEX-LADERA-LIVE,Road acceptance is NOT a certificate of occupancy.
ETON PLACE,TR 16203,16203,2006-07-18,LADERA RANCH,84' SW/O O'NEILL DR. TO UNIVERSITY DR.,2390,89800,0.129999995,M,,LH-SRC-M6-OC-ROAD-INDEX-LADERA-LIVE,Road acceptance is NOT a certificate of occupancy.
ONEILL DRIVE,TR 16203,16203,2006-07-18,LADERA RANCH,46' S/O CECIL PASTURE RD. TO 277'  W/O SIENNA PKWY.,3588,175360,1.02999997,M,,LH-SRC-M6-OC-ROAD-INDEX-LADERA-LIVE,Road acceptance is NOT a certificate of occupancy.
UNIVERSITY AVENUE,TR 16203,16203,2006-07-18,LADERA RANCH,46' S/O ETON PL. TO 46' N/O CREIGHTON PL.,3412,237380,0.330000013,M,,LH-SRC-M6-OC-ROAD-INDEX-LADERA-LIVE,Road acceptance is NOT a certificate of occupancy.
CHARDONNAY DRIVE,TR 16234,16234,2005-12-20,LADERA RANCH,28' S/O ROANOKE DR. TO 166' SOUTH,2162,58250,0.0299999993,M,,LH-SRC-M6-OC-ROAD-INDEX-LADERA-LIVE,Road acceptance is NOT a certificate of occupancy.
DORRANCE DRIVE,TR 16234,16234,2005-12-20,LADERA RANCH,77' W/O SIENNA PKWY. TO 779' W/O FALABELLA DR.,2320,77885,0.25999999,M,,LH-SRC-M6-OC-ROAD-INDEX-LADERA-LIVE,Road acceptance is NOT a certificate of occupancy.
FALABELLA DRIVE,TR 16234,16234,2005-12-20,LADERA RANCH,DORRANCE DR. TO 107' W/O HANOVERIAN WAY,2404,92375,0.25,M,,LH-SRC-M6-OC-ROAD-INDEX-LADERA-LIVE,Road acceptance is NOT a certificate of occupancy.
VINEYARD DRIVE,TR 16234,16234,2005-12-20,LADERA RANCH,28' SE/O ROANOKE DR. TO 197' SOUTH,3437,238195,0.0299999993,M,,LH-SRC-M6-OC-ROAD-INDEX-LADERA-LIVE,Road acceptance is NOT a certificate of occupancy.
CLYDESDALE DRIVE,TR 16235,16235,2005-12-20,LADERA RANCH,52' SW/O DORRANCE DR. TO 69' N/O BRYANT CT.,2206,62850,0.219999999,M,,LH-SRC-M6-OC-ROAD-INDEX-LADERA-LIVE,Road acceptance is NOT a certificate of occupancy.
ONEILL DRIVE,TR 16235,16235,2005-12-20,LADERA RANCH,277' W/ TO 61' W/O SIENNA PKWY.,2968,175380,0.0399999991,M,,LH-SRC-M6-OC-ROAD-INDEX-LADERA-LIVE,Road acceptance is NOT a certificate of occupancy.
SIENNA PARKWAY,TR 16235,16235,2005-12-20,LADERA RANCH,64' S  TO 138' S/O O'NEILL DR.,3247,217692,0.00999999978,M,,LH-SRC-M6-OC-ROAD-INDEX-LADERA-LIVE,Road acceptance is NOT a certificate of occupancy.
DOWNING STREET,TR 16236,16236,2004-11-09,LADERA RANCH,PARLIAMENT PL. TO 188' SW/O TUDOR WAY,2323,77996,0.119999997,M,,LH-SRC-M6-OC-ROAD-INDEX-LADERA-LIVE,Road acceptance is NOT a certificate of occupancy.
KINGSWAY DRIVE,TR 16236,16236,2004-11-09,LADERA RANCH,DOWNING ST. TO REGENTS PARK,2656,126185,0.0900000036,M,,LH-SRC-M6-OC-ROAD-INDEX-LADERA-LIVE,Road acceptance is NOT a certificate of occupancy.
PARLIAMENT PLACE,TR 16236,16236,2004-11-09,LADERA RANCH,DOWNING ST. TO END,3020,184600,0.0700000003,M,,LH-SRC-M6-OC-ROAD-INDEX-LADERA-LIVE,Road acceptance is NOT a certificate of occupancy.
REGENTS PARK,TR 16236,16236,2004-11-09,LADERA RANCH,40' W/O CHARDONNAY DR. TO KINGSWAY DR.,3105,198400,0.0900000036,M,,LH-SRC-M6-OC-ROAD-INDEX-LADERA-LIVE,Road acceptance is NOT a certificate of occupancy.
TUDOR WAY,TR 16236,16236,2004-11-09,LADERA RANCH,DOWNING ST. TO REGENTS PARK,3408,237196,0.0900000036,M,,LH-SRC-M6-OC-ROAD-INDEX-LADERA-LIVE,Road acceptance is NOT a certificate of occupancy.
CHARDONNAY DRIVE,TR 16237,16237,2006-08-22,LADERA RANCH,194' S/O ROANOKE DR. TO DOWNING ST.,2161,58200,0.119999997,M,,LH-SRC-M6-OC-ROAD-INDEX-LADERA-LIVE,Road acceptance is NOT a certificate of occupancy.
DOWNING STREET,TR 16237,16237,2006-08-22,LADERA RANCH,46' NW/ CHARDONNAY DR. TO 45' NE/O VINEYARD DR.,2322,77950,0.150000006,M,,LH-SRC-M6-OC-ROAD-INDEX-LADERA-LIVE,Road acceptance is NOT a certificate of occupancy.
SAUVIGNON DRIVE,TR 16237,16237,2006-08-22,LADERA RANCH,CHARDONNAY DR. TO VINEYARD DR.,3208,211925,0.0700000003,M,,LH-SRC-M6-OC-ROAD-INDEX-LADERA-LIVE,Road acceptance is NOT a certificate of occupancy.
VINEYARD DRIVE,TR 16237,16237,2006-08-22,LADERA RANCH,DOWNING LN. TO 71' S/O CALDWELL LN.,3438,238200,0.100000001,M,,LH-SRC-M6-OC-ROAD-INDEX-LADERA-LIVE,Road acceptance is NOT a certificate of occupancy.
CALDWELL LANE,TR 16238,16238,2005-11-08,LADERA RANCH,FALKNER DR. TO 46' E/O VINEYARD DR.,2095,42930,0.109999999,M,,LH-SRC-M6-OC-ROAD-INDEX-LADERA-LIVE,Road acceptance is NOT a certificate of occupancy.
DOWNING STREET,TR 16238,16238,2005-11-08,LADERA RANCH,216' W/O MARKHAM LN. TO FALKNER DR.,3585,77995,0.0799999982,M,,LH-SRC-M6-OC-ROAD-INDEX-LADERA-LIVE,Road acceptance is NOT a certificate of occupancy.
FALKNER DRIVE,TR 16238,16238,2005-11-08,LADERA RANCH,DOWNING ST. TO END,2406,92380,0.159999996,M,,LH-SRC-M6-OC-ROAD-INDEX-LADERA-LIVE,Road acceptance is NOT a certificate of occupancy.
MARKHAM LANE,TR 16238,16238,2005-11-08,LADERA RANCH,DOWNING ST. TO CALDWELL LN.,2819,153050,0.100000001,M,,LH-SRC-M6-OC-ROAD-INDEX-LADERA-LIVE,Road acceptance is NOT a certificate of occupancy.
BAINBRIDGE AVENUE,TR 16240,16240,2004-10-19,LADERA RANCH,MARSTON LN. TO END,1950,21950,0.189999998,M,,LH-SRC-M6-OC-ROAD-INDEX-LADERA-LIVE,Road acceptance is NOT a certificate of occupancy.
MARSTON LANE,TR 16240,16240,2004-10-19,LADERA RANCH,BAINBRIDGE AVE. TO WHIDBEY DR.,2822,153175,0.0700000003,M,,LH-SRC-M6-OC-ROAD-INDEX-LADERA-LIVE,Road acceptance is NOT a certificate of occupancy.
ROYCROFT COURT,TR 16240,16240,2004-10-19,LADERA RANCH,BAINBRIDGE AVE. TO END,3143,204850,0.0399999991,M,,LH-SRC-M6-OC-ROAD-INDEX-LADERA-LIVE,Road acceptance is NOT a certificate of occupancy.
SYLVANOAK WAY,TR 16240,16240,2004-10-19,LADERA RANCH,46' SE/O FALABELLA DR. TO MARSTON LN.,3347,231300,0.0199999996,M,,LH-SRC-M6-OC-ROAD-INDEX-LADERA-LIVE,Road acceptance is NOT a certificate of occupancy.
WHIDBEY DRIVE,TR 16240,16240,2004-10-19,LADERA RANCH,MARSTON LN. TO BAINBRIDGE AVE.,3491,238790,0.0799999982,M,,LH-SRC-M6-OC-ROAD-INDEX-LADERA-LIVE,Road acceptance is NOT a certificate of occupancy.
ARDENNES DRIVE,TR 16241,16241,2006-08-22,LADERA RANCH,FALABELLA DR. TO HANOVERIAN WY.,1926,17800,0.100000001,M,,LH-SRC-M6-OC-ROAD-INDEX-LADERA-LIVE,Road acceptance is NOT a certificate of occupancy.
FALABELLA DRIVE,TR 16241,16241,2006-08-22,LADERA RANCH,107'  W/O HANOVERIAN WY. TO ARDENNES DR.,2405,92378,0.140000001,M,,LH-SRC-M6-OC-ROAD-INDEX-LADERA-LIVE,Road acceptance is NOT a certificate of occupancy.
HANOVERIAN WAY,TR 16241,16241,2006-08-22,LADERA RANCH,FALABELLA DR. TO ARDENNES DR.,2509,107500,0.0399999991,M,,LH-SRC-M6-OC-ROAD-INDEX-LADERA-LIVE,Road acceptance is NOT a certificate of occupancy.
BAUDIN CIRCLE,TR 16242,16242,2005-05-17,LADERA RANCH,DE LEON LN. TO END,1971,25650,0.119999997,M,,LH-SRC-M6-OC-ROAD-INDEX-LADERA-LIVE,Road acceptance is NOT a certificate of occupancy.
DE LEON LANE,TR 16242,16242,2005-05-17,LADERA RANCH,44' W/O FALABELLA DR. TO END,2289,72900,0.0599999987,M,,LH-SRC-M6-OC-ROAD-INDEX-LADERA-LIVE,Road acceptance is NOT a certificate of occupancy.
SAINT BRIDE WAY,TR 16243,16243,2004-11-09,LADERA RANCH,44' W/O CLYDESDALE DR. TO ST. JUST AVE.,3158,206270,0.0500000007,M,,LH-SRC-M6-OC-ROAD-INDEX-LADERA-LIVE,Road acceptance is NOT a certificate of occupancy.
SAINT GILES COURT,TR 16243,16243,2004-11-09,LADERA RANCH,ST. IVES WAY TO END,3160,206300,0.0500000007,M,,LH-SRC-M6-OC-ROAD-INDEX-LADERA-LIVE,Road acceptance is NOT a certificate of occupancy.
SAINT IVES WAY,TR 16243,16243,2004-11-09,LADERA RANCH,58' SW/O DORRANCE DR. TO ST. JUST AVE.,3161,206305,0.0700000003,M,,LH-SRC-M6-OC-ROAD-INDEX-LADERA-LIVE,Road acceptance is NOT a certificate of occupancy.
SAINT JUST AVENUE,TR 16243,16243,2004-11-09,LADERA RANCH,ST. IVES WY.  N AND S TO ENDS,3164,206340,0.189999998,M,,LH-SRC-M6-OC-ROAD-INDEX-LADERA-LIVE,Road acceptance is NOT a certificate of occupancy.
SAINT STEVEN COURT,TR 16243,16243,2004-11-09,LADERA RANCH,ST. BRIDE WY. TO END,3167,206390,0.0599999987,M,,LH-SRC-M6-OC-ROAD-INDEX-LADERA-LIVE,Road acceptance is NOT a certificate of occupancy.
ABYSSINIAN WAY,TR 16244,16244,2006-09-12,LADERA RANCH,45' NE/O TO 48' SE/O CLYDESDALE DR.,1850,175,0.189999998,M,,LH-SRC-M6-OC-ROAD-INDEX-LADERA-LIVE,Road acceptance is NOT a certificate of occupancy.
COUSTEAU LANE,TR 16245,16245,2005-05-17,LADERA RANCH,39' W/O CLYDESDALE DR. TO END,2231,66350,0.170000002,M,,LH-SRC-M6-OC-ROAD-INDEX-LADERA-LIVE,Road acceptance is NOT a certificate of occupancy.
LA SALLE LANE,TR 16245,16245,2005-05-17,LADERA RANCH,COUSTEAU LN. N'LY AND S'LY TO ENDS,2682,132000,0.209999993,M,,LH-SRC-M6-OC-ROAD-INDEX-LADERA-LIVE,Road acceptance is NOT a certificate of occupancy.
PAPETTE CIRCLE,TR 16245,16245,2005-05-17,LADERA RANCH,COUSTEAU LN. TO END,3016,183995,0.0399999991,M,,LH-SRC-M6-OC-ROAD-INDEX-LADERA-LIVE,Road acceptance is NOT a certificate of occupancy.
BRYANT COURT,TR 16246,16246,2005-11-08,LADERA RANCH,CLYDESDALE DR. TO END,2074,40450,0.0500000007,M,,LH-SRC-M6-OC-ROAD-INDEX-LADERA-LIVE,Road acceptance is NOT a certificate of occupancy.
CLYDESDALE DRIVE,TR 16246,16246,2005-11-08,LADERA RANCH,69' N/O BRYANT CT. TO END(CDS),2207,62855,0.180000007,M,,LH-SRC-M6-OC-ROAD-INDEX-LADERA-LIVE,Road acceptance is NOT a certificate of occupancy.
CURTIS LANE,TR 16246,16246,2005-11-08,LADERA RANCH,CLYDESDALE DR. TO HALLCREST DR.,2268,69669,0.0599999987,M,,LH-SRC-M6-OC-ROAD-INDEX-LADERA-LIVE,Road acceptance is NOT a certificate of occupancy.
HALLCREST DRIVE,TR 16246,16246,2005-11-08,LADERA RANCH,CURTIS LN. TO END,2504,107200,0.200000003,M,,LH-SRC-M6-OC-ROAD-INDEX-LADERA-LIVE,Road acceptance is NOT a certificate of occupancy.
TALBOTT COURT,TR 16246,16246,2005-11-08,LADERA RANCH,CLYDESDALE DR. TO END,3659,231900,0.0599999987,M,,LH-SRC-M6-OC-ROAD-INDEX-LADERA-LIVE,Road acceptance is NOT a certificate of occupancy.
CERNER COURT,TR 16247,16247,2005-04-12,LADERA RANCH,ELLISTON DR. TO N AND S TO ENDS,2142,56000,0.0900000036,M,,LH-SRC-M6-OC-ROAD-INDEX-LADERA-LIVE,Road acceptance is NOT a certificate of occupancy.
ELLISTON DRIVE,TR 16247,16247,2005-04-12,LADERA RANCH,UNIVERSITY AVE. TO CERNER CT.,2355,86250,0.0500000007,M,,LH-SRC-M6-OC-ROAD-INDEX-LADERA-LIVE,Road acceptance is NOT a certificate of occupancy.
UNIVERSITY AVENUE,TR 16247,16247,2005-04-12,LADERA RANCH,45' SE/O ETON PL. TO ELLISTON DR.,3411,237335,0.0299999993,M,,LH-SRC-M6-OC-ROAD-INDEX-LADERA-LIVE,Road acceptance is NOT a certificate of occupancy.
HANCEFORD WAY,TR 16250,16250,2005-04-12,LADERA RANCH,LONGFIELD LN. TO UNIVERSITY AVE.,2508,107480,0.0799999982,M,,LH-SRC-M6-OC-ROAD-INDEX-LADERA-LIVE,Road acceptance is NOT a certificate of occupancy.
LONGFIELD LANE,TR 16250,16250,2005-04-12,LADERA RANCH,43' S/O HANCEFORD WY. TO MAITLAND RD.,2765,143794,0.0599999987,M,,LH-SRC-M6-OC-ROAD-INDEX-LADERA-LIVE,Road acceptance is NOT a certificate of occupancy.
MAITLAND ROAD,TR 16250,16250,2005-04-12,LADERA RANCH,LONGFIELD LN. TO UNIVERSITY AVE.,2804,149400,0.0700000003,M,,LH-SRC-M6-OC-ROAD-INDEX-LADERA-LIVE,Road acceptance is NOT a certificate of occupancy.
UNIVERSITY AVENUE,TR 16250,16250,2005-04-12,LADERA RANCH,46' N  TO 413' N/O CREIGHTON PL.,3581,237345,0.0700000003,M,,LH-SRC-M6-OC-ROAD-INDEX-LADERA-LIVE,Road acceptance is NOT a certificate of occupancy.
ETHEREAL STREET,TR 16271,16271,2007-01-23,LADERA RANCH,181' N'LY/O NARROW CANYON RD. TO 179' S/O SIENNA PKWY.,2382,88850,0.0700000003,M,,LH-SRC-M6-OC-ROAD-INDEX-LADERA-LIVE,Road acceptance is NOT a certificate of occupancy.
NARROW CANYON ROAD,TR 16271,16271,2007-01-23,LADERA RANCH,292' S/O CLARIN ST. TO ETHEREAL ST.,2902,165525,0.389999986,M,,LH-SRC-M6-OC-ROAD-INDEX-LADERA-LIVE,Road acceptance is NOT a certificate of occupancy.
AURA LANE,TR 16341,16341,2007-03-27,LADERA RANCH,TRIAD LN. TO 924 ' SW,1944,20380,0.170000002,M,,LH-SRC-M6-OC-ROAD-INDEX-LADERA-LIVE,Road acceptance is NOT a certificate of occupancy.
CLARIN STREET,TR 16341,16341,2007-03-27,LADERA RANCH,NARROW CANYON RD. TO 694' W,2193,61800,0.129999995,M,,LH-SRC-M6-OC-ROAD-INDEX-LADERA-LIVE,Road acceptance is NOT a certificate of occupancy.
ETHEREAL STREET,TR 16341,16341,2007-03-27,LADERA RANCH,179' S/O SIENNA PKWY. TO 835' N/O SIENNA PKWY.,2380,88825,0.189999998,M,,LH-SRC-M6-OC-ROAD-INDEX-LADERA-LIVE,Road acceptance is NOT a certificate of occupancy.
ETON PLACE,TR 16341,16341,2007-03-27,LADERA RANCH,TRIAD LN. TO 84' SW/O  ONEILL DR.,2384,88880,0.0900000036,M,,LH-SRC-M6-OC-ROAD-INDEX-LADERA-LIVE,Road acceptance is NOT a certificate of occupancy.
GAIA LANE,TR 16341,16341,2007-03-27,LADERA RANCH,NARROW CANYON RD. TO TRIAD LN.,2448,99700,0.0900000036,M,,LH-SRC-M6-OC-ROAD-INDEX-LADERA-LIVE,Road acceptance is NOT a certificate of occupancy.
NARROW CANYON ROAD,TR 16341,16341,2007-03-27,LADERA RANCH,46' SW/O ONEILL DR. TO 292' S/O CLARIN ST.,2901,165500,0.689999998,M,,LH-SRC-M6-OC-ROAD-INDEX-LADERA-LIVE,Road acceptance is NOT a certificate of occupancy.
SIENNA PARKWAY,TR 16341,16341,2007-03-27,LADERA RANCH,733'  E TO ETHEREAL ST.,3250,217698,0.140000001,M,,LH-SRC-M6-OC-ROAD-INDEX-LADERA-LIVE,Road acceptance is NOT a certificate of occupancy.
SOL STREET,TR 16341,16341,2007-03-27,LADERA RANCH,ETHEREAL ST. TO 21' NE/O LODEN PASS,3297,221980,0.119999997,M,,LH-SRC-M6-OC-ROAD-INDEX-LADERA-LIVE,Road acceptance is NOT a certificate of occupancy.
TRIAD LANE,TR 16341,16341,2007-03-27,LADERA RANCH,125' NW/O VALMONT WAY TO 159' NW/O GAIA LN.,3399,237075,0.159999996,M,,LH-SRC-M6-OC-ROAD-INDEX-LADERA-LIVE,Road acceptance is NOT a certificate of occupancy.
FALLOW LANE,TR 16342,16342,2007-09-25,LADERA RANCH,FOLIATE WAY TO END,2407,92385,0.0399999991,M,,LH-SRC-M6-OC-ROAD-INDEX-LADERA-LIVE,Road acceptance is NOT a certificate of occupancy.
FOLIATE WAY,TR 16342,16342,2007-09-25,LADERA RANCH,52' N/O AURA LN. TO END,2427,96100,0.170000002,M,,LH-SRC-M6-OC-ROAD-INDEX-LADERA-LIVE,Road acceptance is NOT a certificate of occupancy.
FOLIATE WAY,TR 16342,16342,2007-09-25,LADERA RANCH,51' SW/O AURA LN. TO END,2428,96200,0.109999999,M,,LH-SRC-M6-OC-ROAD-INDEX-LADERA-LIVE,Road acceptance is NOT a certificate of occupancy.
GARDENIA STREET,TR 16346,16346,2007-10-16,LADERA RANCH,SNOW BUSH ST. TO END,2450,99900,0.0900000036,M,,LH-SRC-M6-OC-ROAD-INDEX-LADERA-LIVE,Road acceptance is NOT a certificate of occupancy.
GREVILLEA COURT,TR 16346,16346,2007-10-16,LADERA RANCH,SNOW BUSH ST. TO END,2496,105900,0.0199999996,M,,LH-SRC-M6-OC-ROAD-INDEX-LADERA-LIVE,Road acceptance is NOT a certificate of occupancy.
SNOW BUSH STREET,TR 16346,16346,2007-10-16,LADERA RANCH,41' N/O CLARIN ST. TO END,3295,221990,0.159999996,M,,LH-SRC-M6-OC-ROAD-INDEX-LADERA-LIVE,Road acceptance is NOT a certificate of occupancy.
LODEN PASS,TR 16349,16349,2007-01-23,LADERA RANCH,41' SE/O SOL ST. TO MOCHA LN.,2762,143500,0.159999996,M,,LH-SRC-M6-OC-ROAD-INDEX-LADERA-LIVE,Road acceptance is NOT a certificate of occupancy.
MOCHA LANE,TR 16349,16349,2007-01-23,LADERA RANCH,LODEN PASS TO END,2878,160380,0.0700000003,M,,LH-SRC-M6-OC-ROAD-INDEX-LADERA-LIVE,Road acceptance is NOT a certificate of occupancy.
PATINA LANE,TR 16349,16349,2007-01-23,LADERA RANCH,LODEN PASS TO END,3022,185210,0.0500000007,M,,LH-SRC-M6-OC-ROAD-INDEX-LADERA-LIVE,Road acceptance is NOT a certificate of occupancy.
SUGARCANE LANE,TR 16349,16349,2007-01-23,LADERA RANCH,LODEN PASS TO END,3331,228415,0.0399999991,M,,LH-SRC-M6-OC-ROAD-INDEX-LADERA-LIVE,Road acceptance is NOT a certificate of occupancy.
TAFFETA LANE,TR 16349,16349,2007-01-23,LADERA RANCH,LODEN PASS TO END,3350,231600,0.0599999987,M,,LH-SRC-M6-OC-ROAD-INDEX-LADERA-LIVE,Road acceptance is NOT a certificate of occupancy.
CALLIANDRA STREET,TR 16351,16351,2007-07-31,LADERA RANCH,SNOW BUSH ST. TO END,3595,44500,0.0700000003,M,,LH-SRC-M6-OC-ROAD-INDEX-LADERA-LIVE,Road acceptance is NOT a certificate of occupancy.
SEA GRAPE ROAD,TR 16351,16351,2007-07-31,LADERA RANCH,SNOW BUSH STREET TO END,3214,212500,0.0900000036,M,,LH-SRC-M6-OC-ROAD-INDEX-LADERA-LIVE,Road acceptance is NOT a certificate of occupancy.
SNOW BUSH STREET,TR 16351,16351,2007-07-31,LADERA RANCH,41' SE/O CLARIN ST. TO END,3296,221995,0.170000002,M,,LH-SRC-M6-OC-ROAD-INDEX-LADERA-LIVE,Road acceptance is NOT a certificate of occupancy.
COPIOUS LANE,TR 16354,16354,2007-05-15,LADERA RANCH,EPONA WAY TO END,2216,64888,0.0799999982,M,,LH-SRC-M6-OC-ROAD-INDEX-LADERA-LIVE,Road acceptance is NOT a certificate of occupancy.
EPONA WAY,TR 16354,16354,2007-05-15,LADERA RANCH,41' SW/O NARROW CANYON RD. TO END,2366,87470,0.25,M,,LH-SRC-M6-OC-ROAD-INDEX-LADERA-LIVE,Road acceptance is NOT a certificate of occupancy.
GALORA LANE,TR 16354,16354,2007-05-15,LADERA RANCH,EPONA WAY TO END,2449,99790,0.0599999987,M,,LH-SRC-M6-OC-ROAD-INDEX-LADERA-LIVE,Road acceptance is NOT a certificate of occupancy.
ILLUMINATA LANE,TR 16354,16354,2007-05-15,LADERA RANCH,EPONA WAY TO END,2594,117050,0.0500000007,M,,LH-SRC-M6-OC-ROAD-INDEX-LADERA-LIVE,Road acceptance is NOT a certificate of occupancy.
CITRUS LANE,TR 16355,16355,2006-09-12,LADERA RANCH,ETHEREAL ST. TO END,2192,61760,0.0700000003,M,,LH-SRC-M6-OC-ROAD-INDEX-LADERA-LIVE,Road acceptance is NOT a certificate of occupancy.
ETHEREAL STREET,TR 16355,16355,2006-09-12,LADERA RANCH,CITRUS LN. TO 181' N'LY/O MELODY LN.,2381,88835,0.129999995,M,,LH-SRC-M6-OC-ROAD-INDEX-LADERA-LIVE,Road acceptance is NOT a certificate of occupancy.
ETHEREAL STREET (W1/2),TR 16355,16355,2006-09-12,LADERA RANCH,181' N'LY TO 208' N'LY/O MELODY LN.,2383,88840,0.0599999987,M,,LH-SRC-M6-OC-ROAD-INDEX-LADERA-LIVE,Road acceptance is NOT a certificate of occupancy.
LULLABY CIRCLE,TR 16355,16355,2006-09-12,LADERA RANCH,MELODY LN. E AND W TO ENDS,2779,145950,0.0599999987,M,,LH-SRC-M6-OC-ROAD-INDEX-LADERA-LIVE,Road acceptance is NOT a certificate of occupancy.
MELODY LANE,TR 16355,16355,2006-09-12,LADERA RANCH,ETHEREAL ST. TO END,2858,157100,0.0900000036,M,,LH-SRC-M6-OC-ROAD-INDEX-LADERA-LIVE,Road acceptance is NOT a certificate of occupancy.
TANGO LANE,TR 16355,16355,2006-09-12,LADERA RANCH,ETHEREAL ST. TO END,3354,232600,0.0799999982,M,,LH-SRC-M6-OC-ROAD-INDEX-LADERA-LIVE,Road acceptance is NOT a certificate of occupancy.
