id,triggerType,triggerValue,obligation,placeName,statementClass,confidence,sourceIds,sourceLocator,status,limitations
LH-OBL-001,annual,fall,Landowner must submit Annual Monitoring Report to County Administrative Office and Environmental Management Agency,Ladera Ranch,documented_exact,high,LH-SRC-OC-PC,PDF page 5,requirement,"No annual reports have yet been retrieved"
LH-OBL-002,before_area_plan_or_tentative_map,,Landowner must submit a Fiscal Impact Report,Ladera Ranch,documented_exact,high,LH-SRC-OC-PC,PDF page 9,requirement,"Submission and approval records have not yet been retrieved"
LH-OBL-003,before_grading_permit,,Applicant must obtain NPDES coverage and submit required evidence,Ladera Ranch,documented_exact,high,LH-SRC-OC-PC,PDF page 12,requirement,"Requirement does not establish permit issuance or grading date"
LH-OBL-004,before_grading_permit,,Applicant must submit fuel-modification and geotechnical plans or reports,Ladera Ranch,documented_exact,high,LH-SRC-OC-PC,PDF page 15,requirement,"Requirement does not establish permit issuance or grading date"
LH-OBL-005,before_any_building_permit,0,A construction contract must be awarded for either Antonio Parkway or Crown Valley Parkway as a four-lane road to their future intersection,Ladera Ranch,documented_exact,high,LH-SRC-OC-PC,PDF page 18,requirement,"Contract award and road completion dates are not supplied by this condition"
LH-OBL-006,before_building_permits_exceed,2601,Landowner must offer Crown Valley Parkway right-of-way and construction contracts must be awarded for both Antonio and Crown Valley as four-lane roads to their future intersection,Ladera Ranch,documented_exact,high,LH-SRC-OC-PC,PDF page 18,requirement,"Threshold is permitted units rather than sold or occupied homes"
LH-OBL-007,before_building_permits_exceed,5001,Construction contract must be awarded for Antonio Parkway as a six-lane road to Ortega Highway unless an approved traffic study supports four lanes,Ladera Ranch,documented_exact,high,LH-SRC-OC-PC,PDF page 18,requirement,"Condition includes an alternative based on an approved traffic study"
LH-OBL-008,before_building_permits_exceed,5001,Construction contract must be awarded for Crown Valley Parkway as a six-lane road to the Antonio Parkway intersection,Ladera Ranch,documented_exact,high,LH-SRC-OC-PC,PDF page 19,requirement,"Contract award and completion dates remain unresolved"
LH-OBL-009,before_building_permits_exceed,7000,Landowner must enter an agreement identifying how Crown Valley Parkway will be constructed between the eastern planned-community boundary and the Foothill Transportation Corridor,Ladera Ranch,documented_exact,high,LH-SRC-OC-PC,PDF page 19,requirement,"Agreement and construction records remain unresolved"
