builderCandidates,builderProductIds,chronologyStatus,completionUpperBound,confidence,limitations,modelOrSalesOpening,neighborhoodName,neighborhoodPhaseId,officialVillageCode,reviewStatus,sourceIds,village
Taylor Woodrow,LH-PRODUCT-OAK-KNOLL-AMBERLY-LANE,product_level_milestones_available,,medium,"The official directory establishes current naming. Product-level permit or escrow snapshots do not establish the opening, construction, completion, habitability, or occupancy date of every numbered phase.",,Amberly Lane 1,LH-NPH-01-AMBERLY-LANE-1,1,bounded_product_crosswalk,LH-SRC-LARMAC-VILLAGE-1;LH-SRC-ACTIVERAIN-2010,Oak Knoll
Taylor Woodrow,LH-PRODUCT-OAK-KNOLL-AMBERLY-LANE,product_level_milestones_available,,medium,"The official directory establishes current naming. Product-level permit or escrow snapshots do not establish the opening, construction, completion, habitability, or occupancy date of every numbered phase.",,Amberly Lane 2,LH-NPH-01-AMBERLY-LANE-2,1,bounded_product_crosswalk,LH-SRC-LARMAC-VILLAGE-1;LH-SRC-ACTIVERAIN-2010,Oak Knoll
Taylor Woodrow,LH-PRODUCT-OAK-KNOLL-FAIRFIELD,product_level_milestones_available,,medium,"The official directory establishes current naming. Product-level permit or escrow snapshots do not establish the opening, construction, completion, habitability, or occupancy date of every numbered phase.",,Fairfield 1,LH-NPH-01-FAIRFIELD-1,1,bounded_product_crosswalk,LH-SRC-LARMAC-VILLAGE-1;LH-SRC-ACTIVERAIN-2010,Oak Knoll
Taylor Woodrow,LH-PRODUCT-OAK-KNOLL-FAIRFIELD,product_level_milestones_available,,medium,"The official directory establishes current naming. Product-level permit or escrow snapshots do not establish the opening, construction, completion, habitability, or occupancy date of every numbered phase.",,Fairfield 2,LH-NPH-01-FAIRFIELD-2,1,bounded_product_crosswalk,LH-SRC-LARMAC-VILLAGE-1;LH-SRC-ACTIVERAIN-2010,Oak Knoll
,,current_name_and_village_only,,medium,"The official directory establishes current naming. Product-level permit or escrow snapshots do not establish the opening, construction, completion, habitability, or occupancy date of every numbered phase.",,Heritage Park (DMB),LH-NPH-01-HERITAGE-PARK-DMB,1,historical_dates_not_located,LH-SRC-LARMAC-VILLAGE-1,Oak Knoll
William Lyon Homes,LH-PRODUCT-OAK-KNOLL-MAPLEWOOD,product_level_milestones_available,,medium,"The official directory establishes current naming. Product-level permit or escrow snapshots do not establish the opening, construction, completion, habitability, or occupancy date of every numbered phase.",,Maplewood 1,LH-NPH-01-MAPLEWOOD-1,1,bounded_product_crosswalk,LH-SRC-LARMAC-VILLAGE-1;LH-SRC-ACTIVERAIN-2010,Oak Knoll
William Lyon Homes,LH-PRODUCT-OAK-KNOLL-MAPLEWOOD,product_level_milestones_available,,medium,"The official directory establishes current naming. Product-level permit or escrow snapshots do not establish the opening, construction, completion, habitability, or occupancy date of every numbered phase.",,Maplewood 2,LH-NPH-01-MAPLEWOOD-2,1,bounded_product_crosswalk,LH-SRC-LARMAC-VILLAGE-1;LH-SRC-ACTIVERAIN-2010,Oak Knoll
William Lyon Homes,LH-PRODUCT-OAK-KNOLL-PRESCOTT,product_level_milestones_available,,medium,"The official directory establishes current naming. Product-level permit or escrow snapshots do not establish the opening, construction, completion, habitability, or occupancy date of every numbered phase.",,Prescott 1,LH-NPH-01-PRESCOTT-1,1,bounded_product_crosswalk,LH-SRC-LARMAC-VILLAGE-1;LH-SRC-ACTIVERAIN-2010,Oak Knoll
William Lyon Homes,LH-PRODUCT-OAK-KNOLL-PRESCOTT,product_level_milestones_available,,medium,"The official directory establishes current naming. Product-level permit or escrow snapshots do not establish the opening, construction, completion, habitability, or occupancy date of every numbered phase.",,Prescott 2,LH-NPH-01-PRESCOTT-2,1,bounded_product_crosswalk,LH-SRC-LARMAC-VILLAGE-1;LH-SRC-ACTIVERAIN-2010,Oak Knoll
Brookfield Homes,LH-PRODUCT-OAK-KNOLL-SARASOTA,product_level_milestones_available,,medium,"The official directory establishes current naming. Product-level permit or escrow snapshots do not establish the opening, construction, completion, habitability, or occupancy date of every numbered phase.",,Sarasota 1,LH-NPH-01-SARASOTA-1,1,bounded_product_crosswalk,LH-SRC-LARMAC-VILLAGE-1;LH-SRC-ACTIVERAIN-2010,Oak Knoll
Brookfield Homes,LH-PRODUCT-OAK-KNOLL-SARASOTA,product_level_milestones_available,,medium,"The official directory establishes current naming. Product-level permit or escrow snapshots do not establish the opening, construction, completion, habitability, or occupancy date of every numbered phase.",,Sarasota 2,LH-NPH-01-SARASOTA-2,1,bounded_product_crosswalk,LH-SRC-LARMAC-VILLAGE-1;LH-SRC-ACTIVERAIN-2010,Oak Knoll
Shea Homes,LH-PRODUCT-OAK-KNOLL-SHADY-LANE,product_level_milestones_available,,medium,"The official directory establishes current naming. Product-level permit or escrow snapshots do not establish the opening, construction, completion, habitability, or occupancy date of every numbered phase.",,Shady Lane,LH-NPH-01-SHADY-LANE,1,bounded_product_crosswalk,LH-SRC-LARMAC-VILLAGE-1;LH-SRC-ACTIVERAIN-2010,Oak Knoll
Shea Homes,LH-PRODUCT-OAK-KNOLL-SYCAMORE-GROVE,product_level_milestones_available,,medium,"The official directory establishes current naming. Product-level permit or escrow snapshots do not establish the opening, construction, completion, habitability, or occupancy date of every numbered phase.",,Sycamore Grove (S),LH-NPH-01-SYCAMORE-GROVE-S,1,bounded_product_crosswalk,LH-SRC-LARMAC-VILLAGE-1;LH-SRC-ACTIVERAIN-2010,Oak Knoll
,,current_name_and_village_only,,medium,"The official directory establishes current naming. Product-level permit or escrow snapshots do not establish the opening, construction, completion, habitability, or occupancy date of every numbered phase.",,The Trails,LH-NPH-01-THE-TRAILS,1,historical_dates_not_located,LH-SRC-LARMAC-VILLAGE-1,Oak Knoll
,,current_name_and_village_only,,medium,"The official directory establishes current naming. Product-level permit or escrow snapshots do not establish the opening, construction, completion, habitability, or occupancy date of every numbered phase.",,Whispering Creek 1,LH-NPH-01-WHISPERING-CREEK-1,1,historical_dates_not_located,LH-SRC-LARMAC-VILLAGE-1,Oak Knoll
,,current_name_and_village_only,,medium,"The official directory establishes current naming. Product-level permit or escrow snapshots do not establish the opening, construction, completion, habitability, or occupancy date of every numbered phase.",,Whispering Creek 2,LH-NPH-01-WHISPERING-CREEK-2,1,historical_dates_not_located,LH-SRC-LARMAC-VILLAGE-1,Oak Knoll
Brookfield Homes,LH-PRODUCT-OAK-KNOLL-WYETH,product_level_milestones_available,,medium,"The official directory establishes current naming. Product-level permit or escrow snapshots do not establish the opening, construction, completion, habitability, or occupancy date of every numbered phase.",,Wyeth 1,LH-NPH-01-WYETH-1,1,bounded_product_crosswalk,LH-SRC-LARMAC-VILLAGE-1;LH-SRC-ACTIVERAIN-2010,Oak Knoll
Brookfield Homes,LH-PRODUCT-OAK-KNOLL-WYETH,product_level_milestones_available,,medium,"The official directory establishes current naming. Product-level permit or escrow snapshots do not establish the opening, construction, completion, habitability, or occupancy date of every numbered phase.",,Wyeth 2,LH-NPH-01-WYETH-2,1,bounded_product_crosswalk,LH-SRC-LARMAC-VILLAGE-1;LH-SRC-ACTIVERAIN-2010,Oak Knoll
Warmington Homes,LH-PRODUCT-FLINTRIDGE-BELMONT-HILL,product_level_milestones_available,,medium,"The official directory establishes current naming. Product-level permit or escrow snapshots do not establish the opening, construction, completion, habitability, or occupancy date of every numbered phase.",,Belmont Hill 1,LH-NPH-02-BELMONT-HILL-1,2,bounded_product_crosswalk,LH-SRC-LARMAC-VILLAGE-2;LH-SRC-ACTIVERAIN-2010,Flintridge
Warmington Homes,LH-PRODUCT-FLINTRIDGE-BELMONT-HILL,product_level_milestones_available,,medium,"The official directory establishes current naming. Product-level permit or escrow snapshots do not establish the opening, construction, completion, habitability, or occupancy date of every numbered phase.",,Belmont Hill 2,LH-NPH-02-BELMONT-HILL-2,2,bounded_product_crosswalk,LH-SRC-LARMAC-VILLAGE-2;LH-SRC-ACTIVERAIN-2010,Flintridge
John Laing Homes,LH-PRODUCT-FLINTRIDGE-CHIMNEY-CORNERS,product_level_milestones_available,,medium,"The official directory establishes current naming. Product-level permit or escrow snapshots do not establish the opening, construction, completion, habitability, or occupancy date of every numbered phase.",,Chimney Corners 1,LH-NPH-02-CHIMNEY-CORNERS-1,2,bounded_product_crosswalk,LH-SRC-LARMAC-VILLAGE-2;LH-SRC-ACTIVERAIN-2010,Flintridge
John Laing Homes,LH-PRODUCT-FLINTRIDGE-CHIMNEY-CORNERS,product_level_milestones_available,,medium,"The official directory establishes current naming. Product-level permit or escrow snapshots do not establish the opening, construction, completion, habitability, or occupancy date of every numbered phase.",,Chimney Corners 2,LH-NPH-02-CHIMNEY-CORNERS-2,2,bounded_product_crosswalk,LH-SRC-LARMAC-VILLAGE-2;LH-SRC-ACTIVERAIN-2010,Flintridge
Centex Homes,LH-PRODUCT-FLINTRIDGE-CLIFTON-HEIGHTS,product_level_milestones_available,,medium,"The official directory establishes current naming. Product-level permit or escrow snapshots do not establish the opening, construction, completion, habitability, or occupancy date of every numbered phase.",,Clifton Heights 1,LH-NPH-02-CLIFTON-HEIGHTS-1,2,bounded_product_crosswalk,LH-SRC-LARMAC-VILLAGE-2;LH-SRC-ACTIVERAIN-2010,Flintridge
Centex Homes,LH-PRODUCT-FLINTRIDGE-CLIFTON-HEIGHTS,product_level_milestones_available,,medium,"The official directory establishes current naming. Product-level permit or escrow snapshots do not establish the opening, construction, completion, habitability, or occupancy date of every numbered phase.",,Clifton Heights 2,LH-NPH-02-CLIFTON-HEIGHTS-2,2,bounded_product_crosswalk,LH-SRC-LARMAC-VILLAGE-2;LH-SRC-ACTIVERAIN-2010,Flintridge
William Lyon Homes,LH-PRODUCT-FLINTRIDGE-HAMPTON-ROAD,product_level_milestones_available,,medium,"The official directory establishes current naming. Product-level permit or escrow snapshots do not establish the opening, construction, completion, habitability, or occupancy date of every numbered phase.",,Hampton Road 1,LH-NPH-02-HAMPTON-ROAD-1,2,bounded_product_crosswalk,LH-SRC-LARMAC-VILLAGE-2;LH-SRC-ACTIVERAIN-2010,Flintridge
William Lyon Homes,LH-PRODUCT-FLINTRIDGE-HAMPTON-ROAD,product_level_milestones_available,,medium,"The official directory establishes current naming. Product-level permit or escrow snapshots do not establish the opening, construction, completion, habitability, or occupancy date of every numbered phase.",,Hampton Road 2,LH-NPH-02-HAMPTON-ROAD-2,2,bounded_product_crosswalk,LH-SRC-LARMAC-VILLAGE-2;LH-SRC-ACTIVERAIN-2010,Flintridge
,,current_name_and_village_only,,medium,"The official directory establishes current naming. Product-level permit or escrow snapshots do not establish the opening, construction, completion, habitability, or occupancy date of every numbered phase.",,Heritage Square (DMB),LH-NPH-02-HERITAGE-SQUARE-DMB,2,historical_dates_not_located,LH-SRC-LARMAC-VILLAGE-2,Flintridge
,,current_name_and_village_only,,medium,"The official directory establishes current naming. Product-level permit or escrow snapshots do not establish the opening, construction, completion, habitability, or occupancy date of every numbered phase.",,Laurel Canyon Apts (DMB),LH-NPH-02-LAUREL-CANYON-APTS-DMB,2,historical_dates_not_located,LH-SRC-LARMAC-VILLAGE-2,Flintridge
,,current_name_and_village_only,,medium,"The official directory establishes current naming. Product-level permit or escrow snapshots do not establish the opening, construction, completion, habitability, or occupancy date of every numbered phase.",,Lexington 1,LH-NPH-02-LEXINGTON-1,2,historical_dates_not_located,LH-SRC-LARMAC-VILLAGE-2,Flintridge
William Lyon Homes,LH-PRODUCT-FLINTRIDGE-RESTON,product_level_milestones_available,,medium,"The official directory establishes current naming. Product-level permit or escrow snapshots do not establish the opening, construction, completion, habitability, or occupancy date of every numbered phase.",,Reston 1,LH-NPH-02-RESTON-1,2,bounded_product_crosswalk,LH-SRC-LARMAC-VILLAGE-2;LH-SRC-ACTIVERAIN-2010,Flintridge
William Lyon Homes,LH-PRODUCT-FLINTRIDGE-RESTON,product_level_milestones_available,,medium,"The official directory establishes current naming. Product-level permit or escrow snapshots do not establish the opening, construction, completion, habitability, or occupancy date of every numbered phase.",,Reston 2,LH-NPH-02-RESTON-2,2,bounded_product_crosswalk,LH-SRC-LARMAC-VILLAGE-2;LH-SRC-ACTIVERAIN-2010,Flintridge
William Lyon Homes,LH-PRODUCT-FLINTRIDGE-RESTON,product_level_milestones_available,,medium,"The official directory establishes current naming. Product-level permit or escrow snapshots do not establish the opening, construction, completion, habitability, or occupancy date of every numbered phase.",,Reston 3,LH-NPH-02-RESTON-3,2,bounded_product_crosswalk,LH-SRC-LARMAC-VILLAGE-2;LH-SRC-ACTIVERAIN-2010,Flintridge
,,current_name_and_village_only,,medium,"The official directory establishes current naming. Product-level permit or escrow snapshots do not establish the opening, construction, completion, habitability, or occupancy date of every numbered phase.",,Reston 4,LH-NPH-02-RESTON-4,2,historical_dates_not_located,LH-SRC-LARMAC-VILLAGE-2,Flintridge
,,current_name_and_village_only,,medium,"The official directory establishes current naming. Product-level permit or escrow snapshots do not establish the opening, construction, completion, habitability, or occupancy date of every numbered phase.",,Tamarind,LH-NPH-02-TAMARIND,2,historical_dates_not_located,LH-SRC-LARMAC-VILLAGE-2,Flintridge
,,current_name_and_village_only,,medium,"The official directory establishes current naming. Product-level permit or escrow snapshots do not establish the opening, construction, completion, habitability, or occupancy date of every numbered phase.",,Tattershall,LH-NPH-02-TATTERSHALL,2,historical_dates_not_located,LH-SRC-LARMAC-VILLAGE-2,Flintridge
Greystone,LH-PRODUCT-TOWNSHIP-ALDENHOUSE,product_level_milestones_available,,medium,"The official directory establishes current naming. Product-level permit or escrow snapshots do not establish the opening, construction, completion, habitability, or occupancy date of every numbered phase.",,Aldenhouse (S),LH-NPH-03-ALDENHOUSE-S,3,bounded_product_crosswalk,LH-SRC-LARMAC-VILLAGE-3;LH-SRC-ACTIVERAIN-2010,Township
K. Hovnanian,LH-PRODUCT-TOWNSHIP-THE-GABLES,product_level_milestones_available,,medium,"The official directory establishes current naming. Product-level permit or escrow snapshots do not establish the opening, construction, completion, habitability, or occupancy date of every numbered phase.",,The Gables 1,LH-NPH-03-THE-GABLES-1,3,bounded_product_crosswalk,LH-SRC-LARMAC-VILLAGE-3;LH-SRC-ACTIVERAIN-2010,Township
K. Hovnanian,LH-PRODUCT-TOWNSHIP-THE-GABLES,product_level_milestones_available,,medium,"The official directory establishes current naming. Product-level permit or escrow snapshots do not establish the opening, construction, completion, habitability, or occupancy date of every numbered phase.",,The Gables 2,LH-NPH-03-THE-GABLES-2,3,bounded_product_crosswalk,LH-SRC-LARMAC-VILLAGE-3;LH-SRC-ACTIVERAIN-2010,Township
Centex Homes,LH-PRODUCT-TOWNSHIP-THREE-VINES,product_level_milestones_available,,medium,"The official directory establishes current naming. Product-level permit or escrow snapshots do not establish the opening, construction, completion, habitability, or occupancy date of every numbered phase.",,Three Vines (S),LH-NPH-03-THREE-VINES-S,3,bounded_product_crosswalk,LH-SRC-LARMAC-VILLAGE-3;LH-SRC-ACTIVERAIN-2010,Township
Warmington Homes,LH-PRODUCT-AVENDALE-ASTORIA,product_level_milestones_available,,medium,"The official directory establishes current naming. Product-level permit or escrow snapshots do not establish the opening, construction, completion, habitability, or occupancy date of every numbered phase.",,Astoria 1,LH-NPH-04-ASTORIA-1,4,bounded_product_crosswalk,LH-SRC-LARMAC-VILLAGE-4;LH-SRC-ACTIVERAIN-2010,Avendale
Warmington Homes,LH-PRODUCT-AVENDALE-ASTORIA,product_level_milestones_available,,medium,"The official directory establishes current naming. Product-level permit or escrow snapshots do not establish the opening, construction, completion, habitability, or occupancy date of every numbered phase.",,Astoria 2,LH-NPH-04-ASTORIA-2,4,bounded_product_crosswalk,LH-SRC-LARMAC-VILLAGE-4;LH-SRC-ACTIVERAIN-2010,Avendale
Shea Homes,LH-PRODUCT-AVENDALE-BERKSHIRE,product_level_milestones_available,,medium,"The official directory establishes current naming. Product-level permit or escrow snapshots do not establish the opening, construction, completion, habitability, or occupancy date of every numbered phase.",,Berkshire (S),LH-NPH-04-BERKSHIRE-S,4,bounded_product_crosswalk,LH-SRC-LARMAC-VILLAGE-4;LH-SRC-ACTIVERAIN-2010,Avendale
Standard Pacific Homes,LH-PRODUCT-AVENDALE-CANOPY-LANE,product_level_milestones_available,,medium,"The official directory establishes current naming. Product-level permit or escrow snapshots do not establish the opening, construction, completion, habitability, or occupancy date of every numbered phase.",,Canopy Lane 1,LH-NPH-04-CANOPY-LANE-1,4,bounded_product_crosswalk,LH-SRC-LARMAC-VILLAGE-4;LH-SRC-ACTIVERAIN-2010,Avendale
Standard Pacific Homes,LH-PRODUCT-AVENDALE-CANOPY-LANE,product_level_milestones_available,,medium,"The official directory establishes current naming. Product-level permit or escrow snapshots do not establish the opening, construction, completion, habitability, or occupancy date of every numbered phase.",,Canopy Lane 2,LH-NPH-04-CANOPY-LANE-2,4,bounded_product_crosswalk,LH-SRC-LARMAC-VILLAGE-4;LH-SRC-ACTIVERAIN-2010,Avendale
Standard Pacific Homes,LH-PRODUCT-AVENDALE-CANOPY-LANE,product_level_milestones_available,,medium,"The official directory establishes current naming. Product-level permit or escrow snapshots do not establish the opening, construction, completion, habitability, or occupancy date of every numbered phase.",,Canopy Lane 3,LH-NPH-04-CANOPY-LANE-3,4,bounded_product_crosswalk,LH-SRC-LARMAC-VILLAGE-4;LH-SRC-ACTIVERAIN-2010,Avendale
Warmington,LH-PRODUCT-AVENDALE-CHARLESTON-PLACE,product_level_milestones_available,,medium,"The official directory establishes current naming. Product-level permit or escrow snapshots do not establish the opening, construction, completion, habitability, or occupancy date of every numbered phase.",,Charleston Place 1 (S),LH-NPH-04-CHARLESTON-PLACE-1-S,4,bounded_product_crosswalk,LH-SRC-LARMAC-VILLAGE-4;LH-SRC-ACTIVERAIN-2010,Avendale
,,current_name_and_village_only,,medium,"The official directory establishes current naming. Product-level permit or escrow snapshots do not establish the opening, construction, completion, habitability, or occupancy date of every numbered phase.",,Christopher Homes at Ladera Ranch,LH-NPH-04-CHRISTOPHER-HOMES-AT-LADERA-RANCH,4,historical_dates_not_located,LH-SRC-LARMAC-VILLAGE-4,Avendale
Standard Pacific,LH-PRODUCT-AVENDALE-FRONT-STREET,product_level_milestones_available,,medium,"The official directory establishes current naming. Product-level permit or escrow snapshots do not establish the opening, construction, completion, habitability, or occupancy date of every numbered phase.",,Front Street,LH-NPH-04-FRONT-STREET,4,bounded_product_crosswalk,LH-SRC-LARMAC-VILLAGE-4;LH-SRC-ACTIVERAIN-2010,Avendale
,,current_name_and_village_only,,medium,"The official directory establishes current naming. Product-level permit or escrow snapshots do not establish the opening, construction, completion, habitability, or occupancy date of every numbered phase.",,Greenbrier 1 (S),LH-NPH-04-GREENBRIER-1-S,4,historical_dates_not_located,LH-SRC-LARMAC-VILLAGE-4,Avendale
,,current_name_and_village_only,,medium,"The official directory establishes current naming. Product-level permit or escrow snapshots do not establish the opening, construction, completion, habitability, or occupancy date of every numbered phase.",,Greenbrier 2 (S),LH-NPH-04-GREENBRIER-2-S,4,historical_dates_not_located,LH-SRC-LARMAC-VILLAGE-4,Avendale
,,current_name_and_village_only,,medium,"The official directory establishes current naming. Product-level permit or escrow snapshots do not establish the opening, construction, completion, habitability, or occupancy date of every numbered phase.",,Laurel Glen Apartments (DMB),LH-NPH-04-LAUREL-GLEN-APARTMENTS-DMB,4,historical_dates_not_located,LH-SRC-LARMAC-VILLAGE-4,Avendale
,,current_name_and_village_only,,medium,"The official directory establishes current naming. Product-level permit or escrow snapshots do not establish the opening, construction, completion, habitability, or occupancy date of every numbered phase.",,Laurel Terrance Apartments (DMB),LH-NPH-04-LAUREL-TERRANCE-APARTMENTS-DMB,4,historical_dates_not_located,LH-SRC-LARMAC-VILLAGE-4,Avendale
,,current_name_and_village_only,,medium,"The official directory establishes current naming. Product-level permit or escrow snapshots do not establish the opening, construction, completion, habitability, or occupancy date of every numbered phase.",,Remington Apt. (ING Clarion),LH-NPH-04-REMINGTON-APT-ING-CLARION,4,historical_dates_not_located,LH-SRC-LARMAC-VILLAGE-4,Avendale
Barratt American,LH-PRODUCT-AVENDALE-SAVANNAH,product_level_milestones_available,,medium,"The official directory establishes current naming. Product-level permit or escrow snapshots do not establish the opening, construction, completion, habitability, or occupancy date of every numbered phase.",,Savannah,LH-NPH-04-SAVANNAH,4,bounded_product_crosswalk,LH-SRC-LARMAC-VILLAGE-4;LH-SRC-ACTIVERAIN-2010,Avendale
John Laing Homes,LH-PRODUCT-AVENDALE-ST-MAYS-ROAD,product_level_milestones_available,,medium,"The official directory establishes current naming. Product-level permit or escrow snapshots do not establish the opening, construction, completion, habitability, or occupancy date of every numbered phase.",,St. Mays Road (S),LH-NPH-04-ST-MAYS-ROAD-S,4,bounded_product_crosswalk,LH-SRC-LARMAC-VILLAGE-4;LH-SRC-ACTIVERAIN-2010,Avendale
William Lyon Homes,LH-PRODUCT-AVENDALE-STERLING-GLEN,product_level_milestones_available,,medium,"The official directory establishes current naming. Product-level permit or escrow snapshots do not establish the opening, construction, completion, habitability, or occupancy date of every numbered phase.",,Sterling Glen 1,LH-NPH-04-STERLING-GLEN-1,4,bounded_product_crosswalk,LH-SRC-LARMAC-VILLAGE-4;LH-SRC-ACTIVERAIN-2010,Avendale
William Lyon Homes,LH-PRODUCT-AVENDALE-STERLING-GLEN,product_level_milestones_available,,medium,"The official directory establishes current naming. Product-level permit or escrow snapshots do not establish the opening, construction, completion, habitability, or occupancy date of every numbered phase.",,Sterling Glen 2,LH-NPH-04-STERLING-GLEN-2,4,bounded_product_crosswalk,LH-SRC-LARMAC-VILLAGE-4;LH-SRC-ACTIVERAIN-2010,Avendale
John Laing Homes,LH-PRODUCT-AVENDALE-SUMNERS-WAY,product_level_milestones_available,,medium,"The official directory establishes current naming. Product-level permit or escrow snapshots do not establish the opening, construction, completion, habitability, or occupancy date of every numbered phase.",,Sumners Way 1,LH-NPH-04-SUMNERS-WAY-1,4,bounded_product_crosswalk,LH-SRC-LARMAC-VILLAGE-4;LH-SRC-ACTIVERAIN-2010,Avendale
John Laing Homes,LH-PRODUCT-AVENDALE-SUMNERS-WAY,product_level_milestones_available,,medium,"The official directory establishes current naming. Product-level permit or escrow snapshots do not establish the opening, construction, completion, habitability, or occupancy date of every numbered phase.",,Sumners Way 2,LH-NPH-04-SUMNERS-WAY-2,4,bounded_product_crosswalk,LH-SRC-LARMAC-VILLAGE-4;LH-SRC-ACTIVERAIN-2010,Avendale
Centex Homes,LH-PRODUCT-AVENDALE-TETHER-MOON,product_level_milestones_available,,medium,"The official directory establishes current naming. Product-level permit or escrow snapshots do not establish the opening, construction, completion, habitability, or occupancy date of every numbered phase.",,Tether Moon 1,LH-NPH-04-TETHER-MOON-1,4,bounded_product_crosswalk,LH-SRC-LARMAC-VILLAGE-4;LH-SRC-ACTIVERAIN-2010,Avendale
Centex Homes,LH-PRODUCT-AVENDALE-TETHER-MOON,product_level_milestones_available,,medium,"The official directory establishes current naming. Product-level permit or escrow snapshots do not establish the opening, construction, completion, habitability, or occupancy date of every numbered phase.",,Tether Moon 2,LH-NPH-04-TETHER-MOON-2,4,bounded_product_crosswalk,LH-SRC-LARMAC-VILLAGE-4;LH-SRC-ACTIVERAIN-2010,Avendale
William Lyon Homes,LH-PRODUCT-AVENDALE-WEATHERHAVEN,product_level_milestones_available,,medium,"The official directory establishes current naming. Product-level permit or escrow snapshots do not establish the opening, construction, completion, habitability, or occupancy date of every numbered phase.",,Weatherhaven,LH-NPH-04-WEATHERHAVEN,4,bounded_product_crosswalk,LH-SRC-LARMAC-VILLAGE-4;LH-SRC-ACTIVERAIN-2010,Avendale
Standard Pacific Homes,LH-PRODUCT-AVENDALE-WILLOW-BEND,product_level_milestones_available,,medium,"The official directory establishes current naming. Product-level permit or escrow snapshots do not establish the opening, construction, completion, habitability, or occupancy date of every numbered phase.",,Willow Bend 1,LH-NPH-04-WILLOW-BEND-1,4,bounded_product_crosswalk,LH-SRC-LARMAC-VILLAGE-4;LH-SRC-ACTIVERAIN-2010,Avendale
Standard Pacific Homes,LH-PRODUCT-AVENDALE-WILLOW-BEND,product_level_milestones_available,,medium,"The official directory establishes current naming. Product-level permit or escrow snapshots do not establish the opening, construction, completion, habitability, or occupancy date of every numbered phase.",,Willow Bend 2,LH-NPH-04-WILLOW-BEND-2,4,bounded_product_crosswalk,LH-SRC-LARMAC-VILLAGE-4;LH-SRC-ACTIVERAIN-2010,Avendale
Standard Pacific Homes,LH-PRODUCT-AVENDALE-WILLOW-BEND,product_level_milestones_available,,medium,"The official directory establishes current naming. Product-level permit or escrow snapshots do not establish the opening, construction, completion, habitability, or occupancy date of every numbered phase.",,Willow Bend 3,LH-NPH-04-WILLOW-BEND-3,4,bounded_product_crosswalk,LH-SRC-LARMAC-VILLAGE-4;LH-SRC-ACTIVERAIN-2010,Avendale
Standard Pacific,LH-PRODUCT-COVENANT-HILLS-ALISAL,product_level_milestones_available,2011-12-31,high,"The official directory establishes current naming. Product-level permit or escrow snapshots do not establish the opening, construction, completion, habitability, or occupancy date of every numbered phase.",,Alisal 3,LH-NPH-05-ALISAL-3,5,bounded_product_crosswalk,LH-SRC-LARMAC-VILLAGE-5;LH-SRC-OC-BOND-2006Q4;LH-SRC-OC-BOND-2011Q4,Covenant Hills
Lyon Homes,LH-PRODUCT-COVENANT-HILLS-AMARANTE,product_level_milestones_available,2011-12-31,high,"The official directory establishes current naming. Product-level permit or escrow snapshots do not establish the opening, construction, completion, habitability, or occupancy date of every numbered phase.",,Amarante 1,LH-NPH-05-AMARANTE-1,5,bounded_product_crosswalk,LH-SRC-LARMAC-VILLAGE-5;LH-SRC-OC-BOND-2006Q4;LH-SRC-OC-BOND-2011Q4,Covenant Hills
Lyon Homes,LH-PRODUCT-COVENANT-HILLS-AMARANTE,product_level_milestones_available,2011-12-31,high,"The official directory establishes current naming. Product-level permit or escrow snapshots do not establish the opening, construction, completion, habitability, or occupancy date of every numbered phase.",,Amarante 2,LH-NPH-05-AMARANTE-2,5,bounded_product_crosswalk,LH-SRC-LARMAC-VILLAGE-5;LH-SRC-OC-BOND-2006Q4;LH-SRC-OC-BOND-2011Q4,Covenant Hills
,,current_name_and_village_only,,medium,"The official directory establishes current naming. Product-level permit or escrow snapshots do not establish the opening, construction, completion, habitability, or occupancy date of every numbered phase.",,Amarante II/Bellataire II,LH-NPH-05-AMARANTE-II-BELLATAIRE-II,5,historical_dates_not_located,LH-SRC-LARMAC-VILLAGE-5,Covenant Hills
Warmington Homes,LH-PRODUCT-COVENANT-HILLS-ARBOLEDO,product_level_milestones_available,2011-12-31,high,"The official directory establishes current naming. Product-level permit or escrow snapshots do not establish the opening, construction, completion, habitability, or occupancy date of every numbered phase.",,Arboledo,LH-NPH-05-ARBOLEDO,5,bounded_product_crosswalk,LH-SRC-LARMAC-VILLAGE-5;LH-SRC-OC-BOND-2006Q4;LH-SRC-OC-BOND-2011Q4,Covenant Hills
Lyon Homes,LH-PRODUCT-COVENANT-HILLS-BELLATAIRE,product_level_milestones_available,2011-12-31,high,"The official directory establishes current naming. Product-level permit or escrow snapshots do not establish the opening, construction, completion, habitability, or occupancy date of every numbered phase.",,Bellataire 1,LH-NPH-05-BELLATAIRE-1,5,bounded_product_crosswalk,LH-SRC-LARMAC-VILLAGE-5;LH-SRC-OC-BOND-2006Q4;LH-SRC-OC-BOND-2011Q4,Covenant Hills
Lyon Homes,LH-PRODUCT-COVENANT-HILLS-BELLATAIRE,product_level_milestones_available,2011-12-31,high,"The official directory establishes current naming. Product-level permit or escrow snapshots do not establish the opening, construction, completion, habitability, or occupancy date of every numbered phase.",,Bellataire 2,LH-NPH-05-BELLATAIRE-2,5,bounded_product_crosswalk,LH-SRC-LARMAC-VILLAGE-5;LH-SRC-OC-BOND-2006Q4;LH-SRC-OC-BOND-2011Q4,Covenant Hills
K. Hovnanian,LH-PRODUCT-COVENANT-HILLS-CAPISTRANO,product_level_milestones_available,2011-12-31,high,"The official directory establishes current naming. Product-level permit or escrow snapshots do not establish the opening, construction, completion, habitability, or occupancy date of every numbered phase.",,Capistrano,LH-NPH-05-CAPISTRANO,5,bounded_product_crosswalk,LH-SRC-LARMAC-VILLAGE-5;LH-SRC-OC-BOND-2006Q4;LH-SRC-OC-BOND-2011Q4,Covenant Hills
Centex Homes,LH-PRODUCT-COVENANT-HILLS-CASTELLINA,product_level_milestones_available,2011-12-31,high,"The official directory establishes current naming. Product-level permit or escrow snapshots do not establish the opening, construction, completion, habitability, or occupancy date of every numbered phase.",,Castellina (S),LH-NPH-05-CASTELLINA-S,5,bounded_product_crosswalk,LH-SRC-LARMAC-VILLAGE-5;LH-SRC-OC-BOND-2006Q4;LH-SRC-OC-BOND-2011Q4,Covenant Hills
,,current_name_and_village_only,,medium,"The official directory establishes current naming. Product-level permit or escrow snapshots do not establish the opening, construction, completion, habitability, or occupancy date of every numbered phase.",,Covenant Hills Custom Neighborhood,LH-NPH-05-COVENANT-HILLS-CUSTOM-NEIGHBORHOOD,5,historical_dates_not_located,LH-SRC-LARMAC-VILLAGE-5,Covenant Hills
,,current_name_and_village_only,,medium,"The official directory establishes current naming. Product-level permit or escrow snapshots do not establish the opening, construction, completion, habitability, or occupancy date of every numbered phase.",,Covenant Hills-Tract 15985,LH-NPH-05-COVENANT-HILLS-TRACT-15985,5,historical_dates_not_located,LH-SRC-LARMAC-VILLAGE-5,Covenant Hills
,,current_name_and_village_only,,medium,"The official directory establishes current naming. Product-level permit or escrow snapshots do not establish the opening, construction, completion, habitability, or occupancy date of every numbered phase.",,Covenant Hills-Tract 15988,LH-NPH-05-COVENANT-HILLS-TRACT-15988,5,historical_dates_not_located,LH-SRC-LARMAC-VILLAGE-5,Covenant Hills
,,current_name_and_village_only,,medium,"The official directory establishes current naming. Product-level permit or escrow snapshots do not establish the opening, construction, completion, habitability, or occupancy date of every numbered phase.",,Covenant Hills-Tract 16586,LH-NPH-05-COVENANT-HILLS-TRACT-16586,5,historical_dates_not_located,LH-SRC-LARMAC-VILLAGE-5,Covenant Hills
Pardee,LH-PRODUCT-COVENANT-HILLS-ENCANTADA,product_level_milestones_available,2011-12-31,high,"The official directory establishes current naming. Product-level permit or escrow snapshots do not establish the opening, construction, completion, habitability, or occupancy date of every numbered phase.",,Encantada,LH-NPH-05-ENCANTADA,5,bounded_product_crosswalk,LH-SRC-LARMAC-VILLAGE-5;LH-SRC-OC-BOND-2006Q4;LH-SRC-OC-BOND-2011Q4,Covenant Hills
Standard Pacific,LH-PRODUCT-COVENANT-HILLS-LAS-PIEDRAS,product_level_milestones_available,2011-12-31,high,"The official directory establishes current naming. Product-level permit or escrow snapshots do not establish the opening, construction, completion, habitability, or occupancy date of every numbered phase.",,Las Piedras,LH-NPH-05-LAS-PIEDRAS,5,bounded_product_crosswalk,LH-SRC-LARMAC-VILLAGE-5;LH-SRC-OC-BOND-2006Q4;LH-SRC-OC-BOND-2011Q4,Covenant Hills
Warmington,LH-PRODUCT-COVENANT-HILLS-MERIDEN,product_level_milestones_available,2011-12-31,high,"The official directory establishes current naming. Product-level permit or escrow snapshots do not establish the opening, construction, completion, habitability, or occupancy date of every numbered phase.",,Meriden,LH-NPH-05-MERIDEN,5,bounded_product_crosswalk,LH-SRC-LARMAC-VILLAGE-5;LH-SRC-OC-BOND-2006Q4;LH-SRC-OC-BOND-2011Q4,Covenant Hills
Warmington,LH-PRODUCT-COVENANT-HILLS-MERIDEN,product_level_milestones_available,2011-12-31,high,"The official directory establishes current naming. Product-level permit or escrow snapshots do not establish the opening, construction, completion, habitability, or occupancy date of every numbered phase.",,Meriden 2,LH-NPH-05-MERIDEN-2,5,bounded_product_crosswalk,LH-SRC-LARMAC-VILLAGE-5;LH-SRC-OC-BOND-2006Q4;LH-SRC-OC-BOND-2011Q4,Covenant Hills
Centex Homes,LH-PRODUCT-COVENANT-HILLS-MONTANEZ,product_level_milestones_available,2011-12-31,high,"The official directory establishes current naming. Product-level permit or escrow snapshots do not establish the opening, construction, completion, habitability, or occupancy date of every numbered phase.",,Montanez,LH-NPH-05-MONTANEZ,5,bounded_product_crosswalk,LH-SRC-LARMAC-VILLAGE-5;LH-SRC-OC-BOND-2006Q4;LH-SRC-OC-BOND-2011Q4,Covenant Hills
Laing,LH-PRODUCT-COVENANT-HILLS-SAN-DONATO,product_level_milestones_available,2011-12-31,high,"The official directory establishes current naming. Product-level permit or escrow snapshots do not establish the opening, construction, completion, habitability, or occupancy date of every numbered phase.",,San Donato,LH-NPH-05-SAN-DONATO,5,bounded_product_crosswalk,LH-SRC-LARMAC-VILLAGE-5;LH-SRC-OC-BOND-2006Q4;LH-SRC-OC-BOND-2011Q4,Covenant Hills
Pardee,LH-PRODUCT-COVENANT-HILLS-SEGOVIA,product_level_milestones_available,2011-12-31,high,"The official directory establishes current naming. Product-level permit or escrow snapshots do not establish the opening, construction, completion, habitability, or occupancy date of every numbered phase.",,Segovia,LH-NPH-05-SEGOVIA,5,bounded_product_crosswalk,LH-SRC-LARMAC-VILLAGE-5;LH-SRC-OC-BOND-2006Q4;LH-SRC-OC-BOND-2011Q4,Covenant Hills
Shea Homes,LH-PRODUCT-COVENANT-HILLS-SHERBORNE,product_level_milestones_available,2011-12-31,high,"The official directory establishes current naming. Product-level permit or escrow snapshots do not establish the opening, construction, completion, habitability, or occupancy date of every numbered phase.",,Sherborne 1,LH-NPH-05-SHERBORNE-1,5,bounded_product_crosswalk,LH-SRC-LARMAC-VILLAGE-5;LH-SRC-OC-BOND-2006Q4;LH-SRC-OC-BOND-2011Q4,Covenant Hills
Shea Homes,LH-PRODUCT-COVENANT-HILLS-SHERBORNE,product_level_milestones_available,2011-12-31,high,"The official directory establishes current naming. Product-level permit or escrow snapshots do not establish the opening, construction, completion, habitability, or occupancy date of every numbered phase.",,Sherborne 2,LH-NPH-05-SHERBORNE-2,5,bounded_product_crosswalk,LH-SRC-LARMAC-VILLAGE-5;LH-SRC-OC-BOND-2006Q4;LH-SRC-OC-BOND-2011Q4,Covenant Hills
,,current_name_and_village_only,,medium,"The official directory establishes current naming. Product-level permit or escrow snapshots do not establish the opening, construction, completion, habitability, or occupancy date of every numbered phase.",,Skye Isle 1 & 3,LH-NPH-05-SKYE-ISLE-1-3,5,historical_dates_not_located,LH-SRC-LARMAC-VILLAGE-5,Covenant Hills
K. Hovnanian,LH-PRODUCT-COVENANT-HILLS-SKYE-ISLE,product_level_milestones_available,2011-12-31,high,"The official directory establishes current naming. Product-level permit or escrow snapshots do not establish the opening, construction, completion, habitability, or occupancy date of every numbered phase.",,Skye Isle 2,LH-NPH-05-SKYE-ISLE-2,5,bounded_product_crosswalk,LH-SRC-LARMAC-VILLAGE-5;LH-SRC-OC-BOND-2006Q4;LH-SRC-OC-BOND-2011Q4,Covenant Hills
Richmond American,LH-PRODUCT-TERRAMOR-ARBORAGE,product_level_milestones_available,2006-12-31,high,"The official directory establishes current naming. Product-level permit or escrow snapshots do not establish the opening, construction, completion, habitability, or occupancy date of every numbered phase.",,Arborage 1,LH-NPH-06-ARBORAGE-1,6,bounded_product_crosswalk,LH-SRC-LARMAC-VILLAGE-6;LH-SRC-OC-BOND-2006Q4,Terramor
Richmond American,LH-PRODUCT-TERRAMOR-ARBORAGE,product_level_milestones_available,2006-12-31,high,"The official directory establishes current naming. Product-level permit or escrow snapshots do not establish the opening, construction, completion, habitability, or occupancy date of every numbered phase.",,Arborage 2,LH-NPH-06-ARBORAGE-2,6,bounded_product_crosswalk,LH-SRC-LARMAC-VILLAGE-6;LH-SRC-OC-BOND-2006Q4,Terramor
Standard Pacific,LH-PRODUCT-TERRAMOR-BRANCHES,product_level_milestones_available,,high,"The official directory establishes current naming. Product-level permit or escrow snapshots do not establish the opening, construction, completion, habitability, or occupancy date of every numbered phase.",,Branches (S),LH-NPH-06-BRANCHES-S,6,bounded_product_crosswalk,LH-SRC-LARMAC-VILLAGE-6;LH-SRC-OC-BOND-2006Q4,Terramor
MBK Homes,LH-PRODUCT-TERRAMOR-BRIAR-ROSE,product_level_milestones_available,,high,"The official directory establishes current naming. Product-level permit or escrow snapshots do not establish the opening, construction, completion, habitability, or occupancy date of every numbered phase.",,Briar Rose I (S),LH-NPH-06-BRIAR-ROSE-I-S,6,bounded_product_crosswalk,LH-SRC-LARMAC-VILLAGE-6;LH-SRC-OC-BOND-2006Q4,Terramor
MBK Homes,LH-PRODUCT-TERRAMOR-BRIAR-ROSE,product_level_milestones_available,,high,"The official directory establishes current naming. Product-level permit or escrow snapshots do not establish the opening, construction, completion, habitability, or occupancy date of every numbered phase.",,Briar Rose II (S),LH-NPH-06-BRIAR-ROSE-II-S,6,bounded_product_crosswalk,LH-SRC-LARMAC-VILLAGE-6;LH-SRC-OC-BOND-2006Q4,Terramor
Pulte Homes,LH-PRODUCT-TERRAMOR-CLAIBORNE,product_level_milestones_available,2006-12-31,high,"The official directory establishes current naming. Product-level permit or escrow snapshots do not establish the opening, construction, completion, habitability, or occupancy date of every numbered phase.",,Claiborne,LH-NPH-06-CLAIBORNE,6,bounded_product_crosswalk,LH-SRC-LARMAC-VILLAGE-6;LH-SRC-OC-BOND-2006Q4,Terramor
Pulte Homes,LH-PRODUCT-TERRAMOR-CLAIBORNE,product_level_milestones_available,2006-12-31,high,"The official directory establishes current naming. Product-level permit or escrow snapshots do not establish the opening, construction, completion, habitability, or occupancy date of every numbered phase.",,Claiborne 2,LH-NPH-06-CLAIBORNE-2,6,bounded_product_crosswalk,LH-SRC-LARMAC-VILLAGE-6;LH-SRC-OC-BOND-2006Q4,Terramor
Pardee Homes,LH-PRODUCT-TERRAMOR-EVERGREEN-LADERA,product_level_milestones_available,2006-12-31,high,"The official directory establishes current naming. Product-level permit or escrow snapshots do not establish the opening, construction, completion, habitability, or occupancy date of every numbered phase.",,Evergreen,LH-NPH-06-EVERGREEN,6,bounded_product_crosswalk,LH-SRC-LARMAC-VILLAGE-6;LH-SRC-OC-BOND-2006Q4,Terramor
Pardee Homes,LH-PRODUCT-TERRAMOR-EVERGREEN-LADERA,product_level_milestones_available,2006-12-31,high,"The official directory establishes current naming. Product-level permit or escrow snapshots do not establish the opening, construction, completion, habitability, or occupancy date of every numbered phase.",,Evergreen 2,LH-NPH-06-EVERGREEN-2,6,bounded_product_crosswalk,LH-SRC-LARMAC-VILLAGE-6;LH-SRC-OC-BOND-2006Q4,Terramor
K. Hovnanian,LH-PRODUCT-TERRAMOR-MOSAIC,product_level_milestones_available,2006-12-31,high,"The official directory establishes current naming. Product-level permit or escrow snapshots do not establish the opening, construction, completion, habitability, or occupancy date of every numbered phase.",,Mosaic,LH-NPH-06-MOSAIC,6,bounded_product_crosswalk,LH-SRC-LARMAC-VILLAGE-6;LH-SRC-OC-BOND-2006Q4,Terramor
K. Hovnanian,LH-PRODUCT-TERRAMOR-MOSAIC,product_level_milestones_available,2006-12-31,high,"The official directory establishes current naming. Product-level permit or escrow snapshots do not establish the opening, construction, completion, habitability, or occupancy date of every numbered phase.",,Mosaic 2,LH-NPH-06-MOSAIC-2,6,bounded_product_crosswalk,LH-SRC-LARMAC-VILLAGE-6;LH-SRC-OC-BOND-2006Q4,Terramor
Shea Homes,LH-PRODUCT-TERRAMOR-SEDONA,product_level_milestones_available,2006-12-31,high,"The official directory establishes current naming. Product-level permit or escrow snapshots do not establish the opening, construction, completion, habitability, or occupancy date of every numbered phase.",,Sedona,LH-NPH-06-SEDONA,6,bounded_product_crosswalk,LH-SRC-LARMAC-VILLAGE-6;LH-SRC-OC-BOND-2006Q4,Terramor
Shea Homes,LH-PRODUCT-TERRAMOR-SEDONA,product_level_milestones_available,2006-12-31,high,"The official directory establishes current naming. Product-level permit or escrow snapshots do not establish the opening, construction, completion, habitability, or occupancy date of every numbered phase.",,Sedona 2,LH-NPH-06-SEDONA-2,6,bounded_product_crosswalk,LH-SRC-LARMAC-VILLAGE-6;LH-SRC-OC-BOND-2006Q4,Terramor
Centex Homes,LH-PRODUCT-TERRAMOR-SUTTER-S-MILL,product_level_milestones_available,2006-12-31,high,"The official directory establishes current naming. Product-level permit or escrow snapshots do not establish the opening, construction, completion, habitability, or occupancy date of every numbered phase.",,Sutter's Mill (S),LH-NPH-06-SUTTER-S-MILL-S,6,bounded_product_crosswalk,LH-SRC-LARMAC-VILLAGE-6;LH-SRC-OC-BOND-2006Q4,Terramor
Centex Homes,LH-PRODUCT-TERRAMOR-SUTTER-S-MILL,product_level_milestones_available,2006-12-31,high,"The official directory establishes current naming. Product-level permit or escrow snapshots do not establish the opening, construction, completion, habitability, or occupancy date of every numbered phase.",,Sutter's Mill 1 (S),LH-NPH-06-SUTTER-S-MILL-1-S,6,bounded_product_crosswalk,LH-SRC-LARMAC-VILLAGE-6;LH-SRC-OC-BOND-2006Q4,Terramor
D.R. Horton,LH-PRODUCT-TERRAMOR-TARLETON,product_level_milestones_available,2006-12-31,high,"The official directory establishes current naming. Product-level permit or escrow snapshots do not establish the opening, construction, completion, habitability, or occupancy date of every numbered phase.",,Tarleton,LH-NPH-06-TARLETON,6,bounded_product_crosswalk,LH-SRC-LARMAC-VILLAGE-6;LH-SRC-OC-BOND-2006Q4,Terramor
D.R. Horton,LH-PRODUCT-TERRAMOR-TARLETON,product_level_milestones_available,2006-12-31,high,"The official directory establishes current naming. Product-level permit or escrow snapshots do not establish the opening, construction, completion, habitability, or occupancy date of every numbered phase.",,Tarleton 2,LH-NPH-06-TARLETON-2,6,bounded_product_crosswalk,LH-SRC-LARMAC-VILLAGE-6;LH-SRC-OC-BOND-2006Q4,Terramor
D.R. Horton,LH-PRODUCT-TERRAMOR-VALMONT,product_level_milestones_available,2006-12-31,high,"The official directory establishes current naming. Product-level permit or escrow snapshots do not establish the opening, construction, completion, habitability, or occupancy date of every numbered phase.",,Valmont (S),LH-NPH-06-VALMONT-S,6,bounded_product_crosswalk,LH-SRC-LARMAC-VILLAGE-6;LH-SRC-OC-BOND-2006Q4,Terramor
William Lyon Homes,LH-PRODUCT-TERRAMOR-WALDEN-PARK,product_level_milestones_available,2006-12-31,high,"The official directory establishes current naming. Product-level permit or escrow snapshots do not establish the opening, construction, completion, habitability, or occupancy date of every numbered phase.",,Walden Park,LH-NPH-06-WALDEN-PARK,6,bounded_product_crosswalk,LH-SRC-LARMAC-VILLAGE-6;LH-SRC-OC-BOND-2006Q4,Terramor
William Lyon Homes,LH-PRODUCT-TERRAMOR-WALDEN-PARK,product_level_milestones_available,2006-12-31,high,"The official directory establishes current naming. Product-level permit or escrow snapshots do not establish the opening, construction, completion, habitability, or occupancy date of every numbered phase.",,Walden Park 2,LH-NPH-06-WALDEN-PARK-2,6,bounded_product_crosswalk,LH-SRC-LARMAC-VILLAGE-6;LH-SRC-OC-BOND-2006Q4,Terramor
Shea Homes,LH-PRODUCT-ECHO-RIDGE-ATHERTON-GLEN,product_level_milestones_available,,medium,"The official directory establishes current naming. Product-level permit or escrow snapshots do not establish the opening, construction, completion, habitability, or occupancy date of every numbered phase.",,Atherton Glen (S),LH-NPH-07-ATHERTON-GLEN-S,7,bounded_product_crosswalk,LH-SRC-LARMAC-VILLAGE-7;LH-SRC-ACTIVERAIN-2010,Echo Ridge
Shea Homes,LH-PRODUCT-ECHO-RIDGE-LEXINGTON,product_level_milestones_available,,medium,"The official directory establishes current naming. Product-level permit or escrow snapshots do not establish the opening, construction, completion, habitability, or occupancy date of every numbered phase.",,Lexington 2,LH-NPH-07-LEXINGTON-2,7,bounded_product_crosswalk,LH-SRC-LARMAC-VILLAGE-7;LH-SRC-ACTIVERAIN-2010,Echo Ridge
Shea Homes,LH-PRODUCT-ECHO-RIDGE-LEXINGTON,product_level_milestones_available,,medium,"The official directory establishes current naming. Product-level permit or escrow snapshots do not establish the opening, construction, completion, habitability, or occupancy date of every numbered phase.",,Lexington 3,LH-NPH-07-LEXINGTON-3,7,bounded_product_crosswalk,LH-SRC-LARMAC-VILLAGE-7;LH-SRC-ACTIVERAIN-2010,Echo Ridge
John Laing,LH-PRODUCT-ECHO-RIDGE-POTTERS-BEND,product_level_milestones_available,,medium,"The official directory establishes current naming. Product-level permit or escrow snapshots do not establish the opening, construction, completion, habitability, or occupancy date of every numbered phase.",,Potters Bend,LH-NPH-07-POTTERS-BEND,7,bounded_product_crosswalk,LH-SRC-LARMAC-VILLAGE-7;LH-SRC-ACTIVERAIN-2010,Echo Ridge
MBK Homes,LH-PRODUCT-ECHO-RIDGE-SYLVAN-OAKS,product_level_milestones_available,,medium,"The official directory establishes current naming. Product-level permit or escrow snapshots do not establish the opening, construction, completion, habitability, or occupancy date of every numbered phase.",,Sylvan Oaks,LH-NPH-07-SYLVAN-OAKS,7,bounded_product_crosswalk,LH-SRC-LARMAC-VILLAGE-7;LH-SRC-ACTIVERAIN-2010,Echo Ridge
Standard Pacific Homes,LH-PRODUCT-ECHO-RIDGE-TAMARIND,product_level_milestones_available,,medium,"The official directory establishes current naming. Product-level permit or escrow snapshots do not establish the opening, construction, completion, habitability, or occupancy date of every numbered phase.",,Tamarind,LH-NPH-07-TAMARIND,7,bounded_product_crosswalk,LH-SRC-LARMAC-VILLAGE-7;LH-SRC-ACTIVERAIN-2010,Echo Ridge
Standard Pacific Homes,LH-PRODUCT-ECHO-RIDGE-TAMARIND,product_level_milestones_available,,medium,"The official directory establishes current naming. Product-level permit or escrow snapshots do not establish the opening, construction, completion, habitability, or occupancy date of every numbered phase.",,Tamarind 2,LH-NPH-07-TAMARIND-2,7,bounded_product_crosswalk,LH-SRC-LARMAC-VILLAGE-7;LH-SRC-ACTIVERAIN-2010,Echo Ridge
Centex Homes,LH-PRODUCT-ECHO-RIDGE-TATTERSHALL,product_level_milestones_available,,medium,"The official directory establishes current naming. Product-level permit or escrow snapshots do not establish the opening, construction, completion, habitability, or occupancy date of every numbered phase.",,Tattershall,LH-NPH-07-TATTERSHALL,7,bounded_product_crosswalk,LH-SRC-LARMAC-VILLAGE-7;LH-SRC-ACTIVERAIN-2010,Echo Ridge
Centex Homes,LH-PRODUCT-ECHO-RIDGE-TATTERSHALL,product_level_milestones_available,,medium,"The official directory establishes current naming. Product-level permit or escrow snapshots do not establish the opening, construction, completion, habitability, or occupancy date of every numbered phase.",,Tattershall 2,LH-NPH-07-TATTERSHALL-2,7,bounded_product_crosswalk,LH-SRC-LARMAC-VILLAGE-7;LH-SRC-ACTIVERAIN-2010,Echo Ridge
K Hovnanian,LH-PRODUCT-ECHO-RIDGE-TRAIL-RIDGE,product_level_milestones_available,,medium,"The official directory establishes current naming. Product-level permit or escrow snapshots do not establish the opening, construction, completion, habitability, or occupancy date of every numbered phase.",,Trail Ridge 1,LH-NPH-07-TRAIL-RIDGE-1,7,bounded_product_crosswalk,LH-SRC-LARMAC-VILLAGE-7;LH-SRC-ACTIVERAIN-2010,Echo Ridge
K Hovnanian,LH-PRODUCT-ECHO-RIDGE-TRAIL-RIDGE,product_level_milestones_available,,medium,"The official directory establishes current naming. Product-level permit or escrow snapshots do not establish the opening, construction, completion, habitability, or occupancy date of every numbered phase.",,Trail Ridge 2,LH-NPH-07-TRAIL-RIDGE-2,7,bounded_product_crosswalk,LH-SRC-LARMAC-VILLAGE-7;LH-SRC-ACTIVERAIN-2010,Echo Ridge
Richmond American,LH-PRODUCT-WYCLIFFE-CHESAPEAKE,product_level_milestones_available,,medium,"The official directory establishes current naming. Product-level permit or escrow snapshots do not establish the opening, construction, completion, habitability, or occupancy date of every numbered phase.",,Chesapeake 1,LH-NPH-08-CHESAPEAKE-1,8,bounded_product_crosswalk,LH-SRC-LARMAC-VILLAGE-8;LH-SRC-ACTIVERAIN-2010,Wycliffe
Richmond American,LH-PRODUCT-WYCLIFFE-CHESAPEAKE,product_level_milestones_available,,medium,"The official directory establishes current naming. Product-level permit or escrow snapshots do not establish the opening, construction, completion, habitability, or occupancy date of every numbered phase.",,Chesapeake 2,LH-NPH-08-CHESAPEAKE-2,8,bounded_product_crosswalk,LH-SRC-LARMAC-VILLAGE-8;LH-SRC-ACTIVERAIN-2010,Wycliffe
William Lyon Homes,LH-PRODUCT-WYCLIFFE-DAVENPORT,product_level_milestones_available,,medium,"The official directory establishes current naming. Product-level permit or escrow snapshots do not establish the opening, construction, completion, habitability, or occupancy date of every numbered phase.",,Davenport (S),LH-NPH-08-DAVENPORT-S,8,bounded_product_crosswalk,LH-SRC-LARMAC-VILLAGE-8;LH-SRC-ACTIVERAIN-2010,Wycliffe
,,current_name_and_village_only,,medium,"The official directory establishes current naming. Product-level permit or escrow snapshots do not establish the opening, construction, completion, habitability, or occupancy date of every numbered phase.",,Laurel Vista Apt. (DMB),LH-NPH-08-LAUREL-VISTA-APT-DMB,8,historical_dates_not_located,LH-SRC-LARMAC-VILLAGE-8,Wycliffe
D.R. Horton,LH-PRODUCT-WYCLIFFE-SANSOVINO,product_level_milestones_available,,medium,"The official directory establishes current naming. Product-level permit or escrow snapshots do not establish the opening, construction, completion, habitability, or occupancy date of every numbered phase.",,Sansovino (S),LH-NPH-08-SANSOVINO-S,8,bounded_product_crosswalk,LH-SRC-LARMAC-VILLAGE-8;LH-SRC-ACTIVERAIN-2010,Wycliffe
Barratt Homes,LH-PRODUCT-WYCLIFFE-SURREY-FARM,product_level_milestones_available,,medium,"The official directory establishes current naming. Product-level permit or escrow snapshots do not establish the opening, construction, completion, habitability, or occupancy date of every numbered phase.",,Surrey Farms 1,LH-NPH-08-SURREY-FARMS-1,8,bounded_product_crosswalk,LH-SRC-LARMAC-VILLAGE-8;LH-SRC-ACTIVERAIN-2010,Wycliffe
Barratt Homes,LH-PRODUCT-WYCLIFFE-SURREY-FARM,product_level_milestones_available,,medium,"The official directory establishes current naming. Product-level permit or escrow snapshots do not establish the opening, construction, completion, habitability, or occupancy date of every numbered phase.",,Surrey Farms 2,LH-NPH-08-SURREY-FARMS-2,8,bounded_product_crosswalk,LH-SRC-LARMAC-VILLAGE-8;LH-SRC-ACTIVERAIN-2010,Wycliffe
,,current_name_and_village_only,,medium,"The official directory establishes current naming. Product-level permit or escrow snapshots do not establish the opening, construction, completion, habitability, or occupancy date of every numbered phase.",,Chambray (S),LH-NPH-09-CHAMBRAY-S,10,historical_dates_not_located,LH-SRC-LARMAC-VILLAGE-9,Bridgepark
,,current_name_and_village_only,,medium,"The official directory establishes current naming. Product-level permit or escrow snapshots do not establish the opening, construction, completion, habitability, or occupancy date of every numbered phase.",,Westcott 1,LH-NPH-09-WESTCOTT-1,10,historical_dates_not_located,LH-SRC-LARMAC-VILLAGE-9,Bridgepark
,,current_name_and_village_only,,medium,"The official directory establishes current naming. Product-level permit or escrow snapshots do not establish the opening, construction, completion, habitability, or occupancy date of every numbered phase.",,Westcott 2,LH-NPH-09-WESTCOTT-2,10,historical_dates_not_located,LH-SRC-LARMAC-VILLAGE-9,Bridgepark
