sourceId,dsaApplicationId,pageType,url,localFilePath,bytes,checksumSha256,archiveStatus,retrievalDate,error
LH-SRC-DGS-DSA-TRACKER,04-101335,application_summary,https://www.apps2.dgs.ca.gov/DSA/Tracker/ApplicationSummary.aspx?OriginId=04&AppId=101335,evidence/lhdrs/schools/dsa/chaparral_original_campus_04_101335_application_summary.html,30572,948a5b99f2e56f4da794b7b06bcb40d2fd138ffa3c9bb06b8b5903399af0ca22,retrieved,2026-07-26,
LH-SRC-DGS-DSA-TRACKER,04-101335,field_review_status,https://www.apps2.dgs.ca.gov/DSA/Tracker/FieldReviewStatus.aspx,evidence/lhdrs/schools/dsa/chaparral_original_campus_04_101335_field_review_status.html,18723,41fa38eeef5ba37ca2b2f059ada11d6d738792e82446587e0cd2e42d4fdabbcb,retrieved,2026-07-26,
LH-SRC-DGS-DSA-TRACKER,04-101335,project_certification,https://www.apps2.dgs.ca.gov/DSA/Tracker/ProjectCloseout.aspx,evidence/lhdrs/schools/dsa/chaparral_original_campus_04_101335_project_certification.html,19594,090fb9b274e63228549d5a94e2cb3ad3420669a528cc318f85b6c7d88fc95dba,retrieved,2026-07-26,
LH-SRC-DGS-DSA-TRACKER,04-102435,application_summary,https://www.apps2.dgs.ca.gov/DSA/Tracker/ApplicationSummary.aspx?OriginId=04&AppId=102435,evidence/lhdrs/schools/dsa/ladera_shared_original_campus_04_102435_application_summary.html,30871,90c485fde73691f15504dd9332b0b18cb0037e91db88c1ed08094ed0fbcc0286,retrieved,2026-07-26,
LH-SRC-DGS-DSA-TRACKER,04-102435,field_review_status,https://www.apps2.dgs.ca.gov/DSA/Tracker/FieldReviewStatus.aspx,evidence/lhdrs/schools/dsa/ladera_shared_original_campus_04_102435_field_review_status.html,17371,2fdde2805d0425c6eee667c9a62799f04e3d8e4a8f332e8851e2853d7dd7898b,retrieved,2026-07-26,
LH-SRC-DGS-DSA-TRACKER,04-102435,project_certification,https://www.apps2.dgs.ca.gov/DSA/Tracker/ProjectCloseout.aspx,evidence/lhdrs/schools/dsa/ladera_shared_original_campus_04_102435_project_certification.html,19857,a02fccae0e539ada3659034e36c02e1135548b264f46f4329a82e19bc089aec0,retrieved,2026-07-26,
LH-SRC-DGS-DSA-TRACKER,04-105541,application_summary,https://www.apps2.dgs.ca.gov/DSA/Tracker/ApplicationSummary.aspx?OriginId=04&AppId=105541,evidence/lhdrs/schools/dsa/oso_grande_original_campus_04_105541_application_summary.html,30868,c89bfecd9e07d8fe02e7b5e14f97f7ea5de76befb1d43bf1607a65578e0b1fa7,retrieved,2026-07-26,
LH-SRC-DGS-DSA-TRACKER,04-105541,field_review_status,https://www.apps2.dgs.ca.gov/DSA/Tracker/FieldReviewStatus.aspx,evidence/lhdrs/schools/dsa/oso_grande_original_campus_04_105541_field_review_status.html,17379,d5f2b740a009dd606a8c8321dc549bde5979353312d8d1e6ac816b26998b2b4a,retrieved,2026-07-26,
LH-SRC-DGS-DSA-TRACKER,04-105541,project_certification,https://www.apps2.dgs.ca.gov/DSA/Tracker/ProjectCloseout.aspx,evidence/lhdrs/schools/dsa/oso_grande_original_campus_04_105541_project_certification.html,19644,78853b0ba2eeff3799b78b2d618798d2995465e81a9f1dfb21b2b8cceee8d9d4,retrieved,2026-07-26,
