claimId,supportingObservationCount,independentSourceOrganizationCount,primarySourceCount,contemporarySourceCount,visualSourceCount,conflictingObservationCount,geographicPrecision,temporalPrecision,directness,sourceAuthority,completeness,finalConfidence,confidenceRationale,exhaustionStatus,limitations
LH-CLM-TRACT-15615,1,1,1,0,0,0,tract_polygon,day,direct_observation,official_primary,claim_bounded,high,Counts are based on independent registered source IDs; copies of one source are not counted separately.,authoritative_single_source,The claim is limited to recording and carries no physical-development lifecycle meaning.
LH-CLM-TRACT-15616,1,1,1,0,0,0,tract_polygon,day,direct_observation,official_primary,claim_bounded,high,Counts are based on independent registered source IDs; copies of one source are not counted separately.,authoritative_single_source,The claim is limited to recording and carries no physical-development lifecycle meaning.
LH-CLM-TRACT-15617,1,1,1,0,0,0,tract_polygon,day,direct_observation,official_primary,claim_bounded,high,Counts are based on independent registered source IDs; copies of one source are not counted separately.,authoritative_single_source,The claim is limited to recording and carries no physical-development lifecycle meaning.
LH-CLM-TRACT-15618,1,1,1,0,0,0,tract_polygon,day,direct_observation,official_primary,claim_bounded,high,Counts are based on independent registered source IDs; copies of one source are not counted separately.,authoritative_single_source,The claim is limited to recording and carries no physical-development lifecycle meaning.
LH-CLM-TRACT-15619,1,1,1,0,0,0,tract_polygon,day,direct_observation,official_primary,claim_bounded,high,Counts are based on independent registered source IDs; copies of one source are not counted separately.,authoritative_single_source,The claim is limited to recording and carries no physical-development lifecycle meaning.
LH-CLM-TRACT-15620,1,1,1,0,0,0,tract_polygon,day,direct_observation,official_primary,claim_bounded,high,Counts are based on independent registered source IDs; copies of one source are not counted separately.,authoritative_single_source,The claim is limited to recording and carries no physical-development lifecycle meaning.
LH-CLM-TRACT-15621,1,1,1,0,0,0,tract_polygon,day,direct_observation,official_primary,claim_bounded,high,Counts are based on independent registered source IDs; copies of one source are not counted separately.,authoritative_single_source,The claim is limited to recording and carries no physical-development lifecycle meaning.
LH-CLM-TRACT-15622,1,1,1,0,0,0,tract_polygon,day,direct_observation,official_primary,claim_bounded,high,Counts are based on independent registered source IDs; copies of one source are not counted separately.,authoritative_single_source,The claim is limited to recording and carries no physical-development lifecycle meaning.
LH-CLM-TRACT-15623,1,1,1,0,0,0,tract_polygon,day,direct_observation,official_primary,claim_bounded,high,Counts are based on independent registered source IDs; copies of one source are not counted separately.,authoritative_single_source,The claim is limited to recording and carries no physical-development lifecycle meaning.
LH-CLM-TRACT-15624,1,1,1,0,0,0,tract_polygon,day,direct_observation,official_primary,claim_bounded,high,Counts are based on independent registered source IDs; copies of one source are not counted separately.,authoritative_single_source,The claim is limited to recording and carries no physical-development lifecycle meaning.
LH-CLM-TRACT-15625,1,1,1,0,0,0,tract_polygon,day,direct_observation,official_primary,claim_bounded,high,Counts are based on independent registered source IDs; copies of one source are not counted separately.,authoritative_single_source,The claim is limited to recording and carries no physical-development lifecycle meaning.
LH-CLM-TRACT-15626,1,1,1,0,0,0,tract_polygon,day,direct_observation,official_primary,claim_bounded,high,Counts are based on independent registered source IDs; copies of one source are not counted separately.,authoritative_single_source,The claim is limited to recording and carries no physical-development lifecycle meaning.
LH-CLM-TRACT-15627,1,1,1,0,0,0,tract_polygon,day,direct_observation,official_primary,claim_bounded,high,Counts are based on independent registered source IDs; copies of one source are not counted separately.,authoritative_single_source,The claim is limited to recording and carries no physical-development lifecycle meaning.
LH-CLM-TRACT-15628,1,1,1,0,0,0,tract_polygon,day,direct_observation,official_primary,claim_bounded,high,Counts are based on independent registered source IDs; copies of one source are not counted separately.,authoritative_single_source,The claim is limited to recording and carries no physical-development lifecycle meaning.
LH-CLM-TRACT-15629,1,1,1,0,0,0,tract_polygon,day,direct_observation,official_primary,claim_bounded,high,Counts are based on independent registered source IDs; copies of one source are not counted separately.,authoritative_single_source,The claim is limited to recording and carries no physical-development lifecycle meaning.
LH-CLM-TRACT-15630,1,1,1,0,0,0,tract_polygon,day,direct_observation,official_primary,claim_bounded,high,Counts are based on independent registered source IDs; copies of one source are not counted separately.,authoritative_single_source,The claim is limited to recording and carries no physical-development lifecycle meaning.
LH-CLM-TRACT-15631,1,1,1,0,0,0,tract_polygon,day,direct_observation,official_primary,claim_bounded,high,Counts are based on independent registered source IDs; copies of one source are not counted separately.,authoritative_single_source,The claim is limited to recording and carries no physical-development lifecycle meaning.
LH-CLM-TRACT-15632,1,1,1,0,0,0,tract_polygon,day,direct_observation,official_primary,claim_bounded,high,Counts are based on independent registered source IDs; copies of one source are not counted separately.,authoritative_single_source,The claim is limited to recording and carries no physical-development lifecycle meaning.
LH-CLM-TRACT-15793,1,1,1,0,0,0,tract_polygon,day,direct_observation,official_primary,claim_bounded,high,Counts are based on independent registered source IDs; copies of one source are not counted separately.,authoritative_single_source,The claim is limited to recording and carries no physical-development lifecycle meaning.
LH-CLM-TRACT-15813,1,1,1,0,0,0,tract_polygon,day,direct_observation,official_primary,claim_bounded,high,Counts are based on independent registered source IDs; copies of one source are not counted separately.,authoritative_single_source,The claim is limited to recording and carries no physical-development lifecycle meaning.
LH-CLM-TRACT-15827,1,1,1,0,0,0,tract_polygon,day,direct_observation,official_primary,claim_bounded,high,Counts are based on independent registered source IDs; copies of one source are not counted separately.,authoritative_single_source,The claim is limited to recording and carries no physical-development lifecycle meaning.
LH-CLM-TRACT-15884,1,1,1,0,0,0,tract_polygon,day,direct_observation,official_primary,claim_bounded,high,Counts are based on independent registered source IDs; copies of one source are not counted separately.,authoritative_single_source,The claim is limited to recording and carries no physical-development lifecycle meaning.
LH-CLM-TRACT-15885,1,1,1,0,0,0,tract_polygon,day,direct_observation,official_primary,claim_bounded,high,Counts are based on independent registered source IDs; copies of one source are not counted separately.,authoritative_single_source,The claim is limited to recording and carries no physical-development lifecycle meaning.
LH-CLM-TRACT-15886,1,1,1,0,0,0,tract_polygon,day,direct_observation,official_primary,claim_bounded,high,Counts are based on independent registered source IDs; copies of one source are not counted separately.,authoritative_single_source,The claim is limited to recording and carries no physical-development lifecycle meaning.
LH-CLM-TRACT-15887,1,1,1,0,0,0,tract_polygon,day,direct_observation,official_primary,claim_bounded,high,Counts are based on independent registered source IDs; copies of one source are not counted separately.,authoritative_single_source,The claim is limited to recording and carries no physical-development lifecycle meaning.
LH-CLM-TRACT-15888,1,1,1,0,0,0,tract_polygon,day,direct_observation,official_primary,claim_bounded,high,Counts are based on independent registered source IDs; copies of one source are not counted separately.,authoritative_single_source,The claim is limited to recording and carries no physical-development lifecycle meaning.
LH-CLM-TRACT-15901,1,1,1,0,0,0,tract_polygon,day,direct_observation,official_primary,claim_bounded,high,Counts are based on independent registered source IDs; copies of one source are not counted separately.,authoritative_single_source,The claim is limited to recording and carries no physical-development lifecycle meaning.
LH-CLM-TRACT-15902,1,1,1,0,0,0,tract_polygon,day,direct_observation,official_primary,claim_bounded,high,Counts are based on independent registered source IDs; copies of one source are not counted separately.,authoritative_single_source,The claim is limited to recording and carries no physical-development lifecycle meaning.
LH-CLM-TRACT-15903,1,1,1,0,0,0,tract_polygon,day,direct_observation,official_primary,claim_bounded,high,Counts are based on independent registered source IDs; copies of one source are not counted separately.,authoritative_single_source,The claim is limited to recording and carries no physical-development lifecycle meaning.
LH-CLM-TRACT-15904,1,1,1,0,0,0,tract_polygon,day,direct_observation,official_primary,claim_bounded,high,Counts are based on independent registered source IDs; copies of one source are not counted separately.,authoritative_single_source,The claim is limited to recording and carries no physical-development lifecycle meaning.
LH-CLM-TRACT-15905,1,1,1,0,0,0,tract_polygon,day,direct_observation,official_primary,claim_bounded,high,Counts are based on independent registered source IDs; copies of one source are not counted separately.,authoritative_single_source,The claim is limited to recording and carries no physical-development lifecycle meaning.
LH-CLM-TRACT-15906,1,1,1,0,0,0,tract_polygon,day,direct_observation,official_primary,claim_bounded,high,Counts are based on independent registered source IDs; copies of one source are not counted separately.,authoritative_single_source,The claim is limited to recording and carries no physical-development lifecycle meaning.
LH-CLM-TRACT-15907,1,1,1,0,0,0,tract_polygon,day,direct_observation,official_primary,claim_bounded,high,Counts are based on independent registered source IDs; copies of one source are not counted separately.,authoritative_single_source,The claim is limited to recording and carries no physical-development lifecycle meaning.
LH-CLM-TRACT-15908,1,1,1,0,0,0,tract_polygon,day,direct_observation,official_primary,claim_bounded,high,Counts are based on independent registered source IDs; copies of one source are not counted separately.,authoritative_single_source,The claim is limited to recording and carries no physical-development lifecycle meaning.
LH-CLM-TRACT-15909,1,1,1,0,0,0,tract_polygon,day,direct_observation,official_primary,claim_bounded,high,Counts are based on independent registered source IDs; copies of one source are not counted separately.,authoritative_single_source,The claim is limited to recording and carries no physical-development lifecycle meaning.
LH-CLM-TRACT-15910,1,1,1,0,0,0,tract_polygon,day,direct_observation,official_primary,claim_bounded,high,Counts are based on independent registered source IDs; copies of one source are not counted separately.,authoritative_single_source,The claim is limited to recording and carries no physical-development lifecycle meaning.
LH-CLM-TRACT-15911,1,1,1,0,0,0,tract_polygon,day,direct_observation,official_primary,claim_bounded,high,Counts are based on independent registered source IDs; copies of one source are not counted separately.,authoritative_single_source,The claim is limited to recording and carries no physical-development lifecycle meaning.
LH-CLM-TRACT-15912,1,1,1,0,0,0,tract_polygon,day,direct_observation,official_primary,claim_bounded,high,Counts are based on independent registered source IDs; copies of one source are not counted separately.,authoritative_single_source,The claim is limited to recording and carries no physical-development lifecycle meaning.
LH-CLM-TRACT-15914,1,1,1,0,0,0,tract_polygon,day,direct_observation,official_primary,claim_bounded,high,Counts are based on independent registered source IDs; copies of one source are not counted separately.,authoritative_single_source,The claim is limited to recording and carries no physical-development lifecycle meaning.
LH-CLM-TRACT-15915,1,1,1,0,0,0,tract_polygon,day,direct_observation,official_primary,claim_bounded,high,Counts are based on independent registered source IDs; copies of one source are not counted separately.,authoritative_single_source,The claim is limited to recording and carries no physical-development lifecycle meaning.
LH-CLM-TRACT-15985,1,1,1,0,0,0,tract_polygon,day,direct_observation,official_primary,claim_bounded,high,Counts are based on independent registered source IDs; copies of one source are not counted separately.,authoritative_single_source,The claim is limited to recording and carries no physical-development lifecycle meaning.
LH-CLM-TRACT-15986,1,1,1,0,0,0,tract_polygon,day,direct_observation,official_primary,claim_bounded,high,Counts are based on independent registered source IDs; copies of one source are not counted separately.,authoritative_single_source,The claim is limited to recording and carries no physical-development lifecycle meaning.
LH-CLM-TRACT-15987,1,1,1,0,0,0,tract_polygon,day,direct_observation,official_primary,claim_bounded,high,Counts are based on independent registered source IDs; copies of one source are not counted separately.,authoritative_single_source,The claim is limited to recording and carries no physical-development lifecycle meaning.
LH-CLM-TRACT-15988,1,1,1,0,0,0,tract_polygon,day,direct_observation,official_primary,claim_bounded,high,Counts are based on independent registered source IDs; copies of one source are not counted separately.,authoritative_single_source,The claim is limited to recording and carries no physical-development lifecycle meaning.
LH-CLM-TRACT-15989,1,1,1,0,0,0,tract_polygon,day,direct_observation,official_primary,claim_bounded,high,Counts are based on independent registered source IDs; copies of one source are not counted separately.,authoritative_single_source,The claim is limited to recording and carries no physical-development lifecycle meaning.
LH-CLM-TRACT-15990,1,1,1,0,0,0,tract_polygon,day,direct_observation,official_primary,claim_bounded,high,Counts are based on independent registered source IDs; copies of one source are not counted separately.,authoritative_single_source,The claim is limited to recording and carries no physical-development lifecycle meaning.
LH-CLM-TRACT-16025,1,1,1,0,0,0,tract_polygon,day,direct_observation,official_primary,claim_bounded,high,Counts are based on independent registered source IDs; copies of one source are not counted separately.,authoritative_single_source,The claim is limited to recording and carries no physical-development lifecycle meaning.
LH-CLM-TRACT-16063,1,1,1,0,0,0,tract_polygon,day,direct_observation,official_primary,claim_bounded,high,Counts are based on independent registered source IDs; copies of one source are not counted separately.,authoritative_single_source,The claim is limited to recording and carries no physical-development lifecycle meaning.
LH-CLM-TRACT-16101,1,1,1,0,0,0,tract_polygon,day,direct_observation,official_primary,claim_bounded,high,Counts are based on independent registered source IDs; copies of one source are not counted separately.,authoritative_single_source,The claim is limited to recording and carries no physical-development lifecycle meaning.
LH-CLM-TRACT-16102,1,1,1,0,0,0,tract_polygon,day,direct_observation,official_primary,claim_bounded,high,Counts are based on independent registered source IDs; copies of one source are not counted separately.,authoritative_single_source,The claim is limited to recording and carries no physical-development lifecycle meaning.
LH-CLM-TRACT-16103,1,1,1,0,0,0,tract_polygon,day,direct_observation,official_primary,claim_bounded,high,Counts are based on independent registered source IDs; copies of one source are not counted separately.,authoritative_single_source,The claim is limited to recording and carries no physical-development lifecycle meaning.
LH-CLM-TRACT-16104,1,1,1,0,0,0,tract_polygon,day,direct_observation,official_primary,claim_bounded,high,Counts are based on independent registered source IDs; copies of one source are not counted separately.,authoritative_single_source,The claim is limited to recording and carries no physical-development lifecycle meaning.
LH-CLM-TRACT-16105,1,1,1,0,0,0,tract_polygon,day,direct_observation,official_primary,claim_bounded,high,Counts are based on independent registered source IDs; copies of one source are not counted separately.,authoritative_single_source,The claim is limited to recording and carries no physical-development lifecycle meaning.
LH-CLM-TRACT-16114,1,1,1,0,0,0,tract_polygon,day,direct_observation,official_primary,claim_bounded,high,Counts are based on independent registered source IDs; copies of one source are not counted separately.,authoritative_single_source,The claim is limited to recording and carries no physical-development lifecycle meaning.
LH-CLM-TRACT-16115,1,1,1,0,0,0,tract_polygon,day,direct_observation,official_primary,claim_bounded,high,Counts are based on independent registered source IDs; copies of one source are not counted separately.,authoritative_single_source,The claim is limited to recording and carries no physical-development lifecycle meaning.
LH-CLM-TRACT-16116,1,1,1,0,0,0,tract_polygon,day,direct_observation,official_primary,claim_bounded,high,Counts are based on independent registered source IDs; copies of one source are not counted separately.,authoritative_single_source,The claim is limited to recording and carries no physical-development lifecycle meaning.
LH-CLM-TRACT-16117,1,1,1,0,0,0,tract_polygon,day,direct_observation,official_primary,claim_bounded,high,Counts are based on independent registered source IDs; copies of one source are not counted separately.,authoritative_single_source,The claim is limited to recording and carries no physical-development lifecycle meaning.
LH-CLM-TRACT-16118,1,1,1,0,0,0,tract_polygon,day,direct_observation,official_primary,claim_bounded,high,Counts are based on independent registered source IDs; copies of one source are not counted separately.,authoritative_single_source,The claim is limited to recording and carries no physical-development lifecycle meaning.
LH-CLM-TRACT-16119,1,1,1,0,0,0,tract_polygon,day,direct_observation,official_primary,claim_bounded,high,Counts are based on independent registered source IDs; copies of one source are not counted separately.,authoritative_single_source,The claim is limited to recording and carries no physical-development lifecycle meaning.
LH-CLM-TRACT-16120,1,1,1,0,0,0,tract_polygon,day,direct_observation,official_primary,claim_bounded,high,Counts are based on independent registered source IDs; copies of one source are not counted separately.,authoritative_single_source,The claim is limited to recording and carries no physical-development lifecycle meaning.
LH-CLM-TRACT-16121,1,1,1,0,0,0,tract_polygon,day,direct_observation,official_primary,claim_bounded,high,Counts are based on independent registered source IDs; copies of one source are not counted separately.,authoritative_single_source,The claim is limited to recording and carries no physical-development lifecycle meaning.
LH-CLM-TRACT-16122,1,1,1,0,0,0,tract_polygon,day,direct_observation,official_primary,claim_bounded,high,Counts are based on independent registered source IDs; copies of one source are not counted separately.,authoritative_single_source,The claim is limited to recording and carries no physical-development lifecycle meaning.
LH-CLM-TRACT-16126,1,1,1,0,0,0,tract_polygon,day,direct_observation,official_primary,claim_bounded,high,Counts are based on independent registered source IDs; copies of one source are not counted separately.,authoritative_single_source,The claim is limited to recording and carries no physical-development lifecycle meaning.
LH-CLM-TRACT-16127,1,1,1,0,0,0,tract_polygon,day,direct_observation,official_primary,claim_bounded,high,Counts are based on independent registered source IDs; copies of one source are not counted separately.,authoritative_single_source,The claim is limited to recording and carries no physical-development lifecycle meaning.
LH-CLM-TRACT-16155,1,1,1,0,0,0,tract_polygon,day,direct_observation,official_primary,claim_bounded,high,Counts are based on independent registered source IDs; copies of one source are not counted separately.,authoritative_single_source,The claim is limited to recording and carries no physical-development lifecycle meaning.
LH-CLM-TRACT-16156,1,1,1,0,0,0,tract_polygon,day,direct_observation,official_primary,claim_bounded,high,Counts are based on independent registered source IDs; copies of one source are not counted separately.,authoritative_single_source,The claim is limited to recording and carries no physical-development lifecycle meaning.
LH-CLM-TRACT-16157,1,1,1,0,0,0,tract_polygon,day,direct_observation,official_primary,claim_bounded,high,Counts are based on independent registered source IDs; copies of one source are not counted separately.,authoritative_single_source,The claim is limited to recording and carries no physical-development lifecycle meaning.
LH-CLM-TRACT-16203,1,1,1,0,0,0,tract_polygon,day,direct_observation,official_primary,claim_bounded,high,Counts are based on independent registered source IDs; copies of one source are not counted separately.,authoritative_single_source,The claim is limited to recording and carries no physical-development lifecycle meaning.
LH-CLM-TRACT-16234,1,1,1,0,0,0,tract_polygon,day,direct_observation,official_primary,claim_bounded,high,Counts are based on independent registered source IDs; copies of one source are not counted separately.,authoritative_single_source,The claim is limited to recording and carries no physical-development lifecycle meaning.
LH-CLM-TRACT-16235,1,1,1,0,0,0,tract_polygon,day,direct_observation,official_primary,claim_bounded,high,Counts are based on independent registered source IDs; copies of one source are not counted separately.,authoritative_single_source,The claim is limited to recording and carries no physical-development lifecycle meaning.
LH-CLM-TRACT-16236,1,1,1,0,0,0,tract_polygon,day,direct_observation,official_primary,claim_bounded,high,Counts are based on independent registered source IDs; copies of one source are not counted separately.,authoritative_single_source,The claim is limited to recording and carries no physical-development lifecycle meaning.
LH-CLM-TRACT-16237,1,1,1,0,0,0,tract_polygon,day,direct_observation,official_primary,claim_bounded,high,Counts are based on independent registered source IDs; copies of one source are not counted separately.,authoritative_single_source,The claim is limited to recording and carries no physical-development lifecycle meaning.
LH-CLM-TRACT-16238,1,1,1,0,0,0,tract_polygon,day,direct_observation,official_primary,claim_bounded,high,Counts are based on independent registered source IDs; copies of one source are not counted separately.,authoritative_single_source,The claim is limited to recording and carries no physical-development lifecycle meaning.
LH-CLM-TRACT-16239,1,1,1,0,0,0,tract_polygon,day,direct_observation,official_primary,claim_bounded,high,Counts are based on independent registered source IDs; copies of one source are not counted separately.,authoritative_single_source,The claim is limited to recording and carries no physical-development lifecycle meaning.
LH-CLM-TRACT-16240,1,1,1,0,0,0,tract_polygon,day,direct_observation,official_primary,claim_bounded,high,Counts are based on independent registered source IDs; copies of one source are not counted separately.,authoritative_single_source,The claim is limited to recording and carries no physical-development lifecycle meaning.
LH-CLM-TRACT-16241,1,1,1,0,0,0,tract_polygon,day,direct_observation,official_primary,claim_bounded,high,Counts are based on independent registered source IDs; copies of one source are not counted separately.,authoritative_single_source,The claim is limited to recording and carries no physical-development lifecycle meaning.
LH-CLM-TRACT-16242,1,1,1,0,0,0,tract_polygon,day,direct_observation,official_primary,claim_bounded,high,Counts are based on independent registered source IDs; copies of one source are not counted separately.,authoritative_single_source,The claim is limited to recording and carries no physical-development lifecycle meaning.
LH-CLM-TRACT-16243,1,1,1,0,0,0,tract_polygon,day,direct_observation,official_primary,claim_bounded,high,Counts are based on independent registered source IDs; copies of one source are not counted separately.,authoritative_single_source,The claim is limited to recording and carries no physical-development lifecycle meaning.
LH-CLM-TRACT-16244,1,1,1,0,0,0,tract_polygon,day,direct_observation,official_primary,claim_bounded,high,Counts are based on independent registered source IDs; copies of one source are not counted separately.,authoritative_single_source,The claim is limited to recording and carries no physical-development lifecycle meaning.
LH-CLM-TRACT-16245,1,1,1,0,0,0,tract_polygon,day,direct_observation,official_primary,claim_bounded,high,Counts are based on independent registered source IDs; copies of one source are not counted separately.,authoritative_single_source,The claim is limited to recording and carries no physical-development lifecycle meaning.
LH-CLM-TRACT-16246,1,1,1,0,0,0,tract_polygon,day,direct_observation,official_primary,claim_bounded,high,Counts are based on independent registered source IDs; copies of one source are not counted separately.,authoritative_single_source,The claim is limited to recording and carries no physical-development lifecycle meaning.
LH-CLM-TRACT-16247,1,1,1,0,0,0,tract_polygon,day,direct_observation,official_primary,claim_bounded,high,Counts are based on independent registered source IDs; copies of one source are not counted separately.,authoritative_single_source,The claim is limited to recording and carries no physical-development lifecycle meaning.
LH-CLM-TRACT-16248,1,1,1,0,0,0,tract_polygon,day,direct_observation,official_primary,claim_bounded,high,Counts are based on independent registered source IDs; copies of one source are not counted separately.,authoritative_single_source,The claim is limited to recording and carries no physical-development lifecycle meaning.
LH-CLM-TRACT-16249,1,1,1,0,0,0,tract_polygon,day,direct_observation,official_primary,claim_bounded,high,Counts are based on independent registered source IDs; copies of one source are not counted separately.,authoritative_single_source,The claim is limited to recording and carries no physical-development lifecycle meaning.
LH-CLM-TRACT-16250,1,1,1,0,0,0,tract_polygon,day,direct_observation,official_primary,claim_bounded,high,Counts are based on independent registered source IDs; copies of one source are not counted separately.,authoritative_single_source,The claim is limited to recording and carries no physical-development lifecycle meaning.
LH-CLM-TRACT-16270,1,1,1,0,0,0,tract_polygon,day,direct_observation,official_primary,claim_bounded,high,Counts are based on independent registered source IDs; copies of one source are not counted separately.,authoritative_single_source,The claim is limited to recording and carries no physical-development lifecycle meaning.
LH-CLM-TRACT-16271,1,1,1,0,0,0,tract_polygon,day,direct_observation,official_primary,claim_bounded,high,Counts are based on independent registered source IDs; copies of one source are not counted separately.,authoritative_single_source,The claim is limited to recording and carries no physical-development lifecycle meaning.
LH-CLM-TRACT-16341,1,1,1,0,0,0,tract_polygon,day,direct_observation,official_primary,claim_bounded,high,Counts are based on independent registered source IDs; copies of one source are not counted separately.,authoritative_single_source,The claim is limited to recording and carries no physical-development lifecycle meaning.
LH-CLM-TRACT-16342,1,1,1,0,0,0,tract_polygon,day,direct_observation,official_primary,claim_bounded,high,Counts are based on independent registered source IDs; copies of one source are not counted separately.,authoritative_single_source,The claim is limited to recording and carries no physical-development lifecycle meaning.
LH-CLM-TRACT-16346,1,1,1,0,0,0,tract_polygon,day,direct_observation,official_primary,claim_bounded,high,Counts are based on independent registered source IDs; copies of one source are not counted separately.,authoritative_single_source,The claim is limited to recording and carries no physical-development lifecycle meaning.
LH-CLM-TRACT-16347,1,1,1,0,0,0,tract_polygon,day,direct_observation,official_primary,claim_bounded,high,Counts are based on independent registered source IDs; copies of one source are not counted separately.,authoritative_single_source,The claim is limited to recording and carries no physical-development lifecycle meaning.
LH-CLM-TRACT-16348,1,1,1,0,0,0,tract_polygon,day,direct_observation,official_primary,claim_bounded,high,Counts are based on independent registered source IDs; copies of one source are not counted separately.,authoritative_single_source,The claim is limited to recording and carries no physical-development lifecycle meaning.
LH-CLM-TRACT-16349,1,1,1,0,0,0,tract_polygon,day,direct_observation,official_primary,claim_bounded,high,Counts are based on independent registered source IDs; copies of one source are not counted separately.,authoritative_single_source,The claim is limited to recording and carries no physical-development lifecycle meaning.
LH-CLM-TRACT-16350,1,1,1,0,0,0,tract_polygon,day,direct_observation,official_primary,claim_bounded,high,Counts are based on independent registered source IDs; copies of one source are not counted separately.,authoritative_single_source,The claim is limited to recording and carries no physical-development lifecycle meaning.
LH-CLM-TRACT-16351,1,1,1,0,0,0,tract_polygon,day,direct_observation,official_primary,claim_bounded,high,Counts are based on independent registered source IDs; copies of one source are not counted separately.,authoritative_single_source,The claim is limited to recording and carries no physical-development lifecycle meaning.
LH-CLM-TRACT-16352,1,1,1,0,0,0,tract_polygon,day,direct_observation,official_primary,claim_bounded,high,Counts are based on independent registered source IDs; copies of one source are not counted separately.,authoritative_single_source,The claim is limited to recording and carries no physical-development lifecycle meaning.
LH-CLM-TRACT-16353,1,1,1,0,0,0,tract_polygon,day,direct_observation,official_primary,claim_bounded,high,Counts are based on independent registered source IDs; copies of one source are not counted separately.,authoritative_single_source,The claim is limited to recording and carries no physical-development lifecycle meaning.
LH-CLM-TRACT-16354,1,1,1,0,0,0,tract_polygon,day,direct_observation,official_primary,claim_bounded,high,Counts are based on independent registered source IDs; copies of one source are not counted separately.,authoritative_single_source,The claim is limited to recording and carries no physical-development lifecycle meaning.
LH-CLM-TRACT-16355,1,1,1,0,0,0,tract_polygon,day,direct_observation,official_primary,claim_bounded,high,Counts are based on independent registered source IDs; copies of one source are not counted separately.,authoritative_single_source,The claim is limited to recording and carries no physical-development lifecycle meaning.
LH-CLM-TRACT-16356,1,1,1,0,0,0,tract_polygon,day,direct_observation,official_primary,claim_bounded,high,Counts are based on independent registered source IDs; copies of one source are not counted separately.,authoritative_single_source,The claim is limited to recording and carries no physical-development lifecycle meaning.
LH-CLM-TRACT-16384,1,1,1,0,0,0,tract_polygon,day,direct_observation,official_primary,claim_bounded,high,Counts are based on independent registered source IDs; copies of one source are not counted separately.,authoritative_single_source,The claim is limited to recording and carries no physical-development lifecycle meaning.
LH-CLM-TRACT-16385,1,1,1,0,0,0,tract_polygon,day,direct_observation,official_primary,claim_bounded,high,Counts are based on independent registered source IDs; copies of one source are not counted separately.,authoritative_single_source,The claim is limited to recording and carries no physical-development lifecycle meaning.
LH-CLM-TRACT-16386,1,1,1,0,0,0,tract_polygon,day,direct_observation,official_primary,claim_bounded,high,Counts are based on independent registered source IDs; copies of one source are not counted separately.,authoritative_single_source,The claim is limited to recording and carries no physical-development lifecycle meaning.
LH-CLM-TRACT-16387,1,1,1,0,0,0,tract_polygon,day,direct_observation,official_primary,claim_bounded,high,Counts are based on independent registered source IDs; copies of one source are not counted separately.,authoritative_single_source,The claim is limited to recording and carries no physical-development lifecycle meaning.
LH-CLM-TRACT-16388,1,1,1,0,0,0,tract_polygon,day,direct_observation,official_primary,claim_bounded,high,Counts are based on independent registered source IDs; copies of one source are not counted separately.,authoritative_single_source,The claim is limited to recording and carries no physical-development lifecycle meaning.
LH-CLM-TRACT-16389,1,1,1,0,0,0,tract_polygon,day,direct_observation,official_primary,claim_bounded,high,Counts are based on independent registered source IDs; copies of one source are not counted separately.,authoritative_single_source,The claim is limited to recording and carries no physical-development lifecycle meaning.
LH-CLM-TRACT-16390,1,1,1,0,0,0,tract_polygon,day,direct_observation,official_primary,claim_bounded,high,Counts are based on independent registered source IDs; copies of one source are not counted separately.,authoritative_single_source,The claim is limited to recording and carries no physical-development lifecycle meaning.
LH-CLM-TRACT-16391,1,1,1,0,0,0,tract_polygon,day,direct_observation,official_primary,claim_bounded,high,Counts are based on independent registered source IDs; copies of one source are not counted separately.,authoritative_single_source,The claim is limited to recording and carries no physical-development lifecycle meaning.
LH-CLM-TRACT-16392,1,1,1,0,0,0,tract_polygon,day,direct_observation,official_primary,claim_bounded,high,Counts are based on independent registered source IDs; copies of one source are not counted separately.,authoritative_single_source,The claim is limited to recording and carries no physical-development lifecycle meaning.
LH-CLM-TRACT-16393,1,1,1,0,0,0,tract_polygon,day,direct_observation,official_primary,claim_bounded,high,Counts are based on independent registered source IDs; copies of one source are not counted separately.,authoritative_single_source,The claim is limited to recording and carries no physical-development lifecycle meaning.
LH-CLM-TRACT-16394,1,1,1,0,0,0,tract_polygon,day,direct_observation,official_primary,claim_bounded,high,Counts are based on independent registered source IDs; copies of one source are not counted separately.,authoritative_single_source,The claim is limited to recording and carries no physical-development lifecycle meaning.
LH-CLM-TRACT-16395,1,1,1,0,0,0,tract_polygon,day,direct_observation,official_primary,claim_bounded,high,Counts are based on independent registered source IDs; copies of one source are not counted separately.,authoritative_single_source,The claim is limited to recording and carries no physical-development lifecycle meaning.
LH-CLM-TRACT-16400,1,1,1,0,0,0,tract_polygon,day,direct_observation,official_primary,claim_bounded,high,Counts are based on independent registered source IDs; copies of one source are not counted separately.,authoritative_single_source,The claim is limited to recording and carries no physical-development lifecycle meaning.
LH-CLM-TRACT-16414,1,1,1,0,0,0,tract_polygon,day,direct_observation,official_primary,claim_bounded,high,Counts are based on independent registered source IDs; copies of one source are not counted separately.,authoritative_single_source,The claim is limited to recording and carries no physical-development lifecycle meaning.
LH-CLM-TRACT-16471,1,1,1,0,0,0,tract_polygon,day,direct_observation,official_primary,claim_bounded,high,Counts are based on independent registered source IDs; copies of one source are not counted separately.,authoritative_single_source,The claim is limited to recording and carries no physical-development lifecycle meaning.
LH-CLM-TRACT-16472,1,1,1,0,0,0,tract_polygon,day,direct_observation,official_primary,claim_bounded,high,Counts are based on independent registered source IDs; copies of one source are not counted separately.,authoritative_single_source,The claim is limited to recording and carries no physical-development lifecycle meaning.
LH-CLM-TRACT-16473,1,1,1,0,0,0,tract_polygon,day,direct_observation,official_primary,claim_bounded,high,Counts are based on independent registered source IDs; copies of one source are not counted separately.,authoritative_single_source,The claim is limited to recording and carries no physical-development lifecycle meaning.
LH-CLM-TRACT-16504,1,1,1,0,0,0,tract_polygon,day,direct_observation,official_primary,claim_bounded,high,Counts are based on independent registered source IDs; copies of one source are not counted separately.,authoritative_single_source,The claim is limited to recording and carries no physical-development lifecycle meaning.
LH-CLM-TRACT-16505,1,1,1,0,0,0,tract_polygon,day,direct_observation,official_primary,claim_bounded,high,Counts are based on independent registered source IDs; copies of one source are not counted separately.,authoritative_single_source,The claim is limited to recording and carries no physical-development lifecycle meaning.
LH-CLM-TRACT-16515,1,1,1,0,0,0,tract_polygon,day,direct_observation,official_primary,claim_bounded,high,Counts are based on independent registered source IDs; copies of one source are not counted separately.,authoritative_single_source,The claim is limited to recording and carries no physical-development lifecycle meaning.
LH-CLM-TRACT-16586,1,1,1,0,0,0,tract_polygon,day,direct_observation,official_primary,claim_bounded,high,Counts are based on independent registered source IDs; copies of one source are not counted separately.,authoritative_single_source,The claim is limited to recording and carries no physical-development lifecycle meaning.
LH-CLM-TRACT-16667,1,1,1,0,0,0,tract_polygon,day,direct_observation,official_primary,claim_bounded,high,Counts are based on independent registered source IDs; copies of one source are not counted separately.,authoritative_single_source,The claim is limited to recording and carries no physical-development lifecycle meaning.
LH-CLM-TRACT-16687,1,1,1,0,0,0,tract_polygon,day,direct_observation,official_primary,claim_bounded,high,Counts are based on independent registered source IDs; copies of one source are not counted separately.,authoritative_single_source,The claim is limited to recording and carries no physical-development lifecycle meaning.
LH-CLM-LH-EVT-001,1,1,1,0,0,1,community_nonspatial,day,direct_observation,official_primary,claim_bounded,high,Counts are based on independent registered source IDs; copies of one source are not counted separately.,authoritative_single_source,Developer retrospective separately describes County approval in 1997; the exact broader entitlement action remains to be retrieved
LH-CLM-LH-EVT-001B,1,1,0,0,0,1,community_nonspatial,year,direct_observation,mixed_or_secondary,claim_bounded,low,Counts are based on independent registered source IDs; copies of one source are not counted separately.,additional_corroboration_useful,Official County record dates Final EIR 555 certification to 1995-10-17; the retrospective does not identify the 1997 action
LH-CLM-LH-EVT-002,1,1,0,0,0,0,community_nonspatial,year,direct_observation,mixed_or_secondary,claim_bounded,medium,Counts are based on independent registered source IDs; copies of one source are not counted separately.,additional_corroboration_useful,
LH-CLM-LH-EVT-003,1,1,1,0,0,0,community_nonspatial,day,direct_observation,official_primary,claim_bounded,high,Counts are based on independent registered source IDs; copies of one source are not counted separately.,authoritative_single_source,
LH-CLM-LH-EVT-004,1,1,1,0,0,0,community_nonspatial,day,direct_observation,official_primary,claim_bounded,high,Counts are based on independent registered source IDs; copies of one source are not counted separately.,authoritative_single_source,
LH-CLM-LH-EVT-005,1,1,1,0,0,0,community_nonspatial,day,direct_observation,official_primary,claim_bounded,high,Counts are based on independent registered source IDs; copies of one source are not counted separately.,authoritative_single_source,
LH-CLM-LH-EVT-006,1,1,0,0,0,0,community_nonspatial,month,direct_observation,mixed_or_secondary,claim_bounded,medium,Counts are based on independent registered source IDs; copies of one source are not counted separately.,additional_corroboration_useful,
LH-CLM-LH-EVT-007,1,1,0,0,0,0,community_nonspatial,month,direct_observation,mixed_or_secondary,claim_bounded,medium,Counts are based on independent registered source IDs; copies of one source are not counted separately.,additional_corroboration_useful,
LH-CLM-LH-EVT-008,1,1,0,0,0,0,community_nonspatial,day,direct_observation,mixed_or_secondary,claim_bounded,medium,Counts are based on independent registered source IDs; copies of one source are not counted separately.,additional_corroboration_useful,
LH-CLM-LH-EVT-009,1,1,1,0,0,0,community_nonspatial,day,direct_observation,official_primary,claim_bounded,high,Counts are based on independent registered source IDs; copies of one source are not counted separately.,authoritative_single_source,
LH-CLM-LH-EVT-010,1,1,0,0,0,0,community_nonspatial,month,direct_observation,mixed_or_secondary,claim_bounded,medium,Counts are based on independent registered source IDs; copies of one source are not counted separately.,additional_corroboration_useful,
LH-CLM-LH-EVT-011,1,1,0,0,0,0,community_nonspatial,month,direct_observation,mixed_or_secondary,claim_bounded,medium,Counts are based on independent registered source IDs; copies of one source are not counted separately.,additional_corroboration_useful,
LH-CLM-LH-EVT-012,1,1,0,0,0,0,community_nonspatial,month,direct_observation,mixed_or_secondary,claim_bounded,medium,Counts are based on independent registered source IDs; copies of one source are not counted separately.,additional_corroboration_useful,
LH-CLM-LH-EVT-013,1,1,0,0,0,0,community_nonspatial,month,direct_observation,mixed_or_secondary,claim_bounded,medium,Counts are based on independent registered source IDs; copies of one source are not counted separately.,additional_corroboration_useful,
LH-CLM-LH-EVT-014,1,1,1,0,0,0,community_nonspatial,month,direct_observation,official_primary,claim_bounded,high,Counts are based on independent registered source IDs; copies of one source are not counted separately.,authoritative_single_source,
LH-CLM-LH-EVT-015,1,1,0,0,0,0,community_nonspatial,month,direct_observation,mixed_or_secondary,claim_bounded,medium,Counts are based on independent registered source IDs; copies of one source are not counted separately.,additional_corroboration_useful,
LH-CLM-LH-EVT-016,1,1,0,0,0,0,community_nonspatial,month,direct_observation,mixed_or_secondary,claim_bounded,medium,Counts are based on independent registered source IDs; copies of one source are not counted separately.,additional_corroboration_useful,
LH-CLM-LH-EVT-017,1,1,0,0,0,0,community_nonspatial,month,direct_observation,mixed_or_secondary,claim_bounded,medium,Counts are based on independent registered source IDs; copies of one source are not counted separately.,additional_corroboration_useful,
LH-CLM-LH-EVT-018,1,1,0,0,0,0,community_nonspatial,month,direct_observation,mixed_or_secondary,claim_bounded,medium,Counts are based on independent registered source IDs; copies of one source are not counted separately.,additional_corroboration_useful,
LH-CLM-LH-EVT-019,1,1,0,0,0,0,community_nonspatial,month,direct_observation,mixed_or_secondary,claim_bounded,medium,Counts are based on independent registered source IDs; copies of one source are not counted separately.,additional_corroboration_useful,
LH-CLM-LH-EVT-020,1,1,0,0,0,0,community_nonspatial,month,direct_observation,mixed_or_secondary,claim_bounded,medium,Counts are based on independent registered source IDs; copies of one source are not counted separately.,additional_corroboration_useful,
LH-CLM-LH-EVT-021,1,1,0,0,0,0,community_nonspatial,month,direct_observation,mixed_or_secondary,claim_bounded,medium,Counts are based on independent registered source IDs; copies of one source are not counted separately.,additional_corroboration_useful,
LH-CLM-LH-EVT-022,1,1,1,0,0,0,community_nonspatial,day,direct_observation,official_primary,claim_bounded,high,Counts are based on independent registered source IDs; copies of one source are not counted separately.,authoritative_single_source,
LH-CLM-LH-EVT-023,1,2,2,0,0,1,community_nonspatial,day,direct_observation,official_primary,claim_bounded,high,Counts are based on independent registered source IDs; copies of one source are not counted separately.,additional_corroboration_useful,LARMAC retrospective groups the schools under July 2003; official school reports give August 27
LH-CLM-LH-EVT-024,1,1,0,0,0,0,community_nonspatial,month,direct_observation,mixed_or_secondary,claim_bounded,medium,Counts are based on independent registered source IDs; copies of one source are not counted separately.,additional_corroboration_useful,
LH-CLM-LH-EVT-025,1,1,1,0,0,0,community_nonspatial,year,direct_observation,official_primary,claim_bounded,high,Counts are based on independent registered source IDs; copies of one source are not counted separately.,authoritative_single_source,
LH-CLM-LH-EVT-026,1,1,0,0,0,0,community_nonspatial,month,direct_observation,mixed_or_secondary,claim_bounded,medium,Counts are based on independent registered source IDs; copies of one source are not counted separately.,additional_corroboration_useful,
LH-CLM-LH-EVT-027,1,1,0,0,0,0,community_nonspatial,month,direct_observation,mixed_or_secondary,claim_bounded,medium,Counts are based on independent registered source IDs; copies of one source are not counted separately.,additional_corroboration_useful,
LH-CLM-LH-EVT-028,1,1,1,0,0,0,community_nonspatial,day,direct_observation,official_primary,claim_bounded,high,Counts are based on independent registered source IDs; copies of one source are not counted separately.,authoritative_single_source,
LH-CLM-LH-EVT-029,1,1,0,0,0,0,community_nonspatial,month,direct_observation,mixed_or_secondary,claim_bounded,medium,Counts are based on independent registered source IDs; copies of one source are not counted separately.,additional_corroboration_useful,
LH-CLM-LH-EVT-030,1,1,0,0,0,0,community_nonspatial,month,direct_observation,mixed_or_secondary,claim_bounded,medium,Counts are based on independent registered source IDs; copies of one source are not counted separately.,additional_corroboration_useful,
LH-CLM-LH-EVT-031,1,1,0,0,0,0,community_nonspatial,year,direct_observation,mixed_or_secondary,claim_bounded,medium,Counts are based on independent registered source IDs; copies of one source are not counted separately.,additional_corroboration_useful,
LH-CLM-LH-EVT-032,1,1,0,0,0,0,community_nonspatial,month,direct_observation,mixed_or_secondary,claim_bounded,medium,Counts are based on independent registered source IDs; copies of one source are not counted separately.,additional_corroboration_useful,
LH-CLM-LH-EVT-033,1,1,0,0,0,0,community_nonspatial,month,direct_observation,mixed_or_secondary,claim_bounded,medium,Counts are based on independent registered source IDs; copies of one source are not counted separately.,additional_corroboration_useful,
LH-CLM-LH-EVT-M5-001,1,1,0,1,0,1,village_or_phase,day,direct_observation,contemporary_publication,claim_bounded,medium,Contemporary reporting is bounded to the stated event; legal habitability and address geometry are not inferred.,authoritative_or_contemporary_single_source,The 1999 announcement lists eight builders and revised allocations; both dated selections are retained.
LH-CLM-LH-EVT-M5-002,1,1,0,1,0,1,village_or_phase,day,direct_observation,contemporary_publication,claim_bounded,medium,Contemporary reporting is bounded to the stated event; legal habitability and address geometry are not inferred.,authoritative_or_contemporary_single_source,"Supersedes or revises the 1998 selection, but the article does not state the legal change mechanism."
LH-CLM-LH-EVT-M5-003,1,2,0,2,0,0,village_or_phase,day,direct_observation,contemporary_publication,claim_bounded,high,Contemporary reporting is bounded to the stated event; legal habitability and address geometry are not inferred.,source_convergence_reached,Opening and sales evidence does not establish occupancy.
LH-CLM-LH-EVT-M5-004,1,1,0,1,0,1,village_or_phase,day,direct_observation,contemporary_publication,claim_bounded,medium,Contemporary reporting is bounded to the stated event; legal habitability and address geometry are not inferred.,authoritative_or_contemporary_single_source,Official retrospective instead dates the first resident to 1999-12-14.
LH-CLM-LH-EVT-M5-005,1,1,0,1,0,1,village_or_phase,day,direct_observation,contemporary_publication,claim_bounded,medium,Contemporary reporting is bounded to the stated event; legal habitability and address geometry are not inferred.,authoritative_or_contemporary_single_source,Official retrospective instead dates the first resident to 1999-12-14.
LH-CLM-LH-ABS-CFD-99-1-PHASE-I-1999,1,1,1,1,0,0,cfd_aggregate,year,direct_observation,official_primary,claim_bounded,high,Official County chart explicitly defines absorption as built and occupied.,authoritative_single_source,"Annual CFD aggregate is nonspatial and cannot be assigned to a tract, address, or household."
LH-CLM-LH-ABS-CFD-99-1-PHASE-I-2000,1,1,1,1,0,0,cfd_aggregate,year,direct_observation,official_primary,claim_bounded,high,Official County chart explicitly defines absorption as built and occupied.,authoritative_single_source,"Annual CFD aggregate is nonspatial and cannot be assigned to a tract, address, or household."
LH-CLM-LH-ABS-CFD-99-1-PHASE-I-2001,1,1,1,1,0,0,cfd_aggregate,year,direct_observation,official_primary,claim_bounded,high,Official County chart explicitly defines absorption as built and occupied.,authoritative_single_source,"Annual CFD aggregate is nonspatial and cannot be assigned to a tract, address, or household."
LH-CLM-LH-ABS-CFD-99-1-PHASE-I-2002,1,1,1,1,0,0,cfd_aggregate,year,direct_observation,official_primary,claim_bounded,high,Official County chart explicitly defines absorption as built and occupied.,authoritative_single_source,"Annual CFD aggregate is nonspatial and cannot be assigned to a tract, address, or household."
LH-CLM-LH-ABS-CFD-99-1-PHASE-I-2003,1,1,1,1,0,0,cfd_aggregate,year,direct_observation,official_primary,claim_bounded,high,Official County chart explicitly defines absorption as built and occupied.,authoritative_single_source,"Annual CFD aggregate is nonspatial and cannot be assigned to a tract, address, or household."
LH-CLM-LH-ABS-CFD-99-1-PHASE-I-2004,1,1,1,1,0,0,cfd_aggregate,year,direct_observation,official_primary,claim_bounded,high,Official County chart explicitly defines absorption as built and occupied.,authoritative_single_source,"Annual CFD aggregate is nonspatial and cannot be assigned to a tract, address, or household."
LH-CLM-LH-ABS-CFD-99-1-PHASE-I-2005,1,1,1,1,0,0,cfd_aggregate,year,direct_observation,official_primary,claim_bounded,high,Official County chart explicitly defines absorption as built and occupied.,authoritative_single_source,"Annual CFD aggregate is nonspatial and cannot be assigned to a tract, address, or household."
LH-CLM-LH-ABS-CFD-99-1-PHASE-I-2006,1,1,1,1,0,0,cfd_aggregate,year,direct_observation,official_primary,claim_bounded,high,Official County chart explicitly defines absorption as built and occupied.,authoritative_single_source,"Annual CFD aggregate is nonspatial and cannot be assigned to a tract, address, or household."
LH-CLM-LH-ABS-CFD-2002-1-URBAN-ACTIVITY-CENTER-2003,1,1,1,1,0,0,cfd_aggregate,year,direct_observation,official_primary,claim_bounded,high,Official County chart explicitly defines absorption as built and occupied.,authoritative_single_source,"Annual CFD aggregate is nonspatial and cannot be assigned to a tract, address, or household."
LH-CLM-LH-ABS-CFD-2002-1-URBAN-ACTIVITY-CENTER-2004,1,1,1,1,0,0,cfd_aggregate,year,direct_observation,official_primary,claim_bounded,high,Official County chart explicitly defines absorption as built and occupied.,authoritative_single_source,"Annual CFD aggregate is nonspatial and cannot be assigned to a tract, address, or household."
LH-CLM-LH-ABS-CFD-2002-1-URBAN-ACTIVITY-CENTER-2005,1,1,1,1,0,0,cfd_aggregate,year,direct_observation,official_primary,claim_bounded,high,Official County chart explicitly defines absorption as built and occupied.,authoritative_single_source,"Annual CFD aggregate is nonspatial and cannot be assigned to a tract, address, or household."
LH-CLM-LH-ABS-CFD-2003-1-PHASE-V-2004,1,1,1,1,0,0,cfd_aggregate,year,direct_observation,official_primary,claim_bounded,high,Official County chart explicitly defines absorption as built and occupied.,authoritative_single_source,"Annual CFD aggregate is nonspatial and cannot be assigned to a tract, address, or household."
LH-CLM-LH-ABS-CFD-2003-1-PHASE-V-2005,1,1,1,1,0,0,cfd_aggregate,year,direct_observation,official_primary,claim_bounded,high,Official County chart explicitly defines absorption as built and occupied.,authoritative_single_source,"Annual CFD aggregate is nonspatial and cannot be assigned to a tract, address, or household."
LH-CLM-LH-ABS-CFD-2003-1-PHASE-V-2006,1,1,1,1,0,0,cfd_aggregate,year,direct_observation,official_primary,claim_bounded,high,Official County chart explicitly defines absorption as built and occupied.,authoritative_single_source,"Annual CFD aggregate is nonspatial and cannot be assigned to a tract, address, or household."
LH-CLM-LH-ABS-CFD-2004-1-PHASE-VI-2005,1,1,1,1,0,0,cfd_aggregate,year,direct_observation,official_primary,claim_bounded,high,Official County chart explicitly defines absorption as built and occupied.,authoritative_single_source,"Annual CFD aggregate is nonspatial and cannot be assigned to a tract, address, or household."
LH-CLM-LH-ABS-CFD-2004-1-PHASE-VI-2006,1,1,1,1,0,0,cfd_aggregate,year,direct_observation,official_primary,claim_bounded,high,Official County chart explicitly defines absorption as built and occupied.,authoritative_single_source,"Annual CFD aggregate is nonspatial and cannot be assigned to a tract, address, or household."
LH-CLM-LH-ABS-CFD-2004-1-PHASE-VI-2007,1,1,1,1,0,0,cfd_aggregate,year,direct_observation,official_primary,claim_bounded,high,Official County chart explicitly defines absorption as built and occupied.,authoritative_single_source,"Annual CFD aggregate is nonspatial and cannot be assigned to a tract, address, or household."
LH-CLM-LH-ABS-CFD-2004-1-PHASE-VI-2008,1,1,1,1,0,0,cfd_aggregate,year,direct_observation,official_primary,claim_bounded,high,Official County chart explicitly defines absorption as built and occupied.,authoritative_single_source,"Annual CFD aggregate is nonspatial and cannot be assigned to a tract, address, or household."
LH-CLM-LH-ABS-CFD-2004-1-PHASE-VI-2009,1,1,1,1,0,0,cfd_aggregate,year,direct_observation,official_primary,claim_bounded,high,Official County chart explicitly defines absorption as built and occupied.,authoritative_single_source,"Annual CFD aggregate is nonspatial and cannot be assigned to a tract, address, or household."
LH-CLM-LH-ABS-CFD-2004-1-PHASE-VI-2010,1,1,1,1,0,0,cfd_aggregate,year,direct_observation,official_primary,claim_bounded,high,Official County chart explicitly defines absorption as built and occupied.,authoritative_single_source,"Annual CFD aggregate is nonspatial and cannot be assigned to a tract, address, or household."
LH-CLM-IMG-M5-2005-01,1,1,1,1,1,0,visual_region,day,visual_observation,official_primary_imagery,claim_bounded,medium,Official orthorectified imagery directly supports the bounded visible-state description.,authoritative_single_visual_source,"Visual classification only. It does not establish legal completion, habitability, occupancy, permit status, or continuous activity between capture dates."
LH-CLM-IMG-M5-2005-02,1,1,1,1,1,0,visual_region,day,visual_observation,official_primary_imagery,claim_bounded,high,Official orthorectified imagery directly supports the bounded visible-state description.,authoritative_single_visual_source,"Visual classification only. It does not establish legal completion, habitability, occupancy, permit status, or continuous activity between capture dates."
LH-CLM-IMG-M5-2005-03,1,1,1,1,1,0,visual_region,day,visual_observation,official_primary_imagery,claim_bounded,high,Official orthorectified imagery directly supports the bounded visible-state description.,authoritative_single_visual_source,"Visual classification only. It does not establish legal completion, habitability, occupancy, permit status, or continuous activity between capture dates."
LH-CLM-IMG-M5-2009-01,1,1,1,1,2,0,visual_region,date_range,visual_observation,official_primary_imagery,claim_bounded,high,Official orthorectified imagery directly supports the bounded visible-state description.,source_convergence_reached,"Visual classification only. It does not establish legal completion, habitability, occupancy, permit status, or continuous activity between capture dates."
LH-CLM-IMG-M5-2009-02,1,1,1,1,1,0,visual_region,date_range,visual_observation,official_primary_imagery,claim_bounded,high,Official orthorectified imagery directly supports the bounded visible-state description.,authoritative_single_visual_source,"Visual classification only. It does not establish legal completion, habitability, occupancy, permit status, or continuous activity between capture dates."
LH-CLM-IMG-M5-2010-01,1,1,1,1,1,0,visual_region,day,visual_observation,official_primary_imagery,claim_bounded,high,Official orthorectified imagery directly supports the bounded visible-state description.,authoritative_single_visual_source,"Visual classification only. It does not establish legal completion, habitability, occupancy, permit status, or continuous activity between capture dates."
LH-CLM-IMG-M5-2010-02,1,1,1,1,2,0,visual_region,date_range,visual_observation,official_primary_imagery,claim_bounded,medium,Official orthorectified imagery directly supports the bounded visible-state description.,source_convergence_reached,"Visual classification only. It does not establish legal completion, habitability, occupancy, permit status, or continuous activity between capture dates."
LH-CLM-LH-PRODUCT-COVENANT-HILLS-ALISAL-2006,1,1,1,1,0,1,named_product_nonspatial,day,direct_observation,official_primary,claim_bounded,high,Contemporary official County product table controls the builder and count snapshot.,authoritative_primary_with_secondary_conflict_retained,"Product-level CFD counts are not address-level completion, habitability, or occupancy dates; closed escrow is not transferred to a tract geometry."
LH-CLM-LH-PRODUCT-COVENANT-HILLS-ALISAL-2011,1,1,1,1,0,1,named_product_nonspatial,day,direct_observation,official_primary,claim_bounded,high,Contemporary official County product table controls the builder and count snapshot.,authoritative_primary_with_secondary_conflict_retained,"Product-level CFD counts are not address-level completion, habitability, or occupancy dates; closed escrow is not transferred to a tract geometry."
LH-CLM-LH-PRODUCT-COVENANT-HILLS-AMARANTE-I-II-2006,1,1,1,1,0,0,named_product_nonspatial,day,direct_observation,official_primary,claim_bounded,high,Contemporary official County product table controls the builder and count snapshot.,authoritative_single_source,"Product-level CFD counts are not address-level completion, habitability, or occupancy dates; closed escrow is not transferred to a tract geometry."
LH-CLM-LH-PRODUCT-COVENANT-HILLS-AMARANTE-I-II-2011,1,1,1,1,0,0,named_product_nonspatial,day,direct_observation,official_primary,claim_bounded,high,Contemporary official County product table controls the builder and count snapshot.,authoritative_single_source,"Product-level CFD counts are not address-level completion, habitability, or occupancy dates; closed escrow is not transferred to a tract geometry."
LH-CLM-LH-PRODUCT-COVENANT-HILLS-ARBOLEDO-2006,1,1,1,1,0,0,named_product_nonspatial,day,direct_observation,official_primary,claim_bounded,high,Contemporary official County product table controls the builder and count snapshot.,authoritative_single_source,"Product-level CFD counts are not address-level completion, habitability, or occupancy dates; closed escrow is not transferred to a tract geometry."
LH-CLM-LH-PRODUCT-COVENANT-HILLS-ARBOLEDO-2011,1,1,1,1,0,0,named_product_nonspatial,day,direct_observation,official_primary,claim_bounded,high,Contemporary official County product table controls the builder and count snapshot.,authoritative_single_source,"Product-level CFD counts are not address-level completion, habitability, or occupancy dates; closed escrow is not transferred to a tract geometry."
LH-CLM-LH-PRODUCT-COVENANT-HILLS-BELLATAIRE-I-II-2006,1,1,1,1,0,0,named_product_nonspatial,day,direct_observation,official_primary,claim_bounded,high,Contemporary official County product table controls the builder and count snapshot.,authoritative_single_source,"Product-level CFD counts are not address-level completion, habitability, or occupancy dates; closed escrow is not transferred to a tract geometry."
LH-CLM-LH-PRODUCT-COVENANT-HILLS-BELLATAIRE-I-II-2011,1,1,1,1,0,0,named_product_nonspatial,day,direct_observation,official_primary,claim_bounded,high,Contemporary official County product table controls the builder and count snapshot.,authoritative_single_source,"Product-level CFD counts are not address-level completion, habitability, or occupancy dates; closed escrow is not transferred to a tract geometry."
LH-CLM-LH-PRODUCT-COVENANT-HILLS-CAPISTRANO-2006,1,1,1,1,0,1,named_product_nonspatial,day,direct_observation,official_primary,claim_bounded,high,Contemporary official County product table controls the builder and count snapshot.,authoritative_primary_with_secondary_conflict_retained,"Product-level CFD counts are not address-level completion, habitability, or occupancy dates; closed escrow is not transferred to a tract geometry."
LH-CLM-LH-PRODUCT-COVENANT-HILLS-CAPISTRANO-2011,1,1,1,1,0,1,named_product_nonspatial,day,direct_observation,official_primary,claim_bounded,high,Contemporary official County product table controls the builder and count snapshot.,authoritative_primary_with_secondary_conflict_retained,"Product-level CFD counts are not address-level completion, habitability, or occupancy dates; closed escrow is not transferred to a tract geometry."
LH-CLM-LH-PRODUCT-COVENANT-HILLS-CASTELLINA-2006,1,1,1,1,0,1,named_product_nonspatial,day,direct_observation,official_primary,claim_bounded,high,Contemporary official County product table controls the builder and count snapshot.,authoritative_primary_with_secondary_conflict_retained,"Product-level CFD counts are not address-level completion, habitability, or occupancy dates; closed escrow is not transferred to a tract geometry."
LH-CLM-LH-PRODUCT-COVENANT-HILLS-CASTELLINA-2011,1,1,1,1,0,1,named_product_nonspatial,day,direct_observation,official_primary,claim_bounded,high,Contemporary official County product table controls the builder and count snapshot.,authoritative_primary_with_secondary_conflict_retained,"Product-level CFD counts are not address-level completion, habitability, or occupancy dates; closed escrow is not transferred to a tract geometry."
LH-CLM-LH-PRODUCT-COVENANT-HILLS-DMB-LADERA-CUSTOM-LOTS-2006,1,1,1,1,0,0,named_product_nonspatial,day,direct_observation,official_primary,claim_bounded,high,Contemporary official County product table controls the builder and count snapshot.,authoritative_single_source,"Product-level CFD counts are not address-level completion, habitability, or occupancy dates; closed escrow is not transferred to a tract geometry."
LH-CLM-LH-PRODUCT-COVENANT-HILLS-DMB-LADERA-CUSTOM-LOTS-2011,1,1,1,1,0,0,named_product_nonspatial,day,direct_observation,official_primary,claim_bounded,high,Contemporary official County product table controls the builder and count snapshot.,authoritative_single_source,"Product-level CFD counts are not address-level completion, habitability, or occupancy dates; closed escrow is not transferred to a tract geometry."
LH-CLM-LH-PRODUCT-COVENANT-HILLS-ENCANTADA-2006,1,1,1,1,0,1,named_product_nonspatial,day,direct_observation,official_primary,claim_bounded,high,Contemporary official County product table controls the builder and count snapshot.,authoritative_primary_with_secondary_conflict_retained,"Product-level CFD counts are not address-level completion, habitability, or occupancy dates; closed escrow is not transferred to a tract geometry."
LH-CLM-LH-PRODUCT-COVENANT-HILLS-ENCANTADA-2011,1,1,1,1,0,1,named_product_nonspatial,day,direct_observation,official_primary,claim_bounded,high,Contemporary official County product table controls the builder and count snapshot.,authoritative_primary_with_secondary_conflict_retained,"Product-level CFD counts are not address-level completion, habitability, or occupancy dates; closed escrow is not transferred to a tract geometry."
LH-CLM-LH-PRODUCT-COVENANT-HILLS-LAS-PIEDRAS-2006,1,1,1,1,0,1,named_product_nonspatial,day,direct_observation,official_primary,claim_bounded,high,Contemporary official County product table controls the builder and count snapshot.,authoritative_primary_with_secondary_conflict_retained,"Product-level CFD counts are not address-level completion, habitability, or occupancy dates; closed escrow is not transferred to a tract geometry."
LH-CLM-LH-PRODUCT-COVENANT-HILLS-LAS-PIEDRAS-2011,1,1,1,1,0,1,named_product_nonspatial,day,direct_observation,official_primary,claim_bounded,high,Contemporary official County product table controls the builder and count snapshot.,authoritative_primary_with_secondary_conflict_retained,"Product-level CFD counts are not address-level completion, habitability, or occupancy dates; closed escrow is not transferred to a tract geometry."
LH-CLM-LH-PRODUCT-COVENANT-HILLS-MERIDEN-2006,1,1,1,1,0,1,named_product_nonspatial,day,direct_observation,official_primary,claim_bounded,high,Contemporary official County product table controls the builder and count snapshot.,authoritative_primary_with_secondary_conflict_retained,"Product-level CFD counts are not address-level completion, habitability, or occupancy dates; closed escrow is not transferred to a tract geometry."
LH-CLM-LH-PRODUCT-COVENANT-HILLS-MERIDEN-2011,1,1,1,1,0,1,named_product_nonspatial,day,direct_observation,official_primary,claim_bounded,high,Contemporary official County product table controls the builder and count snapshot.,authoritative_primary_with_secondary_conflict_retained,"Product-level CFD counts are not address-level completion, habitability, or occupancy dates; closed escrow is not transferred to a tract geometry."
LH-CLM-LH-PRODUCT-COVENANT-HILLS-MONTANEZ-2006,1,1,1,1,0,1,named_product_nonspatial,day,direct_observation,official_primary,claim_bounded,high,Contemporary official County product table controls the builder and count snapshot.,authoritative_primary_with_secondary_conflict_retained,"Product-level CFD counts are not address-level completion, habitability, or occupancy dates; closed escrow is not transferred to a tract geometry."
LH-CLM-LH-PRODUCT-COVENANT-HILLS-MONTANEZ-2011,1,1,1,1,0,1,named_product_nonspatial,day,direct_observation,official_primary,claim_bounded,high,Contemporary official County product table controls the builder and count snapshot.,authoritative_primary_with_secondary_conflict_retained,"Product-level CFD counts are not address-level completion, habitability, or occupancy dates; closed escrow is not transferred to a tract geometry."
LH-CLM-LH-PRODUCT-COVENANT-HILLS-SAN-DONATO-2006,1,1,1,1,0,0,named_product_nonspatial,day,direct_observation,official_primary,claim_bounded,high,Contemporary official County product table controls the builder and count snapshot.,authoritative_single_source,"Product-level CFD counts are not address-level completion, habitability, or occupancy dates; closed escrow is not transferred to a tract geometry."
LH-CLM-LH-PRODUCT-COVENANT-HILLS-SAN-DONATO-2011,1,1,1,1,0,0,named_product_nonspatial,day,direct_observation,official_primary,claim_bounded,high,Contemporary official County product table controls the builder and count snapshot.,authoritative_single_source,"Product-level CFD counts are not address-level completion, habitability, or occupancy dates; closed escrow is not transferred to a tract geometry."
LH-CLM-LH-PRODUCT-COVENANT-HILLS-SEGOVIA-2006,1,1,1,1,0,1,named_product_nonspatial,day,direct_observation,official_primary,claim_bounded,high,Contemporary official County product table controls the builder and count snapshot.,authoritative_primary_with_secondary_conflict_retained,"Product-level CFD counts are not address-level completion, habitability, or occupancy dates; closed escrow is not transferred to a tract geometry."
LH-CLM-LH-PRODUCT-COVENANT-HILLS-SEGOVIA-2011,1,1,1,1,0,1,named_product_nonspatial,day,direct_observation,official_primary,claim_bounded,high,Contemporary official County product table controls the builder and count snapshot.,authoritative_primary_with_secondary_conflict_retained,"Product-level CFD counts are not address-level completion, habitability, or occupancy dates; closed escrow is not transferred to a tract geometry."
LH-CLM-LH-PRODUCT-COVENANT-HILLS-SHERBORNE-2006,1,1,1,1,0,1,named_product_nonspatial,day,direct_observation,official_primary,claim_bounded,high,Contemporary official County product table controls the builder and count snapshot.,authoritative_primary_with_secondary_conflict_retained,"Product-level CFD counts are not address-level completion, habitability, or occupancy dates; closed escrow is not transferred to a tract geometry."
LH-CLM-LH-PRODUCT-COVENANT-HILLS-SHERBORNE-2011,1,1,1,1,0,1,named_product_nonspatial,day,direct_observation,official_primary,claim_bounded,high,Contemporary official County product table controls the builder and count snapshot.,authoritative_primary_with_secondary_conflict_retained,"Product-level CFD counts are not address-level completion, habitability, or occupancy dates; closed escrow is not transferred to a tract geometry."
LH-CLM-LH-PRODUCT-COVENANT-HILLS-SKYE-ISLE-2006,1,1,1,1,0,1,named_product_nonspatial,day,direct_observation,official_primary,claim_bounded,high,Contemporary official County product table controls the builder and count snapshot.,authoritative_primary_with_secondary_conflict_retained,"Product-level CFD counts are not address-level completion, habitability, or occupancy dates; closed escrow is not transferred to a tract geometry."
LH-CLM-LH-PRODUCT-COVENANT-HILLS-SKYE-ISLE-2011,1,1,1,1,0,1,named_product_nonspatial,day,direct_observation,official_primary,claim_bounded,high,Contemporary official County product table controls the builder and count snapshot.,authoritative_primary_with_secondary_conflict_retained,"Product-level CFD counts are not address-level completion, habitability, or occupancy dates; closed escrow is not transferred to a tract geometry."
LH-CLM-LH-PRODUCT-TERRAMOR-ARBORAGE-2006,1,1,1,1,0,0,named_product_nonspatial,day,direct_observation,official_primary,claim_bounded,high,Contemporary official County product table controls the builder and count snapshot.,authoritative_single_source,"Product-level CFD counts are not address-level completion, habitability, or occupancy dates; closed escrow is not transferred to a tract geometry."
LH-CLM-LH-PRODUCT-TERRAMOR-BANISTER-STREET-2006,1,1,1,1,0,0,named_product_nonspatial,day,direct_observation,official_primary,claim_bounded,high,Contemporary official County product table controls the builder and count snapshot.,authoritative_single_source,"Product-level CFD counts are not address-level completion, habitability, or occupancy dates; closed escrow is not transferred to a tract geometry."
LH-CLM-LH-PRODUCT-TERRAMOR-BRANCHES-2006,1,1,1,1,0,0,named_product_nonspatial,day,direct_observation,official_primary,claim_bounded,high,Contemporary official County product table controls the builder and count snapshot.,authoritative_single_source,"Product-level CFD counts are not address-level completion, habitability, or occupancy dates; closed escrow is not transferred to a tract geometry."
LH-CLM-LH-PRODUCT-TERRAMOR-BRIAR-ROSE-2006,1,1,1,1,0,0,named_product_nonspatial,day,direct_observation,official_primary,claim_bounded,high,Contemporary official County product table controls the builder and count snapshot.,authoritative_single_source,"Product-level CFD counts are not address-level completion, habitability, or occupancy dates; closed escrow is not transferred to a tract geometry."
LH-CLM-LH-PRODUCT-TERRAMOR-CLAIBORNE-2006,1,1,1,1,0,0,named_product_nonspatial,day,direct_observation,official_primary,claim_bounded,high,Contemporary official County product table controls the builder and count snapshot.,authoritative_single_source,"Product-level CFD counts are not address-level completion, habitability, or occupancy dates; closed escrow is not transferred to a tract geometry."
LH-CLM-LH-PRODUCT-TERRAMOR-EVERGREEN-LADERA-2006,1,1,1,1,0,0,named_product_nonspatial,day,direct_observation,official_primary,claim_bounded,high,Contemporary official County product table controls the builder and count snapshot.,authoritative_single_source,"Product-level CFD counts are not address-level completion, habitability, or occupancy dates; closed escrow is not transferred to a tract geometry."
LH-CLM-LH-PRODUCT-TERRAMOR-MOSAIC-2006,1,1,1,1,0,0,named_product_nonspatial,day,direct_observation,official_primary,claim_bounded,high,Contemporary official County product table controls the builder and count snapshot.,authoritative_single_source,"Product-level CFD counts are not address-level completion, habitability, or occupancy dates; closed escrow is not transferred to a tract geometry."
LH-CLM-LH-PRODUCT-TERRAMOR-SEDONA-2006,1,1,1,1,0,0,named_product_nonspatial,day,direct_observation,official_primary,claim_bounded,high,Contemporary official County product table controls the builder and count snapshot.,authoritative_single_source,"Product-level CFD counts are not address-level completion, habitability, or occupancy dates; closed escrow is not transferred to a tract geometry."
LH-CLM-LH-PRODUCT-TERRAMOR-SUTTER-S-MILL-2006,1,1,1,1,0,0,named_product_nonspatial,day,direct_observation,official_primary,claim_bounded,high,Contemporary official County product table controls the builder and count snapshot.,authoritative_single_source,"Product-level CFD counts are not address-level completion, habitability, or occupancy dates; closed escrow is not transferred to a tract geometry."
LH-CLM-LH-PRODUCT-TERRAMOR-TARLETON-2006,1,1,1,1,0,0,named_product_nonspatial,day,direct_observation,official_primary,claim_bounded,high,Contemporary official County product table controls the builder and count snapshot.,authoritative_single_source,"Product-level CFD counts are not address-level completion, habitability, or occupancy dates; closed escrow is not transferred to a tract geometry."
LH-CLM-LH-PRODUCT-TERRAMOR-VALMONT-2006,1,1,1,1,0,0,named_product_nonspatial,day,direct_observation,official_primary,claim_bounded,high,Contemporary official County product table controls the builder and count snapshot.,authoritative_single_source,"Product-level CFD counts are not address-level completion, habitability, or occupancy dates; closed escrow is not transferred to a tract geometry."
LH-CLM-LH-PRODUCT-TERRAMOR-WALDEN-PARK-2006,1,1,1,1,0,0,named_product_nonspatial,day,direct_observation,official_primary,claim_bounded,high,Contemporary official County product table controls the builder and count snapshot.,authoritative_single_source,"Product-level CFD counts are not address-level completion, habitability, or occupancy dates; closed escrow is not transferred to a tract geometry."
LH-CLM-LH-COMMERCIAL-2006-LAUREL-TERRACE,1,1,1,1,0,0,named_asset_nonspatial,day,direct_observation,official_primary,claim_bounded,high,The official County table directly reports the status and quantities at the snapshot date.,authoritative_single_source,The County table does not provide opening dates or historical asset footprints.
LH-CLM-LH-COMMERCIAL-2006-REMINGTON-ACTIVE-SENIORS,1,1,1,1,0,0,named_asset_nonspatial,day,direct_observation,official_primary,claim_bounded,high,The official County table directly reports the status and quantities at the snapshot date.,authoritative_single_source,The County table does not provide opening dates or historical asset footprints.
LH-CLM-LH-COMMERCIAL-2006-LADERA-CORPORATE-TERRACE,1,1,1,1,0,0,named_asset_nonspatial,day,direct_observation,official_primary,claim_bounded,high,The official County table directly reports the status and quantities at the snapshot date.,authoritative_single_source,The County table does not provide opening dates or historical asset footprints.
LH-CLM-LH-COMMERCIAL-2006-MONTESSORI-2101,1,1,1,1,0,0,named_asset_nonspatial,day,direct_observation,official_primary,claim_bounded,high,The official County table directly reports the status and quantities at the snapshot date.,authoritative_single_source,The County table does not provide opening dates or historical asset footprints.
LH-CLM-LH-COMMERCIAL-2006-KINDER-CARE-1000,1,1,1,1,0,0,named_asset_nonspatial,day,direct_observation,official_primary,claim_bounded,high,The official County table directly reports the status and quantities at the snapshot date.,authoritative_single_source,The County table does not provide opening dates or historical asset footprints.
LH-CLM-LH-COMMERCIAL-2006-TRACT-16036-LOTS-40-41,1,1,1,1,0,0,named_asset_nonspatial,day,direct_observation,official_primary,claim_bounded,high,The official County table directly reports the status and quantities at the snapshot date.,authoritative_single_source,The County table does not provide opening dates or historical asset footprints.
LH-CLM-LH-COMMERCIAL-2006-MERCHANTILE-EAST,1,1,1,1,0,0,named_asset_nonspatial,day,direct_observation,official_primary,claim_bounded,high,The official County table directly reports the status and quantities at the snapshot date.,authoritative_single_source,The County table does not provide opening dates or historical asset footprints.
LH-CLM-LH-COMMERCIAL-2006-LADERA-UAC-SELF-STORAGE,1,1,1,1,0,0,named_asset_nonspatial,day,direct_observation,official_primary,claim_bounded,high,The official County table directly reports the status and quantities at the snapshot date.,authoritative_single_source,The County table does not provide opening dates or historical asset footprints.
LH-CLM-LH-PRODUCT-COVENANT-HILLS-AMARANTE-2006,1,1,1,1,0,1,named_product_nonspatial,day,direct_observation,official_primary,claim_bounded,high,Contemporary official County product table controls the builder and count snapshot.,authoritative_primary_with_secondary_conflict_retained,"Product-level CFD counts are not address-level completion, habitability, or occupancy dates; closed escrow is not transferred to a tract geometry."
LH-CLM-LH-PRODUCT-COVENANT-HILLS-AMARANTE-2011,1,1,1,1,0,1,named_product_nonspatial,day,direct_observation,official_primary,claim_bounded,high,Contemporary official County product table controls the builder and count snapshot.,authoritative_primary_with_secondary_conflict_retained,"Product-level CFD counts are not address-level completion, habitability, or occupancy dates; closed escrow is not transferred to a tract geometry."
LH-CLM-LH-PRODUCT-COVENANT-HILLS-BELLATAIRE-2006,1,1,1,1,0,1,named_product_nonspatial,day,direct_observation,official_primary,claim_bounded,high,Contemporary official County product table controls the builder and count snapshot.,authoritative_primary_with_secondary_conflict_retained,"Product-level CFD counts are not address-level completion, habitability, or occupancy dates; closed escrow is not transferred to a tract geometry."
LH-CLM-LH-PRODUCT-COVENANT-HILLS-BELLATAIRE-2011,1,1,1,1,0,1,named_product_nonspatial,day,direct_observation,official_primary,claim_bounded,high,Contemporary official County product table controls the builder and count snapshot.,authoritative_primary_with_secondary_conflict_retained,"Product-level CFD counts are not address-level completion, habitability, or occupancy dates; closed escrow is not transferred to a tract geometry."
