tractId,tractNumber,sourceFile,sheetCount,titledAreaAcres,numberedLots,letteredLots,rawParentTractCandidates,normalizedParentTractIds,parentLotContext,ocrCorrections,titleSheetParties,partyInterpretation,recordDate,sourceIds,method,statementClass,confidence,reviewStatus,constructionConclusion,occupancyConclusion,limitations
LH-TRACT-15615,15615,evidence/lhdrs/tract_maps/TR_15615_MM_777_14-31.pdf,18,287.437,23,142,,,,,"DMB Ladera, L.L.C.",title_sheet_owner_or_interest_holder_not_necessarily_builder,1998-12-11,LH-SRC-OC-LMS-TRACT-PDFS,macOS Vision OCR of sheet 1 with geometry-assisted numeric review,documented_exact,high,ocr_structured_visual_spot_check_required,not_established,not_established,OCR may misread survey text and digits. Parent-map normalization uses only known intersecting tract IDs; title-sheet parties are not assumed to be builders.
LH-TRACT-15616,15616,evidence/lhdrs/tract_maps/TR_15616_MM_787_39-42.pdf,4,6.109,55,,,,,,"Rancho Mission Viejo, L.L.C.",title_sheet_owner_or_interest_holder_not_necessarily_builder,1999-06-30,LH-SRC-OC-LMS-TRACT-PDFS,macOS Vision OCR of sheet 1 with geometry-assisted numeric review,documented_exact,high,ocr_structured_visual_spot_check_required,not_established,not_established,OCR may misread survey text and digits. Parent-map normalization uses only known intersecting tract IDs; title-sheet parties are not assumed to be builders.
LH-TRACT-15617,15617,evidence/lhdrs/tract_maps/TR_15617_MM_787_48-50.pdf,3,5.864,,,15615,LH-TRACT-15615,LOT 2 TRACT NO. 15615,,,title_sheet_owner_or_interest_holder_not_necessarily_builder,1999-07-28,LH-SRC-OC-LMS-TRACT-PDFS,macOS Vision OCR of sheet 1 with geometry-assisted numeric review,documented_exact,high,ocr_structured_visual_spot_check_required,not_established,not_established,OCR may misread survey text and digits. Parent-map normalization uses only known intersecting tract IDs; title-sheet parties are not assumed to be builders.
LH-TRACT-15618,15618,evidence/lhdrs/tract_maps/TR_15618_MM_786_44-47.pdf,4,8.574,,,,,,,"DMB Ladera, L.L.C.;Rancho Mission Viejo, L.L.C.",title_sheet_owner_or_interest_holder_not_necessarily_builder,1999-05-28,LH-SRC-OC-LMS-TRACT-PDFS,macOS Vision OCR of sheet 1 with geometry-assisted numeric review,documented_exact,high,ocr_structured_visual_spot_check_required,not_established,not_established,OCR may misread survey text and digits. Parent-map normalization uses only known intersecting tract IDs; title-sheet parties are not assumed to be builders.
LH-TRACT-15619,15619,evidence/lhdrs/tract_maps/TR_15619_MM_814_3-6.pdf,4,,,,,,,,"DMB Ladera, L.L.C.;Rancho Mission Viejo, L.L.C.",title_sheet_owner_or_interest_holder_not_necessarily_builder,2001-03-09,LH-SRC-OC-LMS-TRACT-PDFS,macOS Vision OCR of sheet 1 with geometry-assisted numeric review,documented_exact,high,ocr_structured_visual_spot_check_required,not_established,not_established,OCR may misread survey text and digits. Parent-map normalization uses only known intersecting tract IDs; title-sheet parties are not assumed to be builders.
LH-TRACT-15620,15620,evidence/lhdrs/tract_maps/TR_15620_MM_785_6-9.pdf,4,7.648,,,15615,LH-TRACT-15615,LOT 5 OF TRACT NO. 15615,,"DMB Ladera, L.L.C.;Rancho Mission Viejo, L.L.C.;Warmington Homes",title_sheet_owner_or_interest_holder_not_necessarily_builder,1999-05-15,LH-SRC-OC-LMS-TRACT-PDFS,macOS Vision OCR of sheet 1 with geometry-assisted numeric review,documented_exact,high,ocr_structured_visual_spot_check_required,not_established,not_established,OCR may misread survey text and digits. Parent-map normalization uses only known intersecting tract IDs; title-sheet parties are not assumed to be builders.
LH-TRACT-15621,15621,evidence/lhdrs/tract_maps/TR_15621_MM_781_14-16.pdf,3,5.030,,,,,,,Standard Pacific Corp.,title_sheet_owner_or_interest_holder_not_necessarily_builder,1999-03-30,LH-SRC-OC-LMS-TRACT-PDFS,macOS Vision OCR of sheet 1 with geometry-assisted numeric review,documented_exact,high,ocr_structured_visual_spot_check_required,not_established,not_established,OCR may misread survey text and digits. Parent-map normalization uses only known intersecting tract IDs; title-sheet parties are not assumed to be builders.
LH-TRACT-15622,15622,evidence/lhdrs/tract_maps/TR_15622_MM_784_47-50.pdf,4,9.527,,,,,,,"DMB Ladera, L.L.C.;Rancho Mission Viejo, L.L.C.;Shea Homes",title_sheet_owner_or_interest_holder_not_necessarily_builder,1999-05-14,LH-SRC-OC-LMS-TRACT-PDFS,macOS Vision OCR of sheet 1 with geometry-assisted numeric review,documented_exact,high,ocr_structured_visual_spot_check_required,not_established,not_established,OCR may misread survey text and digits. Parent-map normalization uses only known intersecting tract IDs; title-sheet parties are not assumed to be builders.
LH-TRACT-15623,15623,evidence/lhdrs/tract_maps/TR_15623_MM_784_19-21.pdf,3,8.864,,,15615,LH-TRACT-15615,LOT 8 OF TRACT NO. 15615,,"Rancho Mission Viejo, L.L.C.;Warmington Homes",title_sheet_owner_or_interest_holder_not_necessarily_builder,1999-05-04,LH-SRC-OC-LMS-TRACT-PDFS,macOS Vision OCR of sheet 1 with geometry-assisted numeric review,documented_exact,high,ocr_structured_visual_spot_check_required,not_established,not_established,OCR may misread survey text and digits. Parent-map normalization uses only known intersecting tract IDs; title-sheet parties are not assumed to be builders.
LH-TRACT-15624,15624,evidence/lhdrs/tract_maps/TR_15624_MM_798_38-43.pdf,6,12.349,,,,,,,"DMB Ladera, L.L.C.;Rancho Mission Viejo, L.L.C.;Brookfield Wyeth, Inc.",title_sheet_owner_or_interest_holder_not_necessarily_builder,2000-04-06,LH-SRC-OC-LMS-TRACT-PDFS,macOS Vision OCR of sheet 1 with geometry-assisted numeric review,documented_exact,high,ocr_structured_visual_spot_check_required,not_established,not_established,OCR may misread survey text and digits. Parent-map normalization uses only known intersecting tract IDs; title-sheet parties are not assumed to be builders.
LH-TRACT-15625,15625,evidence/lhdrs/tract_maps/TR_15625_MM_782_38-44.pdf,,17.402,,,15615,LH-TRACT-15615,LOT 10 OF TRACT NO. 15615,,"DMB Ladera, L.L.C.;Brookfield Wyeth, Inc.",title_sheet_owner_or_interest_holder_not_necessarily_builder,1999-04-22,LH-SRC-OC-LMS-TRACT-PDFS,macOS Vision OCR of sheet 1 with geometry-assisted numeric review,documented_exact,high,ocr_structured_visual_spot_check_required,not_established,not_established,OCR may misread survey text and digits. Parent-map normalization uses only known intersecting tract IDs; title-sheet parties are not assumed to be builders.
LH-TRACT-15626,15626,evidence/lhdrs/tract_maps/TR_15626_MM_784_32-35.pdf,4,10.119,,,15615,LH-TRACT-15615,LOT 11 OF TRACT NO. 15615,,"DMB Ladera, L.L.C.;Rancho Mission Viejo, L.L.C.;Taylor Woodrow Homes, Inc.",title_sheet_owner_or_interest_holder_not_necessarily_builder,1999-05-07,LH-SRC-OC-LMS-TRACT-PDFS,macOS Vision OCR of sheet 1 with geometry-assisted numeric review,documented_exact,high,ocr_structured_visual_spot_check_required,not_established,not_established,OCR may misread survey text and digits. Parent-map normalization uses only known intersecting tract IDs; title-sheet parties are not assumed to be builders.
LH-TRACT-15627,15627,evidence/lhdrs/tract_maps/TR_15627_MM_785_17-20.pdf,4,6.520,,,15615,LH-TRACT-15615,LOT 12 OF TRACT NO. 15615,,"DMB Ladera, L.L.C.;Rancho Mission Viejo, L.L.C.;William Lyon Homes, Inc.",title_sheet_owner_or_interest_holder_not_necessarily_builder,1999-05-14,LH-SRC-OC-LMS-TRACT-PDFS,macOS Vision OCR of sheet 1 with geometry-assisted numeric review,documented_exact,high,ocr_structured_visual_spot_check_required,not_established,not_established,OCR may misread survey text and digits. Parent-map normalization uses only known intersecting tract IDs; title-sheet parties are not assumed to be builders.
LH-TRACT-15628,15628,evidence/lhdrs/tract_maps/TR_15628_MM_786_23-26.pdf,4,6.368,,23,,,,,"DMB Ladera, L.L.C.;Rancho Mission Viejo, L.L.C.;Shea Homes",title_sheet_owner_or_interest_holder_not_necessarily_builder,1999-05-25,LH-SRC-OC-LMS-TRACT-PDFS,macOS Vision OCR of sheet 1 with geometry-assisted numeric review,documented_exact,high,ocr_structured_visual_spot_check_required,not_established,not_established,OCR may misread survey text and digits. Parent-map normalization uses only known intersecting tract IDs; title-sheet parties are not assumed to be builders.
LH-TRACT-15629,15629,evidence/lhdrs/tract_maps/TR_15629_MM_787_43-47.pdf,5,6.551,5,,15615,LH-TRACT-15615,LOT 14 OF TRACT NO. 15615,,"DMB Ladera, L.L.C.;Rancho Mission Viejo, L.L.C.;Brookfield Sarasota, Inc.",title_sheet_owner_or_interest_holder_not_necessarily_builder,1999-06-30,LH-SRC-OC-LMS-TRACT-PDFS,macOS Vision OCR of sheet 1 with geometry-assisted numeric review,documented_exact,high,ocr_structured_visual_spot_check_required,not_established,not_established,OCR may misread survey text and digits. Parent-map normalization uses only known intersecting tract IDs; title-sheet parties are not assumed to be builders.
LH-TRACT-15630,15630,evidence/lhdrs/tract_maps/TR_15630_MM_785_10-16.pdf,7,12.617,,,,,,,,title_sheet_owner_or_interest_holder_not_necessarily_builder,1999-05-14,LH-SRC-OC-LMS-TRACT-PDFS,macOS Vision OCR of sheet 1 with geometry-assisted numeric review,documented_exact,high,ocr_structured_visual_spot_check_required,not_established,not_established,OCR may misread survey text and digits. Parent-map normalization uses only known intersecting tract IDs; title-sheet parties are not assumed to be builders.
LH-TRACT-15631,15631,evidence/lhdrs/tract_maps/TR_15631_MM_795_26-30.pdf,5,7.041,,,15615,LH-TRACT-15615,LOT 16 OF TRACT NO. 15615,,"DMB Ladera, L.L.C.;Brookfield Sarasota, Inc.",title_sheet_owner_or_interest_holder_not_necessarily_builder,2000-09-14,LH-SRC-OC-LMS-TRACT-PDFS,macOS Vision OCR of sheet 1 with geometry-assisted numeric review,documented_exact,high,ocr_structured_visual_spot_check_required,not_established,not_established,OCR may misread survey text and digits. Parent-map normalization uses only known intersecting tract IDs; title-sheet parties are not assumed to be builders.
LH-TRACT-15632,15632,evidence/lhdrs/tract_maps/TR_15632_MM_790_34-37.pdf,4,7.646,,,15615,LH-TRACT-15615,LOT 17 OF TRACT NO. 15615,,"DMB Ladera, L.L.C.;Rancho Mission Viejo, L.L.C.;William Lyon Homes, Inc.",title_sheet_owner_or_interest_holder_not_necessarily_builder,1999-08-30,LH-SRC-OC-LMS-TRACT-PDFS,macOS Vision OCR of sheet 1 with geometry-assisted numeric review,documented_exact,high,ocr_structured_visual_spot_check_required,not_established,not_established,OCR may misread survey text and digits. Parent-map normalization uses only known intersecting tract IDs; title-sheet parties are not assumed to be builders.
LH-TRACT-15793,15793,evidence/lhdrs/tract_maps/TR_15793_MM_897_28-33.pdf,6,57.908,3,4,,,,,"DMB Ladera, L.L.C.;Rancho Mission Viejo, L.L.C.",title_sheet_owner_or_interest_holder_not_necessarily_builder,2008-12-24,LH-SRC-OC-LMS-TRACT-PDFS,macOS Vision OCR of sheet 1 with geometry-assisted numeric review,documented_exact,high,ocr_structured_visual_spot_check_required,not_established,not_established,OCR may misread survey text and digits. Parent-map normalization uses only known intersecting tract IDs; title-sheet parties are not assumed to be builders.
LH-TRACT-15813,15813,evidence/lhdrs/tract_maps/TR_15813_MM_795_1-16.pdf,16,155.203,13,56,,,,,"DMB Ladera, L.L.C.",title_sheet_owner_or_interest_holder_not_necessarily_builder,2000-06-14,LH-SRC-OC-LMS-TRACT-PDFS,macOS Vision OCR of sheet 1 with geometry-assisted numeric review,documented_exact,high,ocr_structured_visual_spot_check_required,not_established,not_established,OCR may misread survey text and digits. Parent-map normalization uses only known intersecting tract IDs; title-sheet parties are not assumed to be builders.
LH-TRACT-15827,15827,evidence/lhdrs/tract_maps/TR_15827_MM_797_32-39.pdf,8,,12,,,,,,"DMB Ladera, L.L.C.",title_sheet_owner_or_interest_holder_not_necessarily_builder,2000-05-10,LH-SRC-OC-LMS-TRACT-PDFS,macOS Vision OCR of sheet 1 with geometry-assisted numeric review,documented_exact,high,ocr_structured_visual_spot_check_required,not_established,not_established,OCR may misread survey text and digits. Parent-map normalization uses only known intersecting tract IDs; title-sheet parties are not assumed to be builders.
LH-TRACT-15884,15884,evidence/lhdrs/tract_maps/TR_15884_MM_794_33-44.pdf,12,87.950,12,28,,,,,"DMB Ladera, L.L.C.;Rancho Mission Viejo, L.L.C.",title_sheet_owner_or_interest_holder_not_necessarily_builder,2000-01-14,LH-SRC-OC-LMS-TRACT-PDFS,macOS Vision OCR of sheet 1 with geometry-assisted numeric review,documented_exact,high,ocr_structured_visual_spot_check_required,not_established,not_established,OCR may misread survey text and digits. Parent-map normalization uses only known intersecting tract IDs; title-sheet parties are not assumed to be builders.
LH-TRACT-15885,15885,evidence/lhdrs/tract_maps/TR_15885_MM_804_30-33.pdf,4,6.601,30,2000,,,,,"DMB Ladera, L.L.C.;Rancho Mission Viejo, L.L.C.",title_sheet_owner_or_interest_holder_not_necessarily_builder,2000-07-27,LH-SRC-OC-LMS-TRACT-PDFS,macOS Vision OCR of sheet 1 with geometry-assisted numeric review,documented_exact,high,ocr_structured_visual_spot_check_required,not_established,not_established,OCR may misread survey text and digits. Parent-map normalization uses only known intersecting tract IDs; title-sheet parties are not assumed to be builders.
LH-TRACT-15886,15886,evidence/lhdrs/tract_maps/TR_15886_MM_807_25-28.pdf,4,6.186,61,,15884,LH-TRACT-15884,"LOTS 7, N, O AND P OF TRACT NO. 15884",,"DMB Ladera, L.L.C.;Ladera Development Company",title_sheet_owner_or_interest_holder_not_necessarily_builder,2000-10-30,LH-SRC-OC-LMS-TRACT-PDFS,macOS Vision OCR of sheet 1 with geometry-assisted numeric review,documented_exact,high,ocr_structured_visual_spot_check_required,not_established,not_established,OCR may misread survey text and digits. Parent-map normalization uses only known intersecting tract IDs; title-sheet parties are not assumed to be builders.
LH-TRACT-15887,15887,evidence/lhdrs/tract_maps/TR_15887_MM_802_25-28.pdf,,6.030,12,,16884,LH-TRACT-15884,LOT & OF TRACT NO. 16884,16884->15884,"DMB Ladera, L.L.C.;Rancho Mission Viejo, L.L.C.",title_sheet_owner_or_interest_holder_not_necessarily_builder,2000-06-02,LH-SRC-OC-LMS-TRACT-PDFS,macOS Vision OCR of sheet 1 with geometry-assisted numeric review,visual_interpretation,medium,ocr_structured_visual_spot_check_required,not_established,not_established,OCR may misread survey text and digits. Parent-map normalization uses only known intersecting tract IDs; title-sheet parties are not assumed to be builders.
LH-TRACT-15888,15888,evidence/lhdrs/tract_maps/TR_15888_MM_802_14-17.pdf,4,6.221,,,15884,LH-TRACT-15884,LOT 5 OF TRACT NO. 15884,,"Rancho Mission Viejo, L.L.C.",title_sheet_owner_or_interest_holder_not_necessarily_builder,2000-06-02,LH-SRC-OC-LMS-TRACT-PDFS,macOS Vision OCR of sheet 1 with geometry-assisted numeric review,documented_exact,high,ocr_structured_visual_spot_check_required,not_established,not_established,OCR may misread survey text and digits. Parent-map normalization uses only known intersecting tract IDs; title-sheet parties are not assumed to be builders.
LH-TRACT-15901,15901,evidence/lhdrs/tract_maps/TR_15901_MM_803_48-50.pdf,3,3.172,,,15813,LH-TRACT-15813,LOT 2 OF TRACT NO. 15813,,"DMB Ladera, L.L.C.",title_sheet_owner_or_interest_holder_not_necessarily_builder,2000-07-06,LH-SRC-OC-LMS-TRACT-PDFS,macOS Vision OCR of sheet 1 with geometry-assisted numeric review,documented_exact,high,ocr_structured_visual_spot_check_required,not_established,not_established,OCR may misread survey text and digits. Parent-map normalization uses only known intersecting tract IDs; title-sheet parties are not assumed to be builders.
LH-TRACT-15902,15902,evidence/lhdrs/tract_maps/TR_15902_MM_803_28-30.pdf,3,,,,15813,LH-TRACT-15813,LOT 1 OF TRACT NO. 15813,,"DMB Ladera, L.L.C.",title_sheet_owner_or_interest_holder_not_necessarily_builder,2000-06-16,LH-SRC-OC-LMS-TRACT-PDFS,macOS Vision OCR of sheet 1 with geometry-assisted numeric review,documented_exact,high,ocr_structured_visual_spot_check_required,not_established,not_established,OCR may misread survey text and digits. Parent-map normalization uses only known intersecting tract IDs; title-sheet parties are not assumed to be builders.
LH-TRACT-15903,15903,evidence/lhdrs/tract_maps/TR_15903_MM_803_22-27.pdf,6,6.264,,,,,,,"DMB Ladera, L.L.C.;John Laing Homes",title_sheet_owner_or_interest_holder_not_necessarily_builder,2000-06-16,LH-SRC-OC-LMS-TRACT-PDFS,macOS Vision OCR of sheet 1 with geometry-assisted numeric review,documented_exact,high,ocr_structured_visual_spot_check_required,not_established,not_established,OCR may misread survey text and digits. Parent-map normalization uses only known intersecting tract IDs; title-sheet parties are not assumed to be builders.
LH-TRACT-15904,15904,evidence/lhdrs/tract_maps/TR_15904_MM_800_48-50.pdf,3,,29,,,,,,"DMB Ladera, L.L.C.;Rancho Mission Viejo, L.L.C.;Warmington Homes",title_sheet_owner_or_interest_holder_not_necessarily_builder,2000-06-02,LH-SRC-OC-LMS-TRACT-PDFS,macOS Vision OCR of sheet 1 with geometry-assisted numeric review,documented_exact,high,ocr_structured_visual_spot_check_required,not_established,not_established,OCR may misread survey text and digits. Parent-map normalization uses only known intersecting tract IDs; title-sheet parties are not assumed to be builders.
LH-TRACT-15905,15905,evidence/lhdrs/tract_maps/TR_15905_MM_805_6-8.pdf,3,,,,,,,,"DMB Ladera, L.L.C.;Rancho Mission Viejo, L.L.C.",title_sheet_owner_or_interest_holder_not_necessarily_builder,2000-08-16,LH-SRC-OC-LMS-TRACT-PDFS,macOS Vision OCR of sheet 1 with geometry-assisted numeric review,documented_exact,high,ocr_structured_visual_spot_check_required,not_established,not_established,OCR may misread survey text and digits. Parent-map normalization uses only known intersecting tract IDs; title-sheet parties are not assumed to be builders.
LH-TRACT-15906,15906,evidence/lhdrs/tract_maps/TR_15906_MM_803_16-21.pdf,6,9.542,,,,,,,"DMB Ladera, L.L.C.;Rancho Mission Viejo, L.L.C.;John Laing Homes",title_sheet_owner_or_interest_holder_not_necessarily_builder,2000-06-16,LH-SRC-OC-LMS-TRACT-PDFS,macOS Vision OCR of sheet 1 with geometry-assisted numeric review,documented_exact,high,ocr_structured_visual_spot_check_required,not_established,not_established,OCR may misread survey text and digits. Parent-map normalization uses only known intersecting tract IDs; title-sheet parties are not assumed to be builders.
LH-TRACT-15907,15907,evidence/lhdrs/tract_maps/TR_15907_MM_805_26-28.pdf,3,4.176,,,15813,LH-TRACT-15813,"LOT IN THE UNINCORPORATED TERRITORY OF THE COUNTY OF ORANGE, STATE OF CALIFORNIA TIME 10:45 AM DATE AUGUST 25,200 _FEE $ 11.9 BLOCK 5157 MODULE BEING A SUBDIVISION OF LOT 4 OF TRACT NO. 15813",,"DMB Ladera, L.L.C.",title_sheet_owner_or_interest_holder_not_necessarily_builder,2000-08-25,LH-SRC-OC-LMS-TRACT-PDFS,macOS Vision OCR of sheet 1 with geometry-assisted numeric review,documented_exact,high,ocr_structured_visual_spot_check_required,not_established,not_established,OCR may misread survey text and digits. Parent-map normalization uses only known intersecting tract IDs; title-sheet parties are not assumed to be builders.
LH-TRACT-15908,15908,evidence/lhdrs/tract_maps/TR_15908_MM_820_10-15.pdf,6,9.555,33,3,15813,LH-TRACT-15813,LOT 9 OF TRACT NO. 15813,,"DMB Ladera, L.L.C.;Rancho Mission Viejo, L.L.C.",title_sheet_owner_or_interest_holder_not_necessarily_builder,2001-06-29,LH-SRC-OC-LMS-TRACT-PDFS,macOS Vision OCR of sheet 1 with geometry-assisted numeric review,documented_exact,high,ocr_structured_visual_spot_check_required,not_established,not_established,OCR may misread survey text and digits. Parent-map normalization uses only known intersecting tract IDs; title-sheet parties are not assumed to be builders.
LH-TRACT-15909,15909,evidence/lhdrs/tract_maps/TR_15909_MM_820_29-34.pdf,,,38,5,15813,LH-TRACT-15813,LOT 10 OF TRACT NO. 15813,,"DMB Ladera, L.L.C.;Rancho Mission Viejo, L.L.C.",title_sheet_owner_or_interest_holder_not_necessarily_builder,2001-06-29,LH-SRC-OC-LMS-TRACT-PDFS,macOS Vision OCR of sheet 1 with geometry-assisted numeric review,documented_exact,high,ocr_structured_visual_spot_check_required,not_established,not_established,OCR may misread survey text and digits. Parent-map normalization uses only known intersecting tract IDs; title-sheet parties are not assumed to be builders.
LH-TRACT-15910,15910,evidence/lhdrs/tract_maps/TR_15910_MM_806_33-37.pdf,5,8.078,,,,,,,"DMB Ladera, L.L.C.",title_sheet_owner_or_interest_holder_not_necessarily_builder,2000-10-13,LH-SRC-OC-LMS-TRACT-PDFS,macOS Vision OCR of sheet 1 with geometry-assisted numeric review,documented_exact,high,ocr_structured_visual_spot_check_required,not_established,not_established,OCR may misread survey text and digits. Parent-map normalization uses only known intersecting tract IDs; title-sheet parties are not assumed to be builders.
LH-TRACT-15911,15911,evidence/lhdrs/tract_maps/TR_15911_MM_806_27-30.pdf,4,6.060,,,15813,LH-TRACT-15813,"LOTS 12, ""AH"", ""AX"" AND ""AY"" OF TRACT NO. 15813",,"DMB Ladera, L.L.C.",title_sheet_owner_or_interest_holder_not_necessarily_builder,2000-10-11,LH-SRC-OC-LMS-TRACT-PDFS,macOS Vision OCR of sheet 1 with geometry-assisted numeric review,documented_exact,high,ocr_structured_visual_spot_check_required,not_established,not_established,OCR may misread survey text and digits. Parent-map normalization uses only known intersecting tract IDs; title-sheet parties are not assumed to be builders.
LH-TRACT-15912,15912,evidence/lhdrs/tract_maps/TR_15912_MM_804_1-4.pdf,4,8.838,,,15813,LH-TRACT-15813,LOT 11 OF TRACT NO. 15813,,"DMB Ladera, L.L.C.",title_sheet_owner_or_interest_holder_not_necessarily_builder,2000-06-22,LH-SRC-OC-LMS-TRACT-PDFS,macOS Vision OCR of sheet 1 with geometry-assisted numeric review,documented_exact,high,ocr_structured_visual_spot_check_required,not_established,not_established,OCR may misread survey text and digits. Parent-map normalization uses only known intersecting tract IDs; title-sheet parties are not assumed to be builders.
LH-TRACT-15914,15914,evidence/lhdrs/tract_maps/TR_15914_MM_817_45-47.pdf,3,1.280,18,,15827,LH-TRACT-15827,LOT 12 OF TRACT NO. 15827,,"Richmond American Homes of California, Inc.",title_sheet_owner_or_interest_holder_not_necessarily_builder,2001-05-30,LH-SRC-OC-LMS-TRACT-PDFS,macOS Vision OCR of sheet 1 with geometry-assisted numeric review,documented_exact,high,ocr_structured_visual_spot_check_required,not_established,not_established,OCR may misread survey text and digits. Parent-map normalization uses only known intersecting tract IDs; title-sheet parties are not assumed to be builders.
LH-TRACT-15915,15915,evidence/lhdrs/tract_maps/TR_15915_MM_805_29-34.pdf,6,9.937,83,,15827,LH-TRACT-15827,LOT 2 OF TRACT NO. 15827,,"Richmond American Homes of California, Inc.",title_sheet_owner_or_interest_holder_not_necessarily_builder,2000-08-25,LH-SRC-OC-LMS-TRACT-PDFS,macOS Vision OCR of sheet 1 with geometry-assisted numeric review,documented_exact,high,ocr_structured_visual_spot_check_required,not_established,not_established,OCR may misread survey text and digits. Parent-map normalization uses only known intersecting tract IDs; title-sheet parties are not assumed to be builders.
LH-TRACT-15985,15985,evidence/lhdrs/tract_maps/TR_15985_MM_842_8-20.pdf,13,78.285,87,33,,,,,"DMB Ladera, L.L.C.",title_sheet_owner_or_interest_holder_not_necessarily_builder,2003-04-04,LH-SRC-OC-LMS-TRACT-PDFS,macOS Vision OCR of sheet 1 with geometry-assisted numeric review,documented_exact,high,ocr_structured_visual_spot_check_required,not_established,not_established,OCR may misread survey text and digits. Parent-map normalization uses only known intersecting tract IDs; title-sheet parties are not assumed to be builders.
LH-TRACT-15986,15986,evidence/lhdrs/tract_maps/TR_15986_MM_849_1-15.pdf,15,120.329,13,58,,,,,"Rancho Mission Viejo, L.L.C.",title_sheet_owner_or_interest_holder_not_necessarily_builder,2003-08-28,LH-SRC-OC-LMS-TRACT-PDFS,macOS Vision OCR of sheet 1 with geometry-assisted numeric review,documented_exact,high,ocr_structured_visual_spot_check_required,not_established,not_established,OCR may misread survey text and digits. Parent-map normalization uses only known intersecting tract IDs; title-sheet parties are not assumed to be builders.
LH-TRACT-15987,15987,evidence/lhdrs/tract_maps/TR_15987_MM_839_1-18.pdf,18,142.174,14,82,,,,,"DMB Ladera, L.L.C.;Rancho Mission Viejo, L.L.C.",title_sheet_owner_or_interest_holder_not_necessarily_builder,2002-12-17,LH-SRC-OC-LMS-TRACT-PDFS,macOS Vision OCR of sheet 1 with geometry-assisted numeric review,documented_exact,high,ocr_structured_visual_spot_check_required,not_established,not_established,OCR may misread survey text and digits. Parent-map normalization uses only known intersecting tract IDs; title-sheet parties are not assumed to be builders.
LH-TRACT-15988,15988,evidence/lhdrs/tract_maps/TR_15988_MM_854_6-16.pdf,,3.560,60,,,,,,"DMB Ladera, L.L.C.",title_sheet_owner_or_interest_holder_not_necessarily_builder,2004-01-30,LH-SRC-OC-LMS-TRACT-PDFS,macOS Vision OCR of sheet 1 with geometry-assisted numeric review,documented_exact,high,ocr_structured_visual_spot_check_required,not_established,not_established,OCR may misread survey text and digits. Parent-map normalization uses only known intersecting tract IDs; title-sheet parties are not assumed to be builders.
LH-TRACT-15989,15989,evidence/lhdrs/tract_maps/TR_15989_MM_863_8-14.pdf,7,25.212,37,13,,,,,"DMB Ladera, L.L.C.",title_sheet_owner_or_interest_holder_not_necessarily_builder,2004-11-15,LH-SRC-OC-LMS-TRACT-PDFS,macOS Vision OCR of sheet 1 with geometry-assisted numeric review,documented_exact,high,ocr_structured_visual_spot_check_required,not_established,not_established,OCR may misread survey text and digits. Parent-map normalization uses only known intersecting tract IDs; title-sheet parties are not assumed to be builders.
LH-TRACT-15990,15990,evidence/lhdrs/tract_maps/TR_15990_MM_862_34-41.pdf,8,,44,,,,,,"DMB Ladera, L.L.C.;Rancho Mission Viejo, L.L.C.",title_sheet_owner_or_interest_holder_not_necessarily_builder,2004-10-28,LH-SRC-OC-LMS-TRACT-PDFS,macOS Vision OCR of sheet 1 with geometry-assisted numeric review,documented_exact,high,ocr_structured_visual_spot_check_required,not_established,not_established,OCR may misread survey text and digits. Parent-map normalization uses only known intersecting tract IDs; title-sheet parties are not assumed to be builders.
LH-TRACT-16025,16025,evidence/lhdrs/tract_maps/TR_16025_MM_812_22-29.pdf,8,63.623,8,18,,,,,"DMB Ladera, L.L.C.",title_sheet_owner_or_interest_holder_not_necessarily_builder,2001-01-26,LH-SRC-OC-LMS-TRACT-PDFS,macOS Vision OCR of sheet 1 with geometry-assisted numeric review,documented_exact,high,ocr_structured_visual_spot_check_required,not_established,not_established,OCR may misread survey text and digits. Parent-map normalization uses only known intersecting tract IDs; title-sheet parties are not assumed to be builders.
LH-TRACT-16063,16063,evidence/lhdrs/tract_maps/TR_16063_MM_818_32-40.pdf,9,,,,,,,,"DMB Ladera, L.L.C.",title_sheet_owner_or_interest_holder_not_necessarily_builder,2001-05-25,LH-SRC-OC-LMS-TRACT-PDFS,macOS Vision OCR of sheet 1 with geometry-assisted numeric review,documented_exact,high,ocr_structured_visual_spot_check_required,not_established,not_established,OCR may misread survey text and digits. Parent-map normalization uses only known intersecting tract IDs; title-sheet parties are not assumed to be builders.
LH-TRACT-16101,16101,evidence/lhdrs/tract_maps/TR_16101_MM_820_21-25.pdf,5,,,,,,,,"DMB Ladera, L.L.C.;Rancho Mission Viejo, L.L.C.;William Lyon Homes, Inc.",title_sheet_owner_or_interest_holder_not_necessarily_builder,2001-06-29,LH-SRC-OC-LMS-TRACT-PDFS,macOS Vision OCR of sheet 1 with geometry-assisted numeric review,documented_exact,high,ocr_structured_visual_spot_check_required,not_established,not_established,OCR may misread survey text and digits. Parent-map normalization uses only known intersecting tract IDs; title-sheet parties are not assumed to be builders.
LH-TRACT-16102,16102,evidence/lhdrs/tract_maps/TR_16102_MM_819_1-5.pdf,5,9.480,40,7,,,,,Standard Pacific Corp.,title_sheet_owner_or_interest_holder_not_necessarily_builder,2001-06-12,LH-SRC-OC-LMS-TRACT-PDFS,macOS Vision OCR of sheet 1 with geometry-assisted numeric review,documented_exact,high,ocr_structured_visual_spot_check_required,not_established,not_established,OCR may misread survey text and digits. Parent-map normalization uses only known intersecting tract IDs; title-sheet parties are not assumed to be builders.
LH-TRACT-16103,16103,evidence/lhdrs/tract_maps/TR_16103_MM_817_1-5.pdf,5,6.432,36,7,,,,,"Rancho Mission Viejo, L.L.C.",title_sheet_owner_or_interest_holder_not_necessarily_builder,2001-06-12,LH-SRC-OC-LMS-TRACT-PDFS,macOS Vision OCR of sheet 1 with geometry-assisted numeric review,documented_exact,high,ocr_structured_visual_spot_check_required,not_established,not_established,OCR may misread survey text and digits. Parent-map normalization uses only known intersecting tract IDs; title-sheet parties are not assumed to be builders.
LH-TRACT-16104,16104,evidence/lhdrs/tract_maps/TR_16104_MM_821_35-40.pdf,6,12.208,78,,18155,LH-TRACT-16155,LOT 6 OF TRACT NO. 18155,18155->16155,"DMB Ladera, L.L.C.",title_sheet_owner_or_interest_holder_not_necessarily_builder,2001-07-31,LH-SRC-OC-LMS-TRACT-PDFS,macOS Vision OCR of sheet 1 with geometry-assisted numeric review,visual_interpretation,medium,ocr_structured_visual_spot_check_required,not_established,not_established,OCR may misread survey text and digits. Parent-map normalization uses only known intersecting tract IDs; title-sheet parties are not assumed to be builders.
LH-TRACT-16105,16105,evidence/lhdrs/tract_maps/TR_16105_MM_823_18-26.pdf,9,,,,,,,,"DMB Ladera, L.L.C.",title_sheet_owner_or_interest_holder_not_necessarily_builder,2001-04-01,LH-SRC-OC-LMS-TRACT-PDFS,macOS Vision OCR of sheet 1 with geometry-assisted numeric review,documented_exact,high,ocr_structured_visual_spot_check_required,not_established,not_established,OCR may misread survey text and digits. Parent-map normalization uses only known intersecting tract IDs; title-sheet parties are not assumed to be builders.
LH-TRACT-16114,16114,evidence/lhdrs/tract_maps/TR_16114_MM_821_41-44.pdf,,5.901,34,,16025,LH-TRACT-16025,LOT 3 OF TRACT NO. 16025,,"DMB Ladera, L.L.C.;Rancho Mission Viejo, L.L.C.",title_sheet_owner_or_interest_holder_not_necessarily_builder,2001-07-31,LH-SRC-OC-LMS-TRACT-PDFS,macOS Vision OCR of sheet 1 with geometry-assisted numeric review,documented_exact,high,ocr_structured_visual_spot_check_required,not_established,not_established,OCR may misread survey text and digits. Parent-map normalization uses only known intersecting tract IDs; title-sheet parties are not assumed to be builders.
LH-TRACT-16115,16115,evidence/lhdrs/tract_maps/TR_16115_MM_825_40-45.pdf,6,9.147,55,4,,,,,"Rancho Mission Viejo, L.L.C.",title_sheet_owner_or_interest_holder_not_necessarily_builder,2002-02-14,LH-SRC-OC-LMS-TRACT-PDFS,macOS Vision OCR of sheet 1 with geometry-assisted numeric review,documented_exact,high,ocr_structured_visual_spot_check_required,not_established,not_established,OCR may misread survey text and digits. Parent-map normalization uses only known intersecting tract IDs; title-sheet parties are not assumed to be builders.
LH-TRACT-16116,16116,evidence/lhdrs/tract_maps/TR_16116_MM_830_35-40.pdf,6,12.106,71,,16026,LH-TRACT-16025,"LOT B AND LETTERED LOTS L, ""M, ""N', ""O"", ""P AND STATE OF CALIFORNIA DATE: MAY 16, 2002 22 THROUGH 29, INCLUSIVE, OF MISCELLANEOUS MAPS, IN THE OFFICE OF *P OF TRACT NO. 16026",16026->16025,"DMB Ladera, L.L.C.;Rancho Mission Viejo, L.L.C.",title_sheet_owner_or_interest_holder_not_necessarily_builder,2002-05-16,LH-SRC-OC-LMS-TRACT-PDFS,macOS Vision OCR of sheet 1 with geometry-assisted numeric review,visual_interpretation,medium,ocr_structured_visual_spot_check_required,not_established,not_established,OCR may misread survey text and digits. Parent-map normalization uses only known intersecting tract IDs; title-sheet parties are not assumed to be builders.
LH-TRACT-16117,16117,evidence/lhdrs/tract_maps/TR_16117_MM_826_1-3.pdf,3,4.253,22,,,,,,"DMB Ladera, L.L.C.;Rancho Mission Viejo, L.L.C.;Standard Pacific Corp.",title_sheet_owner_or_interest_holder_not_necessarily_builder,2001-12-26,LH-SRC-OC-LMS-TRACT-PDFS,macOS Vision OCR of sheet 1 with geometry-assisted numeric review,documented_exact,high,ocr_structured_visual_spot_check_required,not_established,not_established,OCR may misread survey text and digits. Parent-map normalization uses only known intersecting tract IDs; title-sheet parties are not assumed to be builders.
LH-TRACT-16118,16118,evidence/lhdrs/tract_maps/TR_16118_MM_823_30-33.pdf,4,8.870,,,16156,LH-TRACT-16156,"LOT 3, TRACT NO. 16156",,"DMB Ladera, L.L.C.;William Lyon Homes, Inc.",title_sheet_owner_or_interest_holder_not_necessarily_builder,2001-10-26,LH-SRC-OC-LMS-TRACT-PDFS,macOS Vision OCR of sheet 1 with geometry-assisted numeric review,documented_exact,high,ocr_structured_visual_spot_check_required,not_established,not_established,OCR may misread survey text and digits. Parent-map normalization uses only known intersecting tract IDs; title-sheet parties are not assumed to be builders.
LH-TRACT-16119,16119,evidence/lhdrs/tract_maps/TR_16119_MM_824_48-50.pdf,3,2.846,12,,,,,,"DMB Ladera, L.L.C.;Standard Pacific Corp.",title_sheet_owner_or_interest_holder_not_necessarily_builder,2001-12-26,LH-SRC-OC-LMS-TRACT-PDFS,macOS Vision OCR of sheet 1 with geometry-assisted numeric review,documented_exact,high,ocr_structured_visual_spot_check_required,not_established,not_established,OCR may misread survey text and digits. Parent-map normalization uses only known intersecting tract IDs; title-sheet parties are not assumed to be builders.
LH-TRACT-16120,16120,evidence/lhdrs/tract_maps/TR_16120_MM_822_40-43.pdf,,,,,,,,,"DMB Ladera, L.L.C.;Rancho Mission Viejo, L.L.C.",title_sheet_owner_or_interest_holder_not_necessarily_builder,2001-10-12,LH-SRC-OC-LMS-TRACT-PDFS,macOS Vision OCR of sheet 1 with geometry-assisted numeric review,documented_exact,high,ocr_structured_visual_spot_check_required,not_established,not_established,OCR may misread survey text and digits. Parent-map normalization uses only known intersecting tract IDs; title-sheet parties are not assumed to be builders.
LH-TRACT-16121,16121,evidence/lhdrs/tract_maps/TR_16121_MM_825_46-50.pdf,5,10.301,47,6,,,,,"DMB Ladera, L.L.C.;Standard Pacific Corp.",title_sheet_owner_or_interest_holder_not_necessarily_builder,2001-12-26,LH-SRC-OC-LMS-TRACT-PDFS,macOS Vision OCR of sheet 1 with geometry-assisted numeric review,documented_exact,high,ocr_structured_visual_spot_check_required,not_established,not_established,OCR may misread survey text and digits. Parent-map normalization uses only known intersecting tract IDs; title-sheet parties are not assumed to be builders.
LH-TRACT-16122,16122,evidence/lhdrs/tract_maps/TR_16122_MM_823_34-38.pdf,,,,,,,,,"DMB Ladera, L.L.C.;Rancho Mission Viejo, L.L.C.;John Laing Homes",title_sheet_owner_or_interest_holder_not_necessarily_builder,2001-12-26,LH-SRC-OC-LMS-TRACT-PDFS,macOS Vision OCR of sheet 1 with geometry-assisted numeric review,documented_exact,high,ocr_structured_visual_spot_check_required,not_established,not_established,OCR may misread survey text and digits. Parent-map normalization uses only known intersecting tract IDs; title-sheet parties are not assumed to be builders.
LH-TRACT-16126,16126,evidence/lhdrs/tract_maps/TR_16126_MM_824_15-20.pdf,,6.021,,,18128;16165,LH-TRACT-16156,"LOTS TRACT NO. 18128 | LOTS 2, C AND D OF TRACT NO. 16165",18128->unresolved;16165->16156,"Rancho Mission Viejo, L.L.C.;Warmington Homes",title_sheet_owner_or_interest_holder_not_necessarily_builder,2001-11-08,LH-SRC-OC-LMS-TRACT-PDFS,macOS Vision OCR of sheet 1 with geometry-assisted numeric review,visual_interpretation,medium,ocr_structured_visual_spot_check_required,not_established,not_established,OCR may misread survey text and digits. Parent-map normalization uses only known intersecting tract IDs; title-sheet parties are not assumed to be builders.
LH-TRACT-16127,16127,evidence/lhdrs/tract_maps/TR_16127_MM_821_29-34.pdf,,4.958,,,16166,,"LOTS 7, AL, AD, AK AND AL OF TRACT NO. 16166",16166->unresolved,"DMB Ladera, L.L.C.;Rancho Mission Viejo, L.L.C.;Warmington Homes",title_sheet_owner_or_interest_holder_not_necessarily_builder,2001-07-30,LH-SRC-OC-LMS-TRACT-PDFS,macOS Vision OCR of sheet 1 with geometry-assisted numeric review,visual_interpretation,medium,ocr_structured_visual_spot_check_required,not_established,not_established,OCR may misread survey text and digits. Parent-map normalization uses only known intersecting tract IDs; title-sheet parties are not assumed to be builders.
LH-TRACT-16155,16155,evidence/lhdrs/tract_maps/TR_16155_MM_812_30-39.pdf,10,100.789,10,40,,,,,"DMB Ladera, L.L.C.",title_sheet_owner_or_interest_holder_not_necessarily_builder,2001-01-26,LH-SRC-OC-LMS-TRACT-PDFS,macOS Vision OCR of sheet 1 with geometry-assisted numeric review,documented_exact,high,ocr_structured_visual_spot_check_required,not_established,not_established,OCR may misread survey text and digits. Parent-map normalization uses only known intersecting tract IDs; title-sheet parties are not assumed to be builders.
LH-TRACT-16156,16156,evidence/lhdrs/tract_maps/TR_16156_MM_812_40-48.pdf,9,71.991,7,27,,,,,"DMB Ladera, L.L.C.",title_sheet_owner_or_interest_holder_not_necessarily_builder,2001-01-26,LH-SRC-OC-LMS-TRACT-PDFS,macOS Vision OCR of sheet 1 with geometry-assisted numeric review,documented_exact,high,ocr_structured_visual_spot_check_required,not_established,not_established,OCR may misread survey text and digits. Parent-map normalization uses only known intersecting tract IDs; title-sheet parties are not assumed to be builders.
LH-TRACT-16157,16157,evidence/lhdrs/tract_maps/TR_16157_MM_813_1-9.pdf,9,69.655,9,15,,,,,"DMB Ladera, L.L.C.",title_sheet_owner_or_interest_holder_not_necessarily_builder,2001-01-26,LH-SRC-OC-LMS-TRACT-PDFS,macOS Vision OCR of sheet 1 with geometry-assisted numeric review,documented_exact,high,ocr_structured_visual_spot_check_required,not_established,not_established,OCR may misread survey text and digits. Parent-map normalization uses only known intersecting tract IDs; title-sheet parties are not assumed to be builders.
LH-TRACT-16203,16203,evidence/lhdrs/tract_maps/TR_16203_MM_826_8-20.pdf,13,142.159,13,24,,,,,"Rancho Mission Viejo, L.L.C.",title_sheet_owner_or_interest_holder_not_necessarily_builder,2002-01-24,LH-SRC-OC-LMS-TRACT-PDFS,macOS Vision OCR of sheet 1 with geometry-assisted numeric review,documented_exact,high,ocr_structured_visual_spot_check_required,not_established,not_established,OCR may misread survey text and digits. Parent-map normalization uses only known intersecting tract IDs; title-sheet parties are not assumed to be builders.
LH-TRACT-16234,16234,evidence/lhdrs/tract_maps/TR_16234_MM_825_19-29.pdf,11,109.683,9,20,,,,,"DMB Ladera, L.L.C.",title_sheet_owner_or_interest_holder_not_necessarily_builder,2001-12-26,LH-SRC-OC-LMS-TRACT-PDFS,macOS Vision OCR of sheet 1 with geometry-assisted numeric review,documented_exact,high,ocr_structured_visual_spot_check_required,not_established,not_established,OCR may misread survey text and digits. Parent-map normalization uses only known intersecting tract IDs; title-sheet parties are not assumed to be builders.
LH-TRACT-16235,16235,evidence/lhdrs/tract_maps/TR_16235_MM_825_30-39.pdf,10,64.257,4,12,,,,,"DMB Ladera, L.L.C.",title_sheet_owner_or_interest_holder_not_necessarily_builder,2002-02-14,LH-SRC-OC-LMS-TRACT-PDFS,macOS Vision OCR of sheet 1 with geometry-assisted numeric review,documented_exact,high,ocr_structured_visual_spot_check_required,not_established,not_established,OCR may misread survey text and digits. Parent-map normalization uses only known intersecting tract IDs; title-sheet parties are not assumed to be builders.
LH-TRACT-16236,16236,evidence/lhdrs/tract_maps/TR_16236_MM_832_24-29.pdf,6,12.048,88,,16234,LH-TRACT-16234,LOT 3 OF TRACT NO. 16234,,"DMB Ladera, L.L.C.",title_sheet_owner_or_interest_holder_not_necessarily_builder,2002-05-29,LH-SRC-OC-LMS-TRACT-PDFS,macOS Vision OCR of sheet 1 with geometry-assisted numeric review,documented_exact,high,ocr_structured_visual_spot_check_required,not_established,not_established,OCR may misread survey text and digits. Parent-map normalization uses only known intersecting tract IDs; title-sheet parties are not assumed to be builders.
LH-TRACT-16237,16237,evidence/lhdrs/tract_maps/TR_16237_MM_835_17-20.pdf,4,,44,,16234,LH-TRACT-16234,LOT 2 OF TRACT NO. 16234,,"DMB Ladera, L.L.C.;Shea Homes",title_sheet_owner_or_interest_holder_not_necessarily_builder,2002-08-14,LH-SRC-OC-LMS-TRACT-PDFS,macOS Vision OCR of sheet 1 with geometry-assisted numeric review,documented_exact,high,ocr_structured_visual_spot_check_required,not_established,not_established,OCR may misread survey text and digits. Parent-map normalization uses only known intersecting tract IDs; title-sheet parties are not assumed to be builders.
LH-TRACT-16238,16238,evidence/lhdrs/tract_maps/TR_16238_MM_835_21-25.pdf,5,12.530,54,,,,,,"DMB Ladera, L.L.C.;Standard Pacific Corp.",title_sheet_owner_or_interest_holder_not_necessarily_builder,2002-08-21,LH-SRC-OC-LMS-TRACT-PDFS,macOS Vision OCR of sheet 1 with geometry-assisted numeric review,documented_exact,high,ocr_structured_visual_spot_check_required,not_established,not_established,OCR may misread survey text and digits. Parent-map normalization uses only known intersecting tract IDs; title-sheet parties are not assumed to be builders.
LH-TRACT-16239,16239,evidence/lhdrs/tract_maps/TR_16239_MM_834_9-15.pdf,7,13.419,,,,,,,"DMB Ladera, L.L.C.",title_sheet_owner_or_interest_holder_not_necessarily_builder,2002-06-26,LH-SRC-OC-LMS-TRACT-PDFS,macOS Vision OCR of sheet 1 with geometry-assisted numeric review,documented_exact,high,ocr_structured_visual_spot_check_required,not_established,not_established,OCR may misread survey text and digits. Parent-map normalization uses only known intersecting tract IDs; title-sheet parties are not assumed to be builders.
LH-TRACT-16240,16240,evidence/lhdrs/tract_maps/TR_16240_MM_834_22-25.pdf,,0.985,,,16234,LH-TRACT-16234,LOT 6 OF TRACT NO. 16234,,"Rancho Mission Viejo, L.L.C.",title_sheet_owner_or_interest_holder_not_necessarily_builder,2002-06-28,LH-SRC-OC-LMS-TRACT-PDFS,macOS Vision OCR of sheet 1 with geometry-assisted numeric review,documented_exact,high,ocr_structured_visual_spot_check_required,not_established,not_established,OCR may misread survey text and digits. Parent-map normalization uses only known intersecting tract IDs; title-sheet parties are not assumed to be builders.
LH-TRACT-16241,16241,evidence/lhdrs/tract_maps/TR_16241_MM_840_32-36.pdf,5,8.940,,,,,,,"DMB Ladera, L.L.C.;Shea Homes",title_sheet_owner_or_interest_holder_not_necessarily_builder,2003-02-25,LH-SRC-OC-LMS-TRACT-PDFS,macOS Vision OCR of sheet 1 with geometry-assisted numeric review,documented_exact,high,ocr_structured_visual_spot_check_required,not_established,not_established,OCR may misread survey text and digits. Parent-map normalization uses only known intersecting tract IDs; title-sheet parties are not assumed to be builders.
LH-TRACT-16242,16242,evidence/lhdrs/tract_maps/TR_16242_MM_833_24-27.pdf,4,5.549,,,,,,,"DMB Ladera, L.L.C.;Rancho Mission Viejo, L.L.C.",title_sheet_owner_or_interest_holder_not_necessarily_builder,2002-06-18,LH-SRC-OC-LMS-TRACT-PDFS,macOS Vision OCR of sheet 1 with geometry-assisted numeric review,documented_exact,high,ocr_structured_visual_spot_check_required,not_established,not_established,OCR may misread survey text and digits. Parent-map normalization uses only known intersecting tract IDs; title-sheet parties are not assumed to be builders.
LH-TRACT-16243,16243,evidence/lhdrs/tract_maps/TR_16243_MM_835_34-39.pdf,,9.905,,,16235,LH-TRACT-16235,LOT 1 OF TRACT NO. 16235,,,title_sheet_owner_or_interest_holder_not_necessarily_builder,2002-08-30,LH-SRC-OC-LMS-TRACT-PDFS,macOS Vision OCR of sheet 1 with geometry-assisted numeric review,documented_exact,high,ocr_structured_visual_spot_check_required,not_established,not_established,OCR may misread survey text and digits. Parent-map normalization uses only known intersecting tract IDs; title-sheet parties are not assumed to be builders.
LH-TRACT-16244,16244,evidence/lhdrs/tract_maps/TR_16244_MM_840_47-50.pdf,4,,34,34,,,,,"DMB Ladera, L.L.C.;Shea Homes",title_sheet_owner_or_interest_holder_not_necessarily_builder,2003-05-02,LH-SRC-OC-LMS-TRACT-PDFS,macOS Vision OCR of sheet 1 with geometry-assisted numeric review,documented_exact,high,ocr_structured_visual_spot_check_required,not_established,not_established,OCR may misread survey text and digits. Parent-map normalization uses only known intersecting tract IDs; title-sheet parties are not assumed to be builders.
LH-TRACT-16245,16245,evidence/lhdrs/tract_maps/TR_16245_MM_835_7-11.pdf,5,10.738,,,,,,,"DMB Ladera, L.L.C.;Rancho Mission Viejo, L.L.C.",title_sheet_owner_or_interest_holder_not_necessarily_builder,2002-07-26,LH-SRC-OC-LMS-TRACT-PDFS,macOS Vision OCR of sheet 1 with geometry-assisted numeric review,documented_exact,high,ocr_structured_visual_spot_check_required,not_established,not_established,OCR may misread survey text and digits. Parent-map normalization uses only known intersecting tract IDs; title-sheet parties are not assumed to be builders.
LH-TRACT-16246,16246,evidence/lhdrs/tract_maps/TR_16246_MM_842_45-49.pdf,5,15.928,64,5,,,,,Standard Pacific Corp.,title_sheet_owner_or_interest_holder_not_necessarily_builder,2003-05-02,LH-SRC-OC-LMS-TRACT-PDFS,macOS Vision OCR of sheet 1 with geometry-assisted numeric review,documented_exact,high,ocr_structured_visual_spot_check_required,not_established,not_established,OCR may misread survey text and digits. Parent-map normalization uses only known intersecting tract IDs; title-sheet parties are not assumed to be builders.
LH-TRACT-16247,16247,evidence/lhdrs/tract_maps/TR_16247_MM_832_16-19.pdf,4,5.412,,,,,,,"Richmond American Homes of California, Inc.",title_sheet_owner_or_interest_holder_not_necessarily_builder,2002-05-24,LH-SRC-OC-LMS-TRACT-PDFS,macOS Vision OCR of sheet 1 with geometry-assisted numeric review,documented_exact,high,ocr_structured_visual_spot_check_required,not_established,not_established,OCR may misread survey text and digits. Parent-map normalization uses only known intersecting tract IDs; title-sheet parties are not assumed to be builders.
LH-TRACT-16248,16248,evidence/lhdrs/tract_maps/TR_16248_MM_839_27-33.pdf,7,6.963,,,,,,,"DMB Ladera, L.L.C.;Rancho Mission Viejo, L.L.C.",title_sheet_owner_or_interest_holder_not_necessarily_builder,2003-01-17,LH-SRC-OC-LMS-TRACT-PDFS,macOS Vision OCR of sheet 1 with geometry-assisted numeric review,documented_exact,high,ocr_structured_visual_spot_check_required,not_established,not_established,OCR may misread survey text and digits. Parent-map normalization uses only known intersecting tract IDs; title-sheet parties are not assumed to be builders.
LH-TRACT-16249,16249,evidence/lhdrs/tract_maps/TR_16249_MM_835_26-33.pdf,8,7.537,,,,,,,"Rancho Mission Viejo, L.L.C.;Ladera Development Company",title_sheet_owner_or_interest_holder_not_necessarily_builder,2002-08-22,LH-SRC-OC-LMS-TRACT-PDFS,macOS Vision OCR of sheet 1 with geometry-assisted numeric review,documented_exact,high,ocr_structured_visual_spot_check_required,not_established,not_established,OCR may misread survey text and digits. Parent-map normalization uses only known intersecting tract IDs; title-sheet parties are not assumed to be builders.
LH-TRACT-16250,16250,evidence/lhdrs/tract_maps/TR_16250_MM_832_20-23.pdf,4,8.278,,,,,,,"Richmond American Homes of California, Inc.",title_sheet_owner_or_interest_holder_not_necessarily_builder,2002-05-24,LH-SRC-OC-LMS-TRACT-PDFS,macOS Vision OCR of sheet 1 with geometry-assisted numeric review,documented_exact,high,ocr_structured_visual_spot_check_required,not_established,not_established,OCR may misread survey text and digits. Parent-map normalization uses only known intersecting tract IDs; title-sheet parties are not assumed to be builders.
LH-TRACT-16270,16270,evidence/lhdrs/tract_maps/TR_16270_MM_836_40-43.pdf,4,3.386,,,,,,,"Rancho Mission Viejo, L.L.C.;Standard Pacific Corp.",title_sheet_owner_or_interest_holder_not_necessarily_builder,2002-09-27,LH-SRC-OC-LMS-TRACT-PDFS,macOS Vision OCR of sheet 1 with geometry-assisted numeric review,documented_exact,high,ocr_structured_visual_spot_check_required,not_established,not_established,OCR may misread survey text and digits. Parent-map normalization uses only known intersecting tract IDs; title-sheet parties are not assumed to be builders.
LH-TRACT-16271,16271,evidence/lhdrs/tract_maps/TR_16271_MM_839_34-45.pdf,12,119.147,10,34,,,,,"DMB Ladera, L.L.C.;Rancho Mission Viejo, L.L.C.",title_sheet_owner_or_interest_holder_not_necessarily_builder,2003-02-27,LH-SRC-OC-LMS-TRACT-PDFS,macOS Vision OCR of sheet 1 with geometry-assisted numeric review,documented_exact,high,ocr_structured_visual_spot_check_required,not_established,not_established,OCR may misread survey text and digits. Parent-map normalization uses only known intersecting tract IDs; title-sheet parties are not assumed to be builders.
LH-TRACT-16341,16341,evidence/lhdrs/tract_maps/TR_16341_MM_840_1-20.pdf,20,168.726,17,63,,,,,"DMB Ladera, L.L.C.",title_sheet_owner_or_interest_holder_not_necessarily_builder,2003-02-27,LH-SRC-OC-LMS-TRACT-PDFS,macOS Vision OCR of sheet 1 with geometry-assisted numeric review,documented_exact,high,ocr_structured_visual_spot_check_required,not_established,not_established,OCR may misread survey text and digits. Parent-map normalization uses only known intersecting tract IDs; title-sheet parties are not assumed to be builders.
LH-TRACT-16342,16342,evidence/lhdrs/tract_maps/TR_16342_MM_847_36-39.pdf,4,9.787,38,,18341,LH-TRACT-16341,"LOTS 3, 7 AND LETTERED LOT BK OF TRACT NO. 18341",18341->16341,"DMB Ladera, L.L.C.",title_sheet_owner_or_interest_holder_not_necessarily_builder,2003-07-25,LH-SRC-OC-LMS-TRACT-PDFS,macOS Vision OCR of sheet 1 with geometry-assisted numeric review,visual_interpretation,medium,ocr_structured_visual_spot_check_required,not_established,not_established,OCR may misread survey text and digits. Parent-map normalization uses only known intersecting tract IDs; title-sheet parties are not assumed to be builders.
LH-TRACT-16346,16346,evidence/lhdrs/tract_maps/TR_16346_MM_848_15-18.pdf,,,,,16341,LH-TRACT-16341,LOT 12 OF TRACT NO. 16341,,"DMB Ladera, L.L.C.",title_sheet_owner_or_interest_holder_not_necessarily_builder,2003-08-18,LH-SRC-OC-LMS-TRACT-PDFS,macOS Vision OCR of sheet 1 with geometry-assisted numeric review,documented_exact,high,ocr_structured_visual_spot_check_required,not_established,not_established,OCR may misread survey text and digits. Parent-map normalization uses only known intersecting tract IDs; title-sheet parties are not assumed to be builders.
LH-TRACT-16347,16347,evidence/lhdrs/tract_maps/TR_16347_MM_849_31-39.pdf,9,9.319,,,16341,LH-TRACT-16341,"LOTS A THROUGH V TOTAL LOTS: NUMBERED LOTS 1 THROUGH ES IN THE UNINCORPORATED TERRITORY OF THE COUNTY OF ORANGE, TOTAL ACREAGE: 9.319 ACRES BEING A SUBDIVISION OF LOT 13, AS SHOWN ON TRACT NO. 16341",,"DMB Ladera, L.L.C.;William Lyon Homes, Inc.",title_sheet_owner_or_interest_holder_not_necessarily_builder,2003-09-19,LH-SRC-OC-LMS-TRACT-PDFS,macOS Vision OCR of sheet 1 with geometry-assisted numeric review,documented_exact,high,ocr_structured_visual_spot_check_required,not_established,not_established,OCR may misread survey text and digits. Parent-map normalization uses only known intersecting tract IDs; title-sheet parties are not assumed to be builders.
LH-TRACT-16348,16348,evidence/lhdrs/tract_maps/TR_16348_MM_848_23-28.pdf,6,7.912,,,,,,,"DMB Ladera, L.L.C.;Rancho Mission Viejo, L.L.C.;Richmond American Homes of California, Inc.",title_sheet_owner_or_interest_holder_not_necessarily_builder,2003-08-18,LH-SRC-OC-LMS-TRACT-PDFS,macOS Vision OCR of sheet 1 with geometry-assisted numeric review,documented_exact,high,ocr_structured_visual_spot_check_required,not_established,not_established,OCR may misread survey text and digits. Parent-map normalization uses only known intersecting tract IDs; title-sheet parties are not assumed to be builders.
LH-TRACT-16349,16349,evidence/lhdrs/tract_maps/TR_16349_MM_847_5-10.pdf,6,,,,,,,,"DMB Ladera, L.L.C.;Rancho Mission Viejo, L.L.C.",title_sheet_owner_or_interest_holder_not_necessarily_builder,2003-07-08,LH-SRC-OC-LMS-TRACT-PDFS,macOS Vision OCR of sheet 1 with geometry-assisted numeric review,documented_exact,high,ocr_structured_visual_spot_check_required,not_established,not_established,OCR may misread survey text and digits. Parent-map normalization uses only known intersecting tract IDs; title-sheet parties are not assumed to be builders.
LH-TRACT-16350,16350,evidence/lhdrs/tract_maps/TR_16350_MM_847_1-4.pdf,,9.073,,,18341,LH-TRACT-16341,LOT 17 OF TRACT NO. 18341,18341->16341,"Rancho Mission Viejo, L.L.C.",title_sheet_owner_or_interest_holder_not_necessarily_builder,2003-07-08,LH-SRC-OC-LMS-TRACT-PDFS,macOS Vision OCR of sheet 1 with geometry-assisted numeric review,visual_interpretation,medium,ocr_structured_visual_spot_check_required,not_established,not_established,OCR may misread survey text and digits. Parent-map normalization uses only known intersecting tract IDs; title-sheet parties are not assumed to be builders.
LH-TRACT-16351,16351,evidence/lhdrs/tract_maps/TR_16351_MM_850_28-32.pdf,5,9.186,,,16271,LH-TRACT-16271,LOT 1 OF TRACT NO. 16271,,"DMB Ladera, L.L.C.;Rancho Mission Viejo, L.L.C.",title_sheet_owner_or_interest_holder_not_necessarily_builder,2003-10-31,LH-SRC-OC-LMS-TRACT-PDFS,macOS Vision OCR of sheet 1 with geometry-assisted numeric review,documented_exact,high,ocr_structured_visual_spot_check_required,not_established,not_established,OCR may misread survey text and digits. Parent-map normalization uses only known intersecting tract IDs; title-sheet parties are not assumed to be builders.
LH-TRACT-16352,16352,evidence/lhdrs/tract_maps/TR_16352_MM_850_33-37.pdf,5,4.255,39,,,,,,"DMB Ladera, L.L.C.;Rancho Mission Viejo, L.L.C.;Richmond American Homes of California, Inc.",title_sheet_owner_or_interest_holder_not_necessarily_builder,2003-10-31,LH-SRC-OC-LMS-TRACT-PDFS,macOS Vision OCR of sheet 1 with geometry-assisted numeric review,documented_exact,high,ocr_structured_visual_spot_check_required,not_established,not_established,OCR may misread survey text and digits. Parent-map normalization uses only known intersecting tract IDs; title-sheet parties are not assumed to be builders.
LH-TRACT-16353,16353,evidence/lhdrs/tract_maps/TR_16353_MM_853_16-20.pdf,5,,,,16271,LH-TRACT-16271,"LOTS 1 THROUGH 44 IN THE UNINCORPORATED TERRITORY OF THE COUNTY OF ORANGE, FIDELITY NATIONAL TITLE COMPANY BEING A SUBDIVISION OF LOT 7, AS SHOWN ON TRACT NO. 16271",,"DMB Ladera, L.L.C.;William Lyon Homes, Inc.",title_sheet_owner_or_interest_holder_not_necessarily_builder,2003-12-19,LH-SRC-OC-LMS-TRACT-PDFS,macOS Vision OCR of sheet 1 with geometry-assisted numeric review,documented_exact,high,ocr_structured_visual_spot_check_required,not_established,not_established,OCR may misread survey text and digits. Parent-map normalization uses only known intersecting tract IDs; title-sheet parties are not assumed to be builders.
LH-TRACT-16354,16354,evidence/lhdrs/tract_maps/TR_16354_MM_848_19-22.pdf,4,,43,,16271,LH-TRACT-16271,LOT 10 OF TRACT NO. 16271,,"DMB Ladera, L.L.C.;Shea Homes",title_sheet_owner_or_interest_holder_not_necessarily_builder,2003-08-18,LH-SRC-OC-LMS-TRACT-PDFS,macOS Vision OCR of sheet 1 with geometry-assisted numeric review,documented_exact,high,ocr_structured_visual_spot_check_required,not_established,not_established,OCR may misread survey text and digits. Parent-map normalization uses only known intersecting tract IDs; title-sheet parties are not assumed to be builders.
LH-TRACT-16355,16355,evidence/lhdrs/tract_maps/TR_16355_MM_852_1-6.pdf,,9.196,,,16271,LH-TRACT-16271,"LOT 9, AS SHOWN ON TRACT NO. 16271",,"DMB Ladera, L.L.C.",title_sheet_owner_or_interest_holder_not_necessarily_builder,2003-12-18,LH-SRC-OC-LMS-TRACT-PDFS,macOS Vision OCR of sheet 1 with geometry-assisted numeric review,documented_exact,high,ocr_structured_visual_spot_check_required,not_established,not_established,OCR may misread survey text and digits. Parent-map normalization uses only known intersecting tract IDs; title-sheet parties are not assumed to be builders.
LH-TRACT-16356,16356,evidence/lhdrs/tract_maps/TR_16356_MM_848_44-46.pdf,,,9,,16271,LH-TRACT-16271,LOT 8 OF TRACT NO. 16271,,"DMB Ladera, L.L.C.;Rancho Mission Viejo, L.L.C.",title_sheet_owner_or_interest_holder_not_necessarily_builder,2003-08-28,LH-SRC-OC-LMS-TRACT-PDFS,macOS Vision OCR of sheet 1 with geometry-assisted numeric review,documented_exact,high,ocr_structured_visual_spot_check_required,not_established,not_established,OCR may misread survey text and digits. Parent-map normalization uses only known intersecting tract IDs; title-sheet parties are not assumed to be builders.
LH-TRACT-16384,16384,evidence/lhdrs/tract_maps/TR_16384_MM_853_39-42.pdf,4,5.675,20,,,,,,Standard Pacific Corp.,title_sheet_owner_or_interest_holder_not_necessarily_builder,2004-02-13,LH-SRC-OC-LMS-TRACT-PDFS,macOS Vision OCR of sheet 1 with geometry-assisted numeric review,documented_exact,high,ocr_structured_visual_spot_check_required,not_established,not_established,OCR may misread survey text and digits. Parent-map normalization uses only known intersecting tract IDs; title-sheet parties are not assumed to be builders.
LH-TRACT-16385,16385,evidence/lhdrs/tract_maps/TR_16385_MM_853_34-38.pdf,,5.578,,,15987,LH-TRACT-15987,"LOTS 6, AH, AD, AK, AND AL AS SHOWN ON TRACT NO. 15987",,"DMB Ladera, L.L.C.;Rancho Mission Viejo, L.L.C.;Standard Pacific Corp.",title_sheet_owner_or_interest_holder_not_necessarily_builder,2004-02-13,LH-SRC-OC-LMS-TRACT-PDFS,macOS Vision OCR of sheet 1 with geometry-assisted numeric review,documented_exact,high,ocr_structured_visual_spot_check_required,not_established,not_established,OCR may misread survey text and digits. Parent-map normalization uses only known intersecting tract IDs; title-sheet parties are not assumed to be builders.
LH-TRACT-16386,16386,evidence/lhdrs/tract_maps/TR_16386_MM_852_45-49.pdf,5,6.309,21,,,,,,Standard Pacific Corp.,title_sheet_owner_or_interest_holder_not_necessarily_builder,2004-02-13,LH-SRC-OC-LMS-TRACT-PDFS,macOS Vision OCR of sheet 1 with geometry-assisted numeric review,documented_exact,high,ocr_structured_visual_spot_check_required,not_established,not_established,OCR may misread survey text and digits. Parent-map normalization uses only known intersecting tract IDs; title-sheet parties are not assumed to be builders.
LH-TRACT-16387,16387,evidence/lhdrs/tract_maps/TR_16387_MM_853_47-50.pdf,,,,,16987,LH-TRACT-15987,"LOTS 8, AU, AV AND AW OF TRACT NO. 16987",16987->15987,"Rancho Mission Viejo, L.L.C.;Shea Homes",title_sheet_owner_or_interest_holder_not_necessarily_builder,2004-02-04,LH-SRC-OC-LMS-TRACT-PDFS,macOS Vision OCR of sheet 1 with geometry-assisted numeric review,visual_interpretation,medium,ocr_structured_visual_spot_check_required,not_established,not_established,OCR may misread survey text and digits. Parent-map normalization uses only known intersecting tract IDs; title-sheet parties are not assumed to be builders.
LH-TRACT-16388,16388,evidence/lhdrs/tract_maps/TR_16388_MM_854_1-5.pdf,,7.090,3,,15987,LH-TRACT-15987,LOT 9 OF TRACT NO. 15987,,"DMB Ladera, L.L.C.;Shea Homes",title_sheet_owner_or_interest_holder_not_necessarily_builder,2004-01-30,LH-SRC-OC-LMS-TRACT-PDFS,macOS Vision OCR of sheet 1 with geometry-assisted numeric review,documented_exact,high,ocr_structured_visual_spot_check_required,not_established,not_established,OCR may misread survey text and digits. Parent-map normalization uses only known intersecting tract IDs; title-sheet parties are not assumed to be builders.
LH-TRACT-16389,16389,evidence/lhdrs/tract_maps/TR_16389_MM_839_24-26.pdf,3,5.569,16,,15987,LH-TRACT-15987,LOT 10 OF TRACT NO. 15987,,"DMB Ladera, L.L.C.;Rancho Mission Viejo, L.L.C.",title_sheet_owner_or_interest_holder_not_necessarily_builder,2003-02-06,LH-SRC-OC-LMS-TRACT-PDFS,macOS Vision OCR of sheet 1 with geometry-assisted numeric review,documented_exact,high,ocr_structured_visual_spot_check_required,not_established,not_established,OCR may misread survey text and digits. Parent-map normalization uses only known intersecting tract IDs; title-sheet parties are not assumed to be builders.
LH-TRACT-16390,16390,evidence/lhdrs/tract_maps/TR_16390_MM_856_30-34.pdf,,,,,15986;15987,LH-TRACT-15986;LH-TRACT-15987,LOT 13 OF TRACT NO. 15986 | LOTS 11 AND CB OF TRACT NO. 15987,,"DMB Ladera, L.L.C.",title_sheet_owner_or_interest_holder_not_necessarily_builder,2004-04-23,LH-SRC-OC-LMS-TRACT-PDFS,macOS Vision OCR of sheet 1 with geometry-assisted numeric review,documented_exact,high,ocr_structured_visual_spot_check_required,not_established,not_established,OCR may misread survey text and digits. Parent-map normalization uses only known intersecting tract IDs; title-sheet parties are not assumed to be builders.
LH-TRACT-16391,16391,evidence/lhdrs/tract_maps/TR_16391_MM_861_29-35.pdf,,,46,,,,,,"Rancho Mission Viejo, L.L.C.;Warmington Homes",title_sheet_owner_or_interest_holder_not_necessarily_builder,2004-10-29,LH-SRC-OC-LMS-TRACT-PDFS,macOS Vision OCR of sheet 1 with geometry-assisted numeric review,documented_exact,high,ocr_structured_visual_spot_check_required,not_established,not_established,OCR may misread survey text and digits. Parent-map normalization uses only known intersecting tract IDs; title-sheet parties are not assumed to be builders.
LH-TRACT-16392,16392,evidence/lhdrs/tract_maps/TR_16392_MM_859_22-27.pdf,6,10.004,40,6,15986,LH-TRACT-15986,LOT 1 OF TRACT NO. 15986,,,title_sheet_owner_or_interest_holder_not_necessarily_builder,2004-07-06,LH-SRC-OC-LMS-TRACT-PDFS,macOS Vision OCR of sheet 1 with geometry-assisted numeric review,documented_exact,high,ocr_structured_visual_spot_check_required,not_established,not_established,OCR may misread survey text and digits. Parent-map normalization uses only known intersecting tract IDs; title-sheet parties are not assumed to be builders.
LH-TRACT-16393,16393,evidence/lhdrs/tract_maps/TR_16393_MM_859_17-21.pdf,5,3.506,13,,,,,,"DMB Ladera, L.L.C.;Rancho Mission Viejo, L.L.C.",title_sheet_owner_or_interest_holder_not_necessarily_builder,2004-07-19,LH-SRC-OC-LMS-TRACT-PDFS,macOS Vision OCR of sheet 1 with geometry-assisted numeric review,documented_exact,high,ocr_structured_visual_spot_check_required,not_established,not_established,OCR may misread survey text and digits. Parent-map normalization uses only known intersecting tract IDs; title-sheet parties are not assumed to be builders.
LH-TRACT-16394,16394,evidence/lhdrs/tract_maps/TR_16394_MM_859_33-37.pdf,5,,28,,1598,LH-TRACT-15986,"LOTS 9, 10, J AND N OF TRACT NO. 1598",1598->15986,"DMB Ladera, L.L.C.;William Lyon Homes, Inc.",title_sheet_owner_or_interest_holder_not_necessarily_builder,2004-07-06,LH-SRC-OC-LMS-TRACT-PDFS,macOS Vision OCR of sheet 1 with geometry-assisted numeric review,visual_interpretation,medium,ocr_structured_visual_spot_check_required,not_established,not_established,OCR may misread survey text and digits. Parent-map normalization uses only known intersecting tract IDs; title-sheet parties are not assumed to be builders.
LH-TRACT-16395,16395,evidence/lhdrs/tract_maps/TR_16395_MM_861_36-41.pdf,,17.490,37,,15988,LH-TRACT-15986,"LOTS 4, 5, AF AND AR OF TRACT NO. 15988",parent_number_visually_verified_from_title_sheet,"DMB Ladera, L.L.C.",title_sheet_owner_or_interest_holder_not_necessarily_builder,2004-10-28,LH-SRC-OC-LMS-TRACT-PDFS,macOS Vision OCR of sheet 1 with geometry-assisted numeric review,visual_interpretation,medium,ocr_structured_visual_spot_check_required,not_established,not_established,OCR may misread survey text and digits. Parent-map normalization uses only known intersecting tract IDs; title-sheet parties are not assumed to be builders.
LH-TRACT-16400,16400,evidence/lhdrs/tract_maps/TR_16400_MM_859_28-32.pdf,5,,24,,,,,,"DMB Ladera, L.L.C.;Rancho Mission Viejo, L.L.C.;William Lyon Homes, Inc.",title_sheet_owner_or_interest_holder_not_necessarily_builder,2004-07-06,LH-SRC-OC-LMS-TRACT-PDFS,macOS Vision OCR of sheet 1 with geometry-assisted numeric review,documented_exact,high,ocr_structured_visual_spot_check_required,not_established,not_established,OCR may misread survey text and digits. Parent-map normalization uses only known intersecting tract IDs; title-sheet parties are not assumed to be builders.
LH-TRACT-16414,16414,evidence/lhdrs/tract_maps/TR_16414_MM_838_47-50.pdf,4,5.384,16,,15987,LH-TRACT-15987,LOT 10 OF TRACT NO. 15987,,"DMB Ladera, L.L.C.",title_sheet_owner_or_interest_holder_not_necessarily_builder,2003-02-06,LH-SRC-OC-LMS-TRACT-PDFS,macOS Vision OCR of sheet 1 with geometry-assisted numeric review,documented_exact,high,ocr_structured_visual_spot_check_required,not_established,not_established,OCR may misread survey text and digits. Parent-map normalization uses only known intersecting tract IDs; title-sheet parties are not assumed to be builders.
LH-TRACT-16471,16471,evidence/lhdrs/tract_maps/TR_16471_MM_861_42-49.pdf,8,23.023,2,19,,,,,"DMB Ladera, L.L.C.;Rancho Mission Viejo, L.L.C.",title_sheet_owner_or_interest_holder_not_necessarily_builder,2004-10-28,LH-SRC-OC-LMS-TRACT-PDFS,macOS Vision OCR of sheet 1 with geometry-assisted numeric review,documented_exact,high,ocr_structured_visual_spot_check_required,not_established,not_established,OCR may misread survey text and digits. Parent-map normalization uses only known intersecting tract IDs; title-sheet parties are not assumed to be builders.
LH-TRACT-16472,16472,evidence/lhdrs/tract_maps/TR_16472_MM_862_1-10.pdf,10,19.486,68,,,,,,"DMB Ladera, L.L.C.",title_sheet_owner_or_interest_holder_not_necessarily_builder,2004-10-26,LH-SRC-OC-LMS-TRACT-PDFS,macOS Vision OCR of sheet 1 with geometry-assisted numeric review,documented_exact,high,ocr_structured_visual_spot_check_required,not_established,not_established,OCR may misread survey text and digits. Parent-map normalization uses only known intersecting tract IDs; title-sheet parties are not assumed to be builders.
LH-TRACT-16473,16473,evidence/lhdrs/tract_maps/TR_16473_MM_862_11-20.pdf,10,23.224,62,18,,,,,"DMB Ladera, L.L.C.;Rancho Mission Viejo, L.L.C.",title_sheet_owner_or_interest_holder_not_necessarily_builder,2004-10-26,LH-SRC-OC-LMS-TRACT-PDFS,macOS Vision OCR of sheet 1 with geometry-assisted numeric review,documented_exact,high,ocr_structured_visual_spot_check_required,not_established,not_established,OCR may misread survey text and digits. Parent-map normalization uses only known intersecting tract IDs; title-sheet parties are not assumed to be builders.
LH-TRACT-16504,16504,evidence/lhdrs/tract_maps/TR_16504_MM_856_37-41.pdf,5,10.897,,,15986,LH-TRACT-15986,"LOTS 7,8,AI AND AL OF TRACT NO. 15986",,"DMB Ladera, L.L.C.",title_sheet_owner_or_interest_holder_not_necessarily_builder,2004-04-30,LH-SRC-OC-LMS-TRACT-PDFS,macOS Vision OCR of sheet 1 with geometry-assisted numeric review,documented_exact,high,ocr_structured_visual_spot_check_required,not_established,not_established,OCR may misread survey text and digits. Parent-map normalization uses only known intersecting tract IDs; title-sheet parties are not assumed to be builders.
LH-TRACT-16505,16505,evidence/lhdrs/tract_maps/TR_16505_MM_856_42-46.pdf,5,9.293,34,34,,,,,"DMB Ladera, L.L.C.;Rancho Mission Viejo, L.L.C.;Warmington Homes",title_sheet_owner_or_interest_holder_not_necessarily_builder,2004-04-30,LH-SRC-OC-LMS-TRACT-PDFS,macOS Vision OCR of sheet 1 with geometry-assisted numeric review,documented_exact,high,ocr_structured_visual_spot_check_required,not_established,not_established,OCR may misread survey text and digits. Parent-map normalization uses only known intersecting tract IDs; title-sheet parties are not assumed to be builders.
LH-TRACT-16515,16515,evidence/lhdrs/tract_maps/TR_16515_MM_850_21-25.pdf,5,13.199,10,,15987,LH-TRACT-15987,"LOT LINE ADJUSTMENT NO. LL 2003-019 STATE OF CALIFORNIA DATE: OCTOBOB 22. 2003 COMMERCE TRE OGETHER WITH LOTS Y, Z AND AA OF TRACT NO. 15987",,"DMB Ladera, L.L.C.",title_sheet_owner_or_interest_holder_not_necessarily_builder,2003-10-27,LH-SRC-OC-LMS-TRACT-PDFS,macOS Vision OCR of sheet 1 with geometry-assisted numeric review,documented_exact,high,ocr_structured_visual_spot_check_required,not_established,not_established,OCR may misread survey text and digits. Parent-map normalization uses only known intersecting tract IDs; title-sheet parties are not assumed to be builders.
LH-TRACT-16586,16586,evidence/lhdrs/tract_maps/TR_16586_MM_858_29-44.pdf,16,101.015,127,34,,,,,"DMB Ladera, L.L.C.;Rancho Mission Viejo, L.L.C.",title_sheet_owner_or_interest_holder_not_necessarily_builder,2004-06-10,LH-SRC-OC-LMS-TRACT-PDFS,macOS Vision OCR of sheet 1 with geometry-assisted numeric review,documented_exact,high,ocr_structured_visual_spot_check_required,not_established,not_established,OCR may misread survey text and digits. Parent-map normalization uses only known intersecting tract IDs; title-sheet parties are not assumed to be builders.
LH-TRACT-16667,16667,evidence/lhdrs/tract_maps/TR_16667_MM_861_25-28.pdf,4,7.047,,,18385;15986,LH-TRACT-15986,"LOTS A THROUGH C, INCLUSIVE TENTATIVE TRACT NO. 18385 | LOT 6 OF TRACT NO. 15986",18385->unresolved,"DMB Ladera, L.L.C.;Rancho Mission Viejo, L.L.C.;Warmington Homes",title_sheet_owner_or_interest_holder_not_necessarily_builder,2004-10-29,LH-SRC-OC-LMS-TRACT-PDFS,macOS Vision OCR of sheet 1 with geometry-assisted numeric review,visual_interpretation,medium,ocr_structured_visual_spot_check_required,not_established,not_established,OCR may misread survey text and digits. Parent-map normalization uses only known intersecting tract IDs; title-sheet parties are not assumed to be builders.
LH-TRACT-16687,16687,evidence/lhdrs/tract_maps/TR_16687_MM_865_34-39.pdf,6,,36,,16988,LH-TRACT-15988,"LOT I BEING A SUBDIVISION OF LOTS 54, 56, I, J, K, L AND M OF TRACT NO. 16988",16988->15988;parent_number_visually_verified_from_title_sheet,"DMB Ladera, L.L.C.;Rancho Mission Viejo, L.L.C.",title_sheet_owner_or_interest_holder_not_necessarily_builder,2005-04-14,LH-SRC-OC-LMS-TRACT-PDFS,macOS Vision OCR of sheet 1 with geometry-assisted numeric review,visual_interpretation,medium,ocr_structured_visual_spot_check_required,not_established,not_established,OCR may misread survey text and digits. Parent-map normalization uses only known intersecting tract IDs; title-sheet parties are not assumed to be builders.
