tractMilestoneEvidenceId,tractId,milestoneType,earliestDate,latestDate,datePrecision,evidenceId,sourceIds,directOrInferred,confidence,confidenceRationale,physicalLifecycleMeaning,limitations,reviewStatus
LH-TRACT-EVIDENCE-15615-RECORDING,LH-TRACT-15615,legal_tract_map_recording,1998-12-11,1998-12-11,day,LH-OBS-TRACT-15615,LH-SRC-OC-TRACTS;LH-SRC-OC-LMS-TRACT-PDFS,direct,high,County GIS attribute and recorded map collection establish the legal recording milestone.,none_established,"Recording is not evidence of grading, construction, sale, habitability, or occupancy.",ocr_structured_visual_spot_check_required
LH-TRACT-EVIDENCE-15616-RECORDING,LH-TRACT-15616,legal_tract_map_recording,1999-06-30,1999-06-30,day,LH-OBS-TRACT-15616,LH-SRC-OC-TRACTS;LH-SRC-OC-LMS-TRACT-PDFS,direct,high,County GIS attribute and recorded map collection establish the legal recording milestone.,none_established,"Recording is not evidence of grading, construction, sale, habitability, or occupancy.",ocr_structured_visual_spot_check_required
LH-TRACT-EVIDENCE-15617-RECORDING,LH-TRACT-15617,legal_tract_map_recording,1999-07-28,1999-07-28,day,LH-OBS-TRACT-15617,LH-SRC-OC-TRACTS;LH-SRC-OC-LMS-TRACT-PDFS,direct,high,County GIS attribute and recorded map collection establish the legal recording milestone.,none_established,"Recording is not evidence of grading, construction, sale, habitability, or occupancy.",ocr_structured_visual_spot_check_required
LH-TRACT-EVIDENCE-15618-RECORDING,LH-TRACT-15618,legal_tract_map_recording,1999-05-28,1999-05-28,day,LH-OBS-TRACT-15618,LH-SRC-OC-TRACTS;LH-SRC-OC-LMS-TRACT-PDFS,direct,high,County GIS attribute and recorded map collection establish the legal recording milestone.,none_established,"Recording is not evidence of grading, construction, sale, habitability, or occupancy.",ocr_structured_visual_spot_check_required
LH-TRACT-EVIDENCE-15619-RECORDING,LH-TRACT-15619,legal_tract_map_recording,2001-03-09,2001-03-09,day,LH-OBS-TRACT-15619,LH-SRC-OC-TRACTS;LH-SRC-OC-LMS-TRACT-PDFS,direct,high,County GIS attribute and recorded map collection establish the legal recording milestone.,none_established,"Recording is not evidence of grading, construction, sale, habitability, or occupancy.",ocr_structured_visual_spot_check_required
LH-TRACT-EVIDENCE-15620-RECORDING,LH-TRACT-15620,legal_tract_map_recording,1999-05-15,1999-05-15,day,LH-OBS-TRACT-15620,LH-SRC-OC-TRACTS;LH-SRC-OC-LMS-TRACT-PDFS,direct,high,County GIS attribute and recorded map collection establish the legal recording milestone.,none_established,"Recording is not evidence of grading, construction, sale, habitability, or occupancy.",ocr_structured_visual_spot_check_required
LH-TRACT-EVIDENCE-15621-RECORDING,LH-TRACT-15621,legal_tract_map_recording,1999-03-30,1999-03-30,day,LH-OBS-TRACT-15621,LH-SRC-OC-TRACTS;LH-SRC-OC-LMS-TRACT-PDFS,direct,high,County GIS attribute and recorded map collection establish the legal recording milestone.,none_established,"Recording is not evidence of grading, construction, sale, habitability, or occupancy.",ocr_structured_visual_spot_check_required
LH-TRACT-EVIDENCE-15622-RECORDING,LH-TRACT-15622,legal_tract_map_recording,1999-05-14,1999-05-14,day,LH-OBS-TRACT-15622,LH-SRC-OC-TRACTS;LH-SRC-OC-LMS-TRACT-PDFS,direct,high,County GIS attribute and recorded map collection establish the legal recording milestone.,none_established,"Recording is not evidence of grading, construction, sale, habitability, or occupancy.",ocr_structured_visual_spot_check_required
LH-TRACT-EVIDENCE-15623-RECORDING,LH-TRACT-15623,legal_tract_map_recording,1999-05-04,1999-05-04,day,LH-OBS-TRACT-15623,LH-SRC-OC-TRACTS;LH-SRC-OC-LMS-TRACT-PDFS,direct,high,County GIS attribute and recorded map collection establish the legal recording milestone.,none_established,"Recording is not evidence of grading, construction, sale, habitability, or occupancy.",ocr_structured_visual_spot_check_required
LH-TRACT-EVIDENCE-15624-RECORDING,LH-TRACT-15624,legal_tract_map_recording,2000-04-06,2000-04-06,day,LH-OBS-TRACT-15624,LH-SRC-OC-TRACTS;LH-SRC-OC-LMS-TRACT-PDFS,direct,high,County GIS attribute and recorded map collection establish the legal recording milestone.,none_established,"Recording is not evidence of grading, construction, sale, habitability, or occupancy.",ocr_structured_visual_spot_check_required
LH-TRACT-EVIDENCE-15625-RECORDING,LH-TRACT-15625,legal_tract_map_recording,1999-04-22,1999-04-22,day,LH-OBS-TRACT-15625,LH-SRC-OC-TRACTS;LH-SRC-OC-LMS-TRACT-PDFS,direct,high,County GIS attribute and recorded map collection establish the legal recording milestone.,none_established,"Recording is not evidence of grading, construction, sale, habitability, or occupancy.",ocr_structured_visual_spot_check_required
LH-TRACT-EVIDENCE-15626-RECORDING,LH-TRACT-15626,legal_tract_map_recording,1999-05-07,1999-05-07,day,LH-OBS-TRACT-15626,LH-SRC-OC-TRACTS;LH-SRC-OC-LMS-TRACT-PDFS,direct,high,County GIS attribute and recorded map collection establish the legal recording milestone.,none_established,"Recording is not evidence of grading, construction, sale, habitability, or occupancy.",ocr_structured_visual_spot_check_required
LH-TRACT-EVIDENCE-15627-RECORDING,LH-TRACT-15627,legal_tract_map_recording,1999-05-14,1999-05-14,day,LH-OBS-TRACT-15627,LH-SRC-OC-TRACTS;LH-SRC-OC-LMS-TRACT-PDFS,direct,high,County GIS attribute and recorded map collection establish the legal recording milestone.,none_established,"Recording is not evidence of grading, construction, sale, habitability, or occupancy.",ocr_structured_visual_spot_check_required
LH-TRACT-EVIDENCE-15628-RECORDING,LH-TRACT-15628,legal_tract_map_recording,1999-05-25,1999-05-25,day,LH-OBS-TRACT-15628,LH-SRC-OC-TRACTS;LH-SRC-OC-LMS-TRACT-PDFS,direct,high,County GIS attribute and recorded map collection establish the legal recording milestone.,none_established,"Recording is not evidence of grading, construction, sale, habitability, or occupancy.",ocr_structured_visual_spot_check_required
LH-TRACT-EVIDENCE-15629-RECORDING,LH-TRACT-15629,legal_tract_map_recording,1999-06-30,1999-06-30,day,LH-OBS-TRACT-15629,LH-SRC-OC-TRACTS;LH-SRC-OC-LMS-TRACT-PDFS,direct,high,County GIS attribute and recorded map collection establish the legal recording milestone.,none_established,"Recording is not evidence of grading, construction, sale, habitability, or occupancy.",ocr_structured_visual_spot_check_required
LH-TRACT-EVIDENCE-15630-RECORDING,LH-TRACT-15630,legal_tract_map_recording,1999-05-14,1999-05-14,day,LH-OBS-TRACT-15630,LH-SRC-OC-TRACTS;LH-SRC-OC-LMS-TRACT-PDFS,direct,high,County GIS attribute and recorded map collection establish the legal recording milestone.,none_established,"Recording is not evidence of grading, construction, sale, habitability, or occupancy.",ocr_structured_visual_spot_check_required
LH-TRACT-EVIDENCE-15631-RECORDING,LH-TRACT-15631,legal_tract_map_recording,2000-09-14,2000-09-14,day,LH-OBS-TRACT-15631,LH-SRC-OC-TRACTS;LH-SRC-OC-LMS-TRACT-PDFS,direct,high,County GIS attribute and recorded map collection establish the legal recording milestone.,none_established,"Recording is not evidence of grading, construction, sale, habitability, or occupancy.",ocr_structured_visual_spot_check_required
LH-TRACT-EVIDENCE-15632-RECORDING,LH-TRACT-15632,legal_tract_map_recording,1999-08-30,1999-08-30,day,LH-OBS-TRACT-15632,LH-SRC-OC-TRACTS;LH-SRC-OC-LMS-TRACT-PDFS,direct,high,County GIS attribute and recorded map collection establish the legal recording milestone.,none_established,"Recording is not evidence of grading, construction, sale, habitability, or occupancy.",ocr_structured_visual_spot_check_required
LH-TRACT-EVIDENCE-15793-RECORDING,LH-TRACT-15793,legal_tract_map_recording,2008-12-24,2008-12-24,day,LH-OBS-TRACT-15793,LH-SRC-OC-TRACTS;LH-SRC-OC-LMS-TRACT-PDFS,direct,high,County GIS attribute and recorded map collection establish the legal recording milestone.,none_established,"Recording is not evidence of grading, construction, sale, habitability, or occupancy.",ocr_structured_visual_spot_check_required
LH-TRACT-EVIDENCE-15813-RECORDING,LH-TRACT-15813,legal_tract_map_recording,2000-06-14,2000-06-14,day,LH-OBS-TRACT-15813,LH-SRC-OC-TRACTS;LH-SRC-OC-LMS-TRACT-PDFS,direct,high,County GIS attribute and recorded map collection establish the legal recording milestone.,none_established,"Recording is not evidence of grading, construction, sale, habitability, or occupancy.",ocr_structured_visual_spot_check_required
LH-TRACT-EVIDENCE-15827-RECORDING,LH-TRACT-15827,legal_tract_map_recording,2000-05-10,2000-05-10,day,LH-OBS-TRACT-15827,LH-SRC-OC-TRACTS;LH-SRC-OC-LMS-TRACT-PDFS,direct,high,County GIS attribute and recorded map collection establish the legal recording milestone.,none_established,"Recording is not evidence of grading, construction, sale, habitability, or occupancy.",ocr_structured_visual_spot_check_required
LH-TRACT-EVIDENCE-15884-RECORDING,LH-TRACT-15884,legal_tract_map_recording,2000-01-14,2000-01-14,day,LH-OBS-TRACT-15884,LH-SRC-OC-TRACTS;LH-SRC-OC-LMS-TRACT-PDFS,direct,high,County GIS attribute and recorded map collection establish the legal recording milestone.,none_established,"Recording is not evidence of grading, construction, sale, habitability, or occupancy.",ocr_structured_visual_spot_check_required
LH-TRACT-EVIDENCE-15885-RECORDING,LH-TRACT-15885,legal_tract_map_recording,2000-07-27,2000-07-27,day,LH-OBS-TRACT-15885,LH-SRC-OC-TRACTS;LH-SRC-OC-LMS-TRACT-PDFS,direct,high,County GIS attribute and recorded map collection establish the legal recording milestone.,none_established,"Recording is not evidence of grading, construction, sale, habitability, or occupancy.",ocr_structured_visual_spot_check_required
LH-TRACT-EVIDENCE-15886-RECORDING,LH-TRACT-15886,legal_tract_map_recording,2000-10-30,2000-10-30,day,LH-OBS-TRACT-15886,LH-SRC-OC-TRACTS;LH-SRC-OC-LMS-TRACT-PDFS,direct,high,County GIS attribute and recorded map collection establish the legal recording milestone.,none_established,"Recording is not evidence of grading, construction, sale, habitability, or occupancy.",ocr_structured_visual_spot_check_required
LH-TRACT-EVIDENCE-15887-RECORDING,LH-TRACT-15887,legal_tract_map_recording,2000-06-02,2000-06-02,day,LH-OBS-TRACT-15887,LH-SRC-OC-TRACTS;LH-SRC-OC-LMS-TRACT-PDFS,direct,high,County GIS attribute and recorded map collection establish the legal recording milestone.,none_established,"Recording is not evidence of grading, construction, sale, habitability, or occupancy.",ocr_structured_visual_spot_check_required
LH-TRACT-EVIDENCE-15888-RECORDING,LH-TRACT-15888,legal_tract_map_recording,2000-06-02,2000-06-02,day,LH-OBS-TRACT-15888,LH-SRC-OC-TRACTS;LH-SRC-OC-LMS-TRACT-PDFS,direct,high,County GIS attribute and recorded map collection establish the legal recording milestone.,none_established,"Recording is not evidence of grading, construction, sale, habitability, or occupancy.",ocr_structured_visual_spot_check_required
LH-TRACT-EVIDENCE-15901-RECORDING,LH-TRACT-15901,legal_tract_map_recording,2000-07-06,2000-07-06,day,LH-OBS-TRACT-15901,LH-SRC-OC-TRACTS;LH-SRC-OC-LMS-TRACT-PDFS,direct,high,County GIS attribute and recorded map collection establish the legal recording milestone.,none_established,"Recording is not evidence of grading, construction, sale, habitability, or occupancy.",ocr_structured_visual_spot_check_required
LH-TRACT-EVIDENCE-15902-RECORDING,LH-TRACT-15902,legal_tract_map_recording,2000-06-16,2000-06-16,day,LH-OBS-TRACT-15902,LH-SRC-OC-TRACTS;LH-SRC-OC-LMS-TRACT-PDFS,direct,high,County GIS attribute and recorded map collection establish the legal recording milestone.,none_established,"Recording is not evidence of grading, construction, sale, habitability, or occupancy.",ocr_structured_visual_spot_check_required
LH-TRACT-EVIDENCE-15903-RECORDING,LH-TRACT-15903,legal_tract_map_recording,2000-06-16,2000-06-16,day,LH-OBS-TRACT-15903,LH-SRC-OC-TRACTS;LH-SRC-OC-LMS-TRACT-PDFS,direct,high,County GIS attribute and recorded map collection establish the legal recording milestone.,none_established,"Recording is not evidence of grading, construction, sale, habitability, or occupancy.",ocr_structured_visual_spot_check_required
LH-TRACT-EVIDENCE-15904-RECORDING,LH-TRACT-15904,legal_tract_map_recording,2000-06-02,2000-06-02,day,LH-OBS-TRACT-15904,LH-SRC-OC-TRACTS;LH-SRC-OC-LMS-TRACT-PDFS,direct,high,County GIS attribute and recorded map collection establish the legal recording milestone.,none_established,"Recording is not evidence of grading, construction, sale, habitability, or occupancy.",ocr_structured_visual_spot_check_required
LH-TRACT-EVIDENCE-15905-RECORDING,LH-TRACT-15905,legal_tract_map_recording,2000-08-16,2000-08-16,day,LH-OBS-TRACT-15905,LH-SRC-OC-TRACTS;LH-SRC-OC-LMS-TRACT-PDFS,direct,high,County GIS attribute and recorded map collection establish the legal recording milestone.,none_established,"Recording is not evidence of grading, construction, sale, habitability, or occupancy.",ocr_structured_visual_spot_check_required
LH-TRACT-EVIDENCE-15906-RECORDING,LH-TRACT-15906,legal_tract_map_recording,2000-06-16,2000-06-16,day,LH-OBS-TRACT-15906,LH-SRC-OC-TRACTS;LH-SRC-OC-LMS-TRACT-PDFS,direct,high,County GIS attribute and recorded map collection establish the legal recording milestone.,none_established,"Recording is not evidence of grading, construction, sale, habitability, or occupancy.",ocr_structured_visual_spot_check_required
LH-TRACT-EVIDENCE-15907-RECORDING,LH-TRACT-15907,legal_tract_map_recording,2000-08-25,2000-08-25,day,LH-OBS-TRACT-15907,LH-SRC-OC-TRACTS;LH-SRC-OC-LMS-TRACT-PDFS,direct,high,County GIS attribute and recorded map collection establish the legal recording milestone.,none_established,"Recording is not evidence of grading, construction, sale, habitability, or occupancy.",ocr_structured_visual_spot_check_required
LH-TRACT-EVIDENCE-15908-RECORDING,LH-TRACT-15908,legal_tract_map_recording,2001-06-29,2001-06-29,day,LH-OBS-TRACT-15908,LH-SRC-OC-TRACTS;LH-SRC-OC-LMS-TRACT-PDFS,direct,high,County GIS attribute and recorded map collection establish the legal recording milestone.,none_established,"Recording is not evidence of grading, construction, sale, habitability, or occupancy.",ocr_structured_visual_spot_check_required
LH-TRACT-EVIDENCE-15909-RECORDING,LH-TRACT-15909,legal_tract_map_recording,2001-06-29,2001-06-29,day,LH-OBS-TRACT-15909,LH-SRC-OC-TRACTS;LH-SRC-OC-LMS-TRACT-PDFS,direct,high,County GIS attribute and recorded map collection establish the legal recording milestone.,none_established,"Recording is not evidence of grading, construction, sale, habitability, or occupancy.",ocr_structured_visual_spot_check_required
LH-TRACT-EVIDENCE-15910-RECORDING,LH-TRACT-15910,legal_tract_map_recording,2000-10-13,2000-10-13,day,LH-OBS-TRACT-15910,LH-SRC-OC-TRACTS;LH-SRC-OC-LMS-TRACT-PDFS,direct,high,County GIS attribute and recorded map collection establish the legal recording milestone.,none_established,"Recording is not evidence of grading, construction, sale, habitability, or occupancy.",ocr_structured_visual_spot_check_required
LH-TRACT-EVIDENCE-15911-RECORDING,LH-TRACT-15911,legal_tract_map_recording,2000-10-11,2000-10-11,day,LH-OBS-TRACT-15911,LH-SRC-OC-TRACTS;LH-SRC-OC-LMS-TRACT-PDFS,direct,high,County GIS attribute and recorded map collection establish the legal recording milestone.,none_established,"Recording is not evidence of grading, construction, sale, habitability, or occupancy.",ocr_structured_visual_spot_check_required
LH-TRACT-EVIDENCE-15912-RECORDING,LH-TRACT-15912,legal_tract_map_recording,2000-06-22,2000-06-22,day,LH-OBS-TRACT-15912,LH-SRC-OC-TRACTS;LH-SRC-OC-LMS-TRACT-PDFS,direct,high,County GIS attribute and recorded map collection establish the legal recording milestone.,none_established,"Recording is not evidence of grading, construction, sale, habitability, or occupancy.",ocr_structured_visual_spot_check_required
LH-TRACT-EVIDENCE-15914-RECORDING,LH-TRACT-15914,legal_tract_map_recording,2001-05-30,2001-05-30,day,LH-OBS-TRACT-15914,LH-SRC-OC-TRACTS;LH-SRC-OC-LMS-TRACT-PDFS,direct,high,County GIS attribute and recorded map collection establish the legal recording milestone.,none_established,"Recording is not evidence of grading, construction, sale, habitability, or occupancy.",ocr_structured_visual_spot_check_required
LH-TRACT-EVIDENCE-15915-RECORDING,LH-TRACT-15915,legal_tract_map_recording,2000-08-25,2000-08-25,day,LH-OBS-TRACT-15915,LH-SRC-OC-TRACTS;LH-SRC-OC-LMS-TRACT-PDFS,direct,high,County GIS attribute and recorded map collection establish the legal recording milestone.,none_established,"Recording is not evidence of grading, construction, sale, habitability, or occupancy.",ocr_structured_visual_spot_check_required
LH-TRACT-EVIDENCE-15985-RECORDING,LH-TRACT-15985,legal_tract_map_recording,2003-04-04,2003-04-04,day,LH-OBS-TRACT-15985,LH-SRC-OC-TRACTS;LH-SRC-OC-LMS-TRACT-PDFS,direct,high,County GIS attribute and recorded map collection establish the legal recording milestone.,none_established,"Recording is not evidence of grading, construction, sale, habitability, or occupancy.",ocr_structured_visual_spot_check_required
LH-TRACT-EVIDENCE-15986-RECORDING,LH-TRACT-15986,legal_tract_map_recording,2003-08-28,2003-08-28,day,LH-OBS-TRACT-15986,LH-SRC-OC-TRACTS;LH-SRC-OC-LMS-TRACT-PDFS,direct,high,County GIS attribute and recorded map collection establish the legal recording milestone.,none_established,"Recording is not evidence of grading, construction, sale, habitability, or occupancy.",ocr_structured_visual_spot_check_required
LH-TRACT-EVIDENCE-15987-RECORDING,LH-TRACT-15987,legal_tract_map_recording,2002-12-17,2002-12-17,day,LH-OBS-TRACT-15987,LH-SRC-OC-TRACTS;LH-SRC-OC-LMS-TRACT-PDFS,direct,high,County GIS attribute and recorded map collection establish the legal recording milestone.,none_established,"Recording is not evidence of grading, construction, sale, habitability, or occupancy.",ocr_structured_visual_spot_check_required
LH-TRACT-EVIDENCE-15988-RECORDING,LH-TRACT-15988,legal_tract_map_recording,2004-01-30,2004-01-30,day,LH-OBS-TRACT-15988,LH-SRC-OC-TRACTS;LH-SRC-OC-LMS-TRACT-PDFS,direct,high,County GIS attribute and recorded map collection establish the legal recording milestone.,none_established,"Recording is not evidence of grading, construction, sale, habitability, or occupancy.",ocr_structured_visual_spot_check_required
LH-TRACT-EVIDENCE-15989-RECORDING,LH-TRACT-15989,legal_tract_map_recording,2004-11-15,2004-11-15,day,LH-OBS-TRACT-15989,LH-SRC-OC-TRACTS;LH-SRC-OC-LMS-TRACT-PDFS,direct,high,County GIS attribute and recorded map collection establish the legal recording milestone.,none_established,"Recording is not evidence of grading, construction, sale, habitability, or occupancy.",ocr_structured_visual_spot_check_required
LH-TRACT-EVIDENCE-15990-RECORDING,LH-TRACT-15990,legal_tract_map_recording,2004-10-28,2004-10-28,day,LH-OBS-TRACT-15990,LH-SRC-OC-TRACTS;LH-SRC-OC-LMS-TRACT-PDFS,direct,high,County GIS attribute and recorded map collection establish the legal recording milestone.,none_established,"Recording is not evidence of grading, construction, sale, habitability, or occupancy.",ocr_structured_visual_spot_check_required
LH-TRACT-EVIDENCE-16025-RECORDING,LH-TRACT-16025,legal_tract_map_recording,2001-01-26,2001-01-26,day,LH-OBS-TRACT-16025,LH-SRC-OC-TRACTS;LH-SRC-OC-LMS-TRACT-PDFS,direct,high,County GIS attribute and recorded map collection establish the legal recording milestone.,none_established,"Recording is not evidence of grading, construction, sale, habitability, or occupancy.",ocr_structured_visual_spot_check_required
LH-TRACT-EVIDENCE-16063-RECORDING,LH-TRACT-16063,legal_tract_map_recording,2001-05-25,2001-05-25,day,LH-OBS-TRACT-16063,LH-SRC-OC-TRACTS;LH-SRC-OC-LMS-TRACT-PDFS,direct,high,County GIS attribute and recorded map collection establish the legal recording milestone.,none_established,"Recording is not evidence of grading, construction, sale, habitability, or occupancy.",ocr_structured_visual_spot_check_required
LH-TRACT-EVIDENCE-16101-RECORDING,LH-TRACT-16101,legal_tract_map_recording,2001-06-29,2001-06-29,day,LH-OBS-TRACT-16101,LH-SRC-OC-TRACTS;LH-SRC-OC-LMS-TRACT-PDFS,direct,high,County GIS attribute and recorded map collection establish the legal recording milestone.,none_established,"Recording is not evidence of grading, construction, sale, habitability, or occupancy.",ocr_structured_visual_spot_check_required
LH-TRACT-EVIDENCE-16102-RECORDING,LH-TRACT-16102,legal_tract_map_recording,2001-06-12,2001-06-12,day,LH-OBS-TRACT-16102,LH-SRC-OC-TRACTS;LH-SRC-OC-LMS-TRACT-PDFS,direct,high,County GIS attribute and recorded map collection establish the legal recording milestone.,none_established,"Recording is not evidence of grading, construction, sale, habitability, or occupancy.",ocr_structured_visual_spot_check_required
LH-TRACT-EVIDENCE-16103-RECORDING,LH-TRACT-16103,legal_tract_map_recording,2001-06-12,2001-06-12,day,LH-OBS-TRACT-16103,LH-SRC-OC-TRACTS;LH-SRC-OC-LMS-TRACT-PDFS,direct,high,County GIS attribute and recorded map collection establish the legal recording milestone.,none_established,"Recording is not evidence of grading, construction, sale, habitability, or occupancy.",ocr_structured_visual_spot_check_required
LH-TRACT-EVIDENCE-16104-RECORDING,LH-TRACT-16104,legal_tract_map_recording,2001-07-31,2001-07-31,day,LH-OBS-TRACT-16104,LH-SRC-OC-TRACTS;LH-SRC-OC-LMS-TRACT-PDFS,direct,high,County GIS attribute and recorded map collection establish the legal recording milestone.,none_established,"Recording is not evidence of grading, construction, sale, habitability, or occupancy.",ocr_structured_visual_spot_check_required
LH-TRACT-EVIDENCE-16105-RECORDING,LH-TRACT-16105,legal_tract_map_recording,2001-04-01,2001-04-01,day,LH-OBS-TRACT-16105,LH-SRC-OC-TRACTS;LH-SRC-OC-LMS-TRACT-PDFS,direct,high,County GIS attribute and recorded map collection establish the legal recording milestone.,none_established,"Recording is not evidence of grading, construction, sale, habitability, or occupancy.",ocr_structured_visual_spot_check_required
LH-TRACT-EVIDENCE-16114-RECORDING,LH-TRACT-16114,legal_tract_map_recording,2001-07-31,2001-07-31,day,LH-OBS-TRACT-16114,LH-SRC-OC-TRACTS;LH-SRC-OC-LMS-TRACT-PDFS,direct,high,County GIS attribute and recorded map collection establish the legal recording milestone.,none_established,"Recording is not evidence of grading, construction, sale, habitability, or occupancy.",ocr_structured_visual_spot_check_required
LH-TRACT-EVIDENCE-16115-RECORDING,LH-TRACT-16115,legal_tract_map_recording,2002-02-14,2002-02-14,day,LH-OBS-TRACT-16115,LH-SRC-OC-TRACTS;LH-SRC-OC-LMS-TRACT-PDFS,direct,high,County GIS attribute and recorded map collection establish the legal recording milestone.,none_established,"Recording is not evidence of grading, construction, sale, habitability, or occupancy.",ocr_structured_visual_spot_check_required
LH-TRACT-EVIDENCE-16116-RECORDING,LH-TRACT-16116,legal_tract_map_recording,2002-05-16,2002-05-16,day,LH-OBS-TRACT-16116,LH-SRC-OC-TRACTS;LH-SRC-OC-LMS-TRACT-PDFS,direct,high,County GIS attribute and recorded map collection establish the legal recording milestone.,none_established,"Recording is not evidence of grading, construction, sale, habitability, or occupancy.",ocr_structured_visual_spot_check_required
LH-TRACT-EVIDENCE-16117-RECORDING,LH-TRACT-16117,legal_tract_map_recording,2001-12-26,2001-12-26,day,LH-OBS-TRACT-16117,LH-SRC-OC-TRACTS;LH-SRC-OC-LMS-TRACT-PDFS,direct,high,County GIS attribute and recorded map collection establish the legal recording milestone.,none_established,"Recording is not evidence of grading, construction, sale, habitability, or occupancy.",ocr_structured_visual_spot_check_required
LH-TRACT-EVIDENCE-16118-RECORDING,LH-TRACT-16118,legal_tract_map_recording,2001-10-26,2001-10-26,day,LH-OBS-TRACT-16118,LH-SRC-OC-TRACTS;LH-SRC-OC-LMS-TRACT-PDFS,direct,high,County GIS attribute and recorded map collection establish the legal recording milestone.,none_established,"Recording is not evidence of grading, construction, sale, habitability, or occupancy.",ocr_structured_visual_spot_check_required
LH-TRACT-EVIDENCE-16119-RECORDING,LH-TRACT-16119,legal_tract_map_recording,2001-12-26,2001-12-26,day,LH-OBS-TRACT-16119,LH-SRC-OC-TRACTS;LH-SRC-OC-LMS-TRACT-PDFS,direct,high,County GIS attribute and recorded map collection establish the legal recording milestone.,none_established,"Recording is not evidence of grading, construction, sale, habitability, or occupancy.",ocr_structured_visual_spot_check_required
LH-TRACT-EVIDENCE-16120-RECORDING,LH-TRACT-16120,legal_tract_map_recording,2001-10-12,2001-10-12,day,LH-OBS-TRACT-16120,LH-SRC-OC-TRACTS;LH-SRC-OC-LMS-TRACT-PDFS,direct,high,County GIS attribute and recorded map collection establish the legal recording milestone.,none_established,"Recording is not evidence of grading, construction, sale, habitability, or occupancy.",ocr_structured_visual_spot_check_required
LH-TRACT-EVIDENCE-16121-RECORDING,LH-TRACT-16121,legal_tract_map_recording,2001-12-26,2001-12-26,day,LH-OBS-TRACT-16121,LH-SRC-OC-TRACTS;LH-SRC-OC-LMS-TRACT-PDFS,direct,high,County GIS attribute and recorded map collection establish the legal recording milestone.,none_established,"Recording is not evidence of grading, construction, sale, habitability, or occupancy.",ocr_structured_visual_spot_check_required
LH-TRACT-EVIDENCE-16122-RECORDING,LH-TRACT-16122,legal_tract_map_recording,2001-12-26,2001-12-26,day,LH-OBS-TRACT-16122,LH-SRC-OC-TRACTS;LH-SRC-OC-LMS-TRACT-PDFS,direct,high,County GIS attribute and recorded map collection establish the legal recording milestone.,none_established,"Recording is not evidence of grading, construction, sale, habitability, or occupancy.",ocr_structured_visual_spot_check_required
LH-TRACT-EVIDENCE-16126-RECORDING,LH-TRACT-16126,legal_tract_map_recording,2001-11-08,2001-11-08,day,LH-OBS-TRACT-16126,LH-SRC-OC-TRACTS;LH-SRC-OC-LMS-TRACT-PDFS,direct,high,County GIS attribute and recorded map collection establish the legal recording milestone.,none_established,"Recording is not evidence of grading, construction, sale, habitability, or occupancy.",ocr_structured_visual_spot_check_required
LH-TRACT-EVIDENCE-16127-RECORDING,LH-TRACT-16127,legal_tract_map_recording,2001-07-30,2001-07-30,day,LH-OBS-TRACT-16127,LH-SRC-OC-TRACTS;LH-SRC-OC-LMS-TRACT-PDFS,direct,high,County GIS attribute and recorded map collection establish the legal recording milestone.,none_established,"Recording is not evidence of grading, construction, sale, habitability, or occupancy.",ocr_structured_visual_spot_check_required
LH-TRACT-EVIDENCE-16155-RECORDING,LH-TRACT-16155,legal_tract_map_recording,2001-01-26,2001-01-26,day,LH-OBS-TRACT-16155,LH-SRC-OC-TRACTS;LH-SRC-OC-LMS-TRACT-PDFS,direct,high,County GIS attribute and recorded map collection establish the legal recording milestone.,none_established,"Recording is not evidence of grading, construction, sale, habitability, or occupancy.",ocr_structured_visual_spot_check_required
LH-TRACT-EVIDENCE-16156-RECORDING,LH-TRACT-16156,legal_tract_map_recording,2001-01-26,2001-01-26,day,LH-OBS-TRACT-16156,LH-SRC-OC-TRACTS;LH-SRC-OC-LMS-TRACT-PDFS,direct,high,County GIS attribute and recorded map collection establish the legal recording milestone.,none_established,"Recording is not evidence of grading, construction, sale, habitability, or occupancy.",ocr_structured_visual_spot_check_required
LH-TRACT-EVIDENCE-16157-RECORDING,LH-TRACT-16157,legal_tract_map_recording,2001-01-26,2001-01-26,day,LH-OBS-TRACT-16157,LH-SRC-OC-TRACTS;LH-SRC-OC-LMS-TRACT-PDFS,direct,high,County GIS attribute and recorded map collection establish the legal recording milestone.,none_established,"Recording is not evidence of grading, construction, sale, habitability, or occupancy.",ocr_structured_visual_spot_check_required
LH-TRACT-EVIDENCE-16203-RECORDING,LH-TRACT-16203,legal_tract_map_recording,2002-01-24,2002-01-24,day,LH-OBS-TRACT-16203,LH-SRC-OC-TRACTS;LH-SRC-OC-LMS-TRACT-PDFS,direct,high,County GIS attribute and recorded map collection establish the legal recording milestone.,none_established,"Recording is not evidence of grading, construction, sale, habitability, or occupancy.",ocr_structured_visual_spot_check_required
LH-TRACT-EVIDENCE-16234-RECORDING,LH-TRACT-16234,legal_tract_map_recording,2001-12-26,2001-12-26,day,LH-OBS-TRACT-16234,LH-SRC-OC-TRACTS;LH-SRC-OC-LMS-TRACT-PDFS,direct,high,County GIS attribute and recorded map collection establish the legal recording milestone.,none_established,"Recording is not evidence of grading, construction, sale, habitability, or occupancy.",ocr_structured_visual_spot_check_required
LH-TRACT-EVIDENCE-16235-RECORDING,LH-TRACT-16235,legal_tract_map_recording,2002-02-14,2002-02-14,day,LH-OBS-TRACT-16235,LH-SRC-OC-TRACTS;LH-SRC-OC-LMS-TRACT-PDFS,direct,high,County GIS attribute and recorded map collection establish the legal recording milestone.,none_established,"Recording is not evidence of grading, construction, sale, habitability, or occupancy.",ocr_structured_visual_spot_check_required
LH-TRACT-EVIDENCE-16236-RECORDING,LH-TRACT-16236,legal_tract_map_recording,2002-05-29,2002-05-29,day,LH-OBS-TRACT-16236,LH-SRC-OC-TRACTS;LH-SRC-OC-LMS-TRACT-PDFS,direct,high,County GIS attribute and recorded map collection establish the legal recording milestone.,none_established,"Recording is not evidence of grading, construction, sale, habitability, or occupancy.",ocr_structured_visual_spot_check_required
LH-TRACT-EVIDENCE-16237-RECORDING,LH-TRACT-16237,legal_tract_map_recording,2002-08-14,2002-08-14,day,LH-OBS-TRACT-16237,LH-SRC-OC-TRACTS;LH-SRC-OC-LMS-TRACT-PDFS,direct,high,County GIS attribute and recorded map collection establish the legal recording milestone.,none_established,"Recording is not evidence of grading, construction, sale, habitability, or occupancy.",ocr_structured_visual_spot_check_required
LH-TRACT-EVIDENCE-16238-RECORDING,LH-TRACT-16238,legal_tract_map_recording,2002-08-21,2002-08-21,day,LH-OBS-TRACT-16238,LH-SRC-OC-TRACTS;LH-SRC-OC-LMS-TRACT-PDFS,direct,high,County GIS attribute and recorded map collection establish the legal recording milestone.,none_established,"Recording is not evidence of grading, construction, sale, habitability, or occupancy.",ocr_structured_visual_spot_check_required
LH-TRACT-EVIDENCE-16239-RECORDING,LH-TRACT-16239,legal_tract_map_recording,2002-06-26,2002-06-26,day,LH-OBS-TRACT-16239,LH-SRC-OC-TRACTS;LH-SRC-OC-LMS-TRACT-PDFS,direct,high,County GIS attribute and recorded map collection establish the legal recording milestone.,none_established,"Recording is not evidence of grading, construction, sale, habitability, or occupancy.",ocr_structured_visual_spot_check_required
LH-TRACT-EVIDENCE-16240-RECORDING,LH-TRACT-16240,legal_tract_map_recording,2002-06-28,2002-06-28,day,LH-OBS-TRACT-16240,LH-SRC-OC-TRACTS;LH-SRC-OC-LMS-TRACT-PDFS,direct,high,County GIS attribute and recorded map collection establish the legal recording milestone.,none_established,"Recording is not evidence of grading, construction, sale, habitability, or occupancy.",ocr_structured_visual_spot_check_required
LH-TRACT-EVIDENCE-16241-RECORDING,LH-TRACT-16241,legal_tract_map_recording,2003-02-25,2003-02-25,day,LH-OBS-TRACT-16241,LH-SRC-OC-TRACTS;LH-SRC-OC-LMS-TRACT-PDFS,direct,high,County GIS attribute and recorded map collection establish the legal recording milestone.,none_established,"Recording is not evidence of grading, construction, sale, habitability, or occupancy.",ocr_structured_visual_spot_check_required
LH-TRACT-EVIDENCE-16242-RECORDING,LH-TRACT-16242,legal_tract_map_recording,2002-06-18,2002-06-18,day,LH-OBS-TRACT-16242,LH-SRC-OC-TRACTS;LH-SRC-OC-LMS-TRACT-PDFS,direct,high,County GIS attribute and recorded map collection establish the legal recording milestone.,none_established,"Recording is not evidence of grading, construction, sale, habitability, or occupancy.",ocr_structured_visual_spot_check_required
LH-TRACT-EVIDENCE-16243-RECORDING,LH-TRACT-16243,legal_tract_map_recording,2002-08-30,2002-08-30,day,LH-OBS-TRACT-16243,LH-SRC-OC-TRACTS;LH-SRC-OC-LMS-TRACT-PDFS,direct,high,County GIS attribute and recorded map collection establish the legal recording milestone.,none_established,"Recording is not evidence of grading, construction, sale, habitability, or occupancy.",ocr_structured_visual_spot_check_required
LH-TRACT-EVIDENCE-16244-RECORDING,LH-TRACT-16244,legal_tract_map_recording,2003-05-02,2003-05-02,day,LH-OBS-TRACT-16244,LH-SRC-OC-TRACTS;LH-SRC-OC-LMS-TRACT-PDFS,direct,high,County GIS attribute and recorded map collection establish the legal recording milestone.,none_established,"Recording is not evidence of grading, construction, sale, habitability, or occupancy.",ocr_structured_visual_spot_check_required
LH-TRACT-EVIDENCE-16245-RECORDING,LH-TRACT-16245,legal_tract_map_recording,2002-07-26,2002-07-26,day,LH-OBS-TRACT-16245,LH-SRC-OC-TRACTS;LH-SRC-OC-LMS-TRACT-PDFS,direct,high,County GIS attribute and recorded map collection establish the legal recording milestone.,none_established,"Recording is not evidence of grading, construction, sale, habitability, or occupancy.",ocr_structured_visual_spot_check_required
LH-TRACT-EVIDENCE-16246-RECORDING,LH-TRACT-16246,legal_tract_map_recording,2003-05-02,2003-05-02,day,LH-OBS-TRACT-16246,LH-SRC-OC-TRACTS;LH-SRC-OC-LMS-TRACT-PDFS,direct,high,County GIS attribute and recorded map collection establish the legal recording milestone.,none_established,"Recording is not evidence of grading, construction, sale, habitability, or occupancy.",ocr_structured_visual_spot_check_required
LH-TRACT-EVIDENCE-16247-RECORDING,LH-TRACT-16247,legal_tract_map_recording,2002-05-24,2002-05-24,day,LH-OBS-TRACT-16247,LH-SRC-OC-TRACTS;LH-SRC-OC-LMS-TRACT-PDFS,direct,high,County GIS attribute and recorded map collection establish the legal recording milestone.,none_established,"Recording is not evidence of grading, construction, sale, habitability, or occupancy.",ocr_structured_visual_spot_check_required
LH-TRACT-EVIDENCE-16248-RECORDING,LH-TRACT-16248,legal_tract_map_recording,2003-01-17,2003-01-17,day,LH-OBS-TRACT-16248,LH-SRC-OC-TRACTS;LH-SRC-OC-LMS-TRACT-PDFS,direct,high,County GIS attribute and recorded map collection establish the legal recording milestone.,none_established,"Recording is not evidence of grading, construction, sale, habitability, or occupancy.",ocr_structured_visual_spot_check_required
LH-TRACT-EVIDENCE-16249-RECORDING,LH-TRACT-16249,legal_tract_map_recording,2002-08-22,2002-08-22,day,LH-OBS-TRACT-16249,LH-SRC-OC-TRACTS;LH-SRC-OC-LMS-TRACT-PDFS,direct,high,County GIS attribute and recorded map collection establish the legal recording milestone.,none_established,"Recording is not evidence of grading, construction, sale, habitability, or occupancy.",ocr_structured_visual_spot_check_required
LH-TRACT-EVIDENCE-16250-RECORDING,LH-TRACT-16250,legal_tract_map_recording,2002-05-24,2002-05-24,day,LH-OBS-TRACT-16250,LH-SRC-OC-TRACTS;LH-SRC-OC-LMS-TRACT-PDFS,direct,high,County GIS attribute and recorded map collection establish the legal recording milestone.,none_established,"Recording is not evidence of grading, construction, sale, habitability, or occupancy.",ocr_structured_visual_spot_check_required
LH-TRACT-EVIDENCE-16270-RECORDING,LH-TRACT-16270,legal_tract_map_recording,2002-09-27,2002-09-27,day,LH-OBS-TRACT-16270,LH-SRC-OC-TRACTS;LH-SRC-OC-LMS-TRACT-PDFS,direct,high,County GIS attribute and recorded map collection establish the legal recording milestone.,none_established,"Recording is not evidence of grading, construction, sale, habitability, or occupancy.",ocr_structured_visual_spot_check_required
LH-TRACT-EVIDENCE-16271-RECORDING,LH-TRACT-16271,legal_tract_map_recording,2003-02-27,2003-02-27,day,LH-OBS-TRACT-16271,LH-SRC-OC-TRACTS;LH-SRC-OC-LMS-TRACT-PDFS,direct,high,County GIS attribute and recorded map collection establish the legal recording milestone.,none_established,"Recording is not evidence of grading, construction, sale, habitability, or occupancy.",ocr_structured_visual_spot_check_required
LH-TRACT-EVIDENCE-16341-RECORDING,LH-TRACT-16341,legal_tract_map_recording,2003-02-27,2003-02-27,day,LH-OBS-TRACT-16341,LH-SRC-OC-TRACTS;LH-SRC-OC-LMS-TRACT-PDFS,direct,high,County GIS attribute and recorded map collection establish the legal recording milestone.,none_established,"Recording is not evidence of grading, construction, sale, habitability, or occupancy.",ocr_structured_visual_spot_check_required
LH-TRACT-EVIDENCE-16342-RECORDING,LH-TRACT-16342,legal_tract_map_recording,2003-07-25,2003-07-25,day,LH-OBS-TRACT-16342,LH-SRC-OC-TRACTS;LH-SRC-OC-LMS-TRACT-PDFS,direct,high,County GIS attribute and recorded map collection establish the legal recording milestone.,none_established,"Recording is not evidence of grading, construction, sale, habitability, or occupancy.",ocr_structured_visual_spot_check_required
LH-TRACT-EVIDENCE-16346-RECORDING,LH-TRACT-16346,legal_tract_map_recording,2003-08-18,2003-08-18,day,LH-OBS-TRACT-16346,LH-SRC-OC-TRACTS;LH-SRC-OC-LMS-TRACT-PDFS,direct,high,County GIS attribute and recorded map collection establish the legal recording milestone.,none_established,"Recording is not evidence of grading, construction, sale, habitability, or occupancy.",ocr_structured_visual_spot_check_required
LH-TRACT-EVIDENCE-16347-RECORDING,LH-TRACT-16347,legal_tract_map_recording,2003-09-19,2003-09-19,day,LH-OBS-TRACT-16347,LH-SRC-OC-TRACTS;LH-SRC-OC-LMS-TRACT-PDFS,direct,high,County GIS attribute and recorded map collection establish the legal recording milestone.,none_established,"Recording is not evidence of grading, construction, sale, habitability, or occupancy.",ocr_structured_visual_spot_check_required
LH-TRACT-EVIDENCE-16348-RECORDING,LH-TRACT-16348,legal_tract_map_recording,2003-08-18,2003-08-18,day,LH-OBS-TRACT-16348,LH-SRC-OC-TRACTS;LH-SRC-OC-LMS-TRACT-PDFS,direct,high,County GIS attribute and recorded map collection establish the legal recording milestone.,none_established,"Recording is not evidence of grading, construction, sale, habitability, or occupancy.",ocr_structured_visual_spot_check_required
LH-TRACT-EVIDENCE-16349-RECORDING,LH-TRACT-16349,legal_tract_map_recording,2003-07-08,2003-07-08,day,LH-OBS-TRACT-16349,LH-SRC-OC-TRACTS;LH-SRC-OC-LMS-TRACT-PDFS,direct,high,County GIS attribute and recorded map collection establish the legal recording milestone.,none_established,"Recording is not evidence of grading, construction, sale, habitability, or occupancy.",ocr_structured_visual_spot_check_required
LH-TRACT-EVIDENCE-16350-RECORDING,LH-TRACT-16350,legal_tract_map_recording,2003-07-08,2003-07-08,day,LH-OBS-TRACT-16350,LH-SRC-OC-TRACTS;LH-SRC-OC-LMS-TRACT-PDFS,direct,high,County GIS attribute and recorded map collection establish the legal recording milestone.,none_established,"Recording is not evidence of grading, construction, sale, habitability, or occupancy.",ocr_structured_visual_spot_check_required
LH-TRACT-EVIDENCE-16351-RECORDING,LH-TRACT-16351,legal_tract_map_recording,2003-10-31,2003-10-31,day,LH-OBS-TRACT-16351,LH-SRC-OC-TRACTS;LH-SRC-OC-LMS-TRACT-PDFS,direct,high,County GIS attribute and recorded map collection establish the legal recording milestone.,none_established,"Recording is not evidence of grading, construction, sale, habitability, or occupancy.",ocr_structured_visual_spot_check_required
LH-TRACT-EVIDENCE-16352-RECORDING,LH-TRACT-16352,legal_tract_map_recording,2003-10-31,2003-10-31,day,LH-OBS-TRACT-16352,LH-SRC-OC-TRACTS;LH-SRC-OC-LMS-TRACT-PDFS,direct,high,County GIS attribute and recorded map collection establish the legal recording milestone.,none_established,"Recording is not evidence of grading, construction, sale, habitability, or occupancy.",ocr_structured_visual_spot_check_required
LH-TRACT-EVIDENCE-16353-RECORDING,LH-TRACT-16353,legal_tract_map_recording,2003-12-19,2003-12-19,day,LH-OBS-TRACT-16353,LH-SRC-OC-TRACTS;LH-SRC-OC-LMS-TRACT-PDFS,direct,high,County GIS attribute and recorded map collection establish the legal recording milestone.,none_established,"Recording is not evidence of grading, construction, sale, habitability, or occupancy.",ocr_structured_visual_spot_check_required
LH-TRACT-EVIDENCE-16354-RECORDING,LH-TRACT-16354,legal_tract_map_recording,2003-08-18,2003-08-18,day,LH-OBS-TRACT-16354,LH-SRC-OC-TRACTS;LH-SRC-OC-LMS-TRACT-PDFS,direct,high,County GIS attribute and recorded map collection establish the legal recording milestone.,none_established,"Recording is not evidence of grading, construction, sale, habitability, or occupancy.",ocr_structured_visual_spot_check_required
LH-TRACT-EVIDENCE-16355-RECORDING,LH-TRACT-16355,legal_tract_map_recording,2003-12-18,2003-12-18,day,LH-OBS-TRACT-16355,LH-SRC-OC-TRACTS;LH-SRC-OC-LMS-TRACT-PDFS,direct,high,County GIS attribute and recorded map collection establish the legal recording milestone.,none_established,"Recording is not evidence of grading, construction, sale, habitability, or occupancy.",ocr_structured_visual_spot_check_required
LH-TRACT-EVIDENCE-16356-RECORDING,LH-TRACT-16356,legal_tract_map_recording,2003-08-28,2003-08-28,day,LH-OBS-TRACT-16356,LH-SRC-OC-TRACTS;LH-SRC-OC-LMS-TRACT-PDFS,direct,high,County GIS attribute and recorded map collection establish the legal recording milestone.,none_established,"Recording is not evidence of grading, construction, sale, habitability, or occupancy.",ocr_structured_visual_spot_check_required
LH-TRACT-EVIDENCE-16384-RECORDING,LH-TRACT-16384,legal_tract_map_recording,2004-02-13,2004-02-13,day,LH-OBS-TRACT-16384,LH-SRC-OC-TRACTS;LH-SRC-OC-LMS-TRACT-PDFS,direct,high,County GIS attribute and recorded map collection establish the legal recording milestone.,none_established,"Recording is not evidence of grading, construction, sale, habitability, or occupancy.",ocr_structured_visual_spot_check_required
LH-TRACT-EVIDENCE-16385-RECORDING,LH-TRACT-16385,legal_tract_map_recording,2004-02-13,2004-02-13,day,LH-OBS-TRACT-16385,LH-SRC-OC-TRACTS;LH-SRC-OC-LMS-TRACT-PDFS,direct,high,County GIS attribute and recorded map collection establish the legal recording milestone.,none_established,"Recording is not evidence of grading, construction, sale, habitability, or occupancy.",ocr_structured_visual_spot_check_required
LH-TRACT-EVIDENCE-16386-RECORDING,LH-TRACT-16386,legal_tract_map_recording,2004-02-13,2004-02-13,day,LH-OBS-TRACT-16386,LH-SRC-OC-TRACTS;LH-SRC-OC-LMS-TRACT-PDFS,direct,high,County GIS attribute and recorded map collection establish the legal recording milestone.,none_established,"Recording is not evidence of grading, construction, sale, habitability, or occupancy.",ocr_structured_visual_spot_check_required
LH-TRACT-EVIDENCE-16387-RECORDING,LH-TRACT-16387,legal_tract_map_recording,2004-02-04,2004-02-04,day,LH-OBS-TRACT-16387,LH-SRC-OC-TRACTS;LH-SRC-OC-LMS-TRACT-PDFS,direct,high,County GIS attribute and recorded map collection establish the legal recording milestone.,none_established,"Recording is not evidence of grading, construction, sale, habitability, or occupancy.",ocr_structured_visual_spot_check_required
LH-TRACT-EVIDENCE-16388-RECORDING,LH-TRACT-16388,legal_tract_map_recording,2004-01-30,2004-01-30,day,LH-OBS-TRACT-16388,LH-SRC-OC-TRACTS;LH-SRC-OC-LMS-TRACT-PDFS,direct,high,County GIS attribute and recorded map collection establish the legal recording milestone.,none_established,"Recording is not evidence of grading, construction, sale, habitability, or occupancy.",ocr_structured_visual_spot_check_required
LH-TRACT-EVIDENCE-16389-RECORDING,LH-TRACT-16389,legal_tract_map_recording,2003-02-06,2003-02-06,day,LH-OBS-TRACT-16389,LH-SRC-OC-TRACTS;LH-SRC-OC-LMS-TRACT-PDFS,direct,high,County GIS attribute and recorded map collection establish the legal recording milestone.,none_established,"Recording is not evidence of grading, construction, sale, habitability, or occupancy.",ocr_structured_visual_spot_check_required
LH-TRACT-EVIDENCE-16390-RECORDING,LH-TRACT-16390,legal_tract_map_recording,2004-04-23,2004-04-23,day,LH-OBS-TRACT-16390,LH-SRC-OC-TRACTS;LH-SRC-OC-LMS-TRACT-PDFS,direct,high,County GIS attribute and recorded map collection establish the legal recording milestone.,none_established,"Recording is not evidence of grading, construction, sale, habitability, or occupancy.",ocr_structured_visual_spot_check_required
LH-TRACT-EVIDENCE-16391-RECORDING,LH-TRACT-16391,legal_tract_map_recording,2004-10-29,2004-10-29,day,LH-OBS-TRACT-16391,LH-SRC-OC-TRACTS;LH-SRC-OC-LMS-TRACT-PDFS,direct,high,County GIS attribute and recorded map collection establish the legal recording milestone.,none_established,"Recording is not evidence of grading, construction, sale, habitability, or occupancy.",ocr_structured_visual_spot_check_required
LH-TRACT-EVIDENCE-16392-RECORDING,LH-TRACT-16392,legal_tract_map_recording,2004-07-06,2004-07-06,day,LH-OBS-TRACT-16392,LH-SRC-OC-TRACTS;LH-SRC-OC-LMS-TRACT-PDFS,direct,high,County GIS attribute and recorded map collection establish the legal recording milestone.,none_established,"Recording is not evidence of grading, construction, sale, habitability, or occupancy.",ocr_structured_visual_spot_check_required
LH-TRACT-EVIDENCE-16393-RECORDING,LH-TRACT-16393,legal_tract_map_recording,2004-07-19,2004-07-19,day,LH-OBS-TRACT-16393,LH-SRC-OC-TRACTS;LH-SRC-OC-LMS-TRACT-PDFS,direct,high,County GIS attribute and recorded map collection establish the legal recording milestone.,none_established,"Recording is not evidence of grading, construction, sale, habitability, or occupancy.",ocr_structured_visual_spot_check_required
LH-TRACT-EVIDENCE-16394-RECORDING,LH-TRACT-16394,legal_tract_map_recording,2004-07-06,2004-07-06,day,LH-OBS-TRACT-16394,LH-SRC-OC-TRACTS;LH-SRC-OC-LMS-TRACT-PDFS,direct,high,County GIS attribute and recorded map collection establish the legal recording milestone.,none_established,"Recording is not evidence of grading, construction, sale, habitability, or occupancy.",ocr_structured_visual_spot_check_required
LH-TRACT-EVIDENCE-16395-RECORDING,LH-TRACT-16395,legal_tract_map_recording,2004-10-28,2004-10-28,day,LH-OBS-TRACT-16395,LH-SRC-OC-TRACTS;LH-SRC-OC-LMS-TRACT-PDFS,direct,high,County GIS attribute and recorded map collection establish the legal recording milestone.,none_established,"Recording is not evidence of grading, construction, sale, habitability, or occupancy.",ocr_structured_visual_spot_check_required
LH-TRACT-EVIDENCE-16400-RECORDING,LH-TRACT-16400,legal_tract_map_recording,2004-07-06,2004-07-06,day,LH-OBS-TRACT-16400,LH-SRC-OC-TRACTS;LH-SRC-OC-LMS-TRACT-PDFS,direct,high,County GIS attribute and recorded map collection establish the legal recording milestone.,none_established,"Recording is not evidence of grading, construction, sale, habitability, or occupancy.",ocr_structured_visual_spot_check_required
LH-TRACT-EVIDENCE-16414-RECORDING,LH-TRACT-16414,legal_tract_map_recording,2003-02-06,2003-02-06,day,LH-OBS-TRACT-16414,LH-SRC-OC-TRACTS;LH-SRC-OC-LMS-TRACT-PDFS,direct,high,County GIS attribute and recorded map collection establish the legal recording milestone.,none_established,"Recording is not evidence of grading, construction, sale, habitability, or occupancy.",ocr_structured_visual_spot_check_required
LH-TRACT-EVIDENCE-16471-RECORDING,LH-TRACT-16471,legal_tract_map_recording,2004-10-28,2004-10-28,day,LH-OBS-TRACT-16471,LH-SRC-OC-TRACTS;LH-SRC-OC-LMS-TRACT-PDFS,direct,high,County GIS attribute and recorded map collection establish the legal recording milestone.,none_established,"Recording is not evidence of grading, construction, sale, habitability, or occupancy.",ocr_structured_visual_spot_check_required
LH-TRACT-EVIDENCE-16472-RECORDING,LH-TRACT-16472,legal_tract_map_recording,2004-10-26,2004-10-26,day,LH-OBS-TRACT-16472,LH-SRC-OC-TRACTS;LH-SRC-OC-LMS-TRACT-PDFS,direct,high,County GIS attribute and recorded map collection establish the legal recording milestone.,none_established,"Recording is not evidence of grading, construction, sale, habitability, or occupancy.",ocr_structured_visual_spot_check_required
LH-TRACT-EVIDENCE-16473-RECORDING,LH-TRACT-16473,legal_tract_map_recording,2004-10-26,2004-10-26,day,LH-OBS-TRACT-16473,LH-SRC-OC-TRACTS;LH-SRC-OC-LMS-TRACT-PDFS,direct,high,County GIS attribute and recorded map collection establish the legal recording milestone.,none_established,"Recording is not evidence of grading, construction, sale, habitability, or occupancy.",ocr_structured_visual_spot_check_required
LH-TRACT-EVIDENCE-16504-RECORDING,LH-TRACT-16504,legal_tract_map_recording,2004-04-30,2004-04-30,day,LH-OBS-TRACT-16504,LH-SRC-OC-TRACTS;LH-SRC-OC-LMS-TRACT-PDFS,direct,high,County GIS attribute and recorded map collection establish the legal recording milestone.,none_established,"Recording is not evidence of grading, construction, sale, habitability, or occupancy.",ocr_structured_visual_spot_check_required
LH-TRACT-EVIDENCE-16505-RECORDING,LH-TRACT-16505,legal_tract_map_recording,2004-04-30,2004-04-30,day,LH-OBS-TRACT-16505,LH-SRC-OC-TRACTS;LH-SRC-OC-LMS-TRACT-PDFS,direct,high,County GIS attribute and recorded map collection establish the legal recording milestone.,none_established,"Recording is not evidence of grading, construction, sale, habitability, or occupancy.",ocr_structured_visual_spot_check_required
LH-TRACT-EVIDENCE-16515-RECORDING,LH-TRACT-16515,legal_tract_map_recording,2003-10-27,2003-10-27,day,LH-OBS-TRACT-16515,LH-SRC-OC-TRACTS;LH-SRC-OC-LMS-TRACT-PDFS,direct,high,County GIS attribute and recorded map collection establish the legal recording milestone.,none_established,"Recording is not evidence of grading, construction, sale, habitability, or occupancy.",ocr_structured_visual_spot_check_required
LH-TRACT-EVIDENCE-16586-RECORDING,LH-TRACT-16586,legal_tract_map_recording,2004-06-10,2004-06-10,day,LH-OBS-TRACT-16586,LH-SRC-OC-TRACTS;LH-SRC-OC-LMS-TRACT-PDFS,direct,high,County GIS attribute and recorded map collection establish the legal recording milestone.,none_established,"Recording is not evidence of grading, construction, sale, habitability, or occupancy.",ocr_structured_visual_spot_check_required
LH-TRACT-EVIDENCE-16667-RECORDING,LH-TRACT-16667,legal_tract_map_recording,2004-10-29,2004-10-29,day,LH-OBS-TRACT-16667,LH-SRC-OC-TRACTS;LH-SRC-OC-LMS-TRACT-PDFS,direct,high,County GIS attribute and recorded map collection establish the legal recording milestone.,none_established,"Recording is not evidence of grading, construction, sale, habitability, or occupancy.",ocr_structured_visual_spot_check_required
LH-TRACT-EVIDENCE-16687-RECORDING,LH-TRACT-16687,legal_tract_map_recording,2005-04-14,2005-04-14,day,LH-OBS-TRACT-16687,LH-SRC-OC-TRACTS;LH-SRC-OC-LMS-TRACT-PDFS,direct,high,County GIS attribute and recorded map collection establish the legal recording milestone.,none_established,"Recording is not evidence of grading, construction, sale, habitability, or occupancy.",ocr_structured_visual_spot_check_required
