archiveStatus,bytes,checksumSha256,error,isOfficial,isPrimary,localFilePath,path,publicationDate,publisher,recordCount,reliabilityGrade,retrievalDate,sourceId,sourceType,title,url
retrieved,152797,ff6e770b8ced11607081d913cd22930e266156a74408fe8315be6513c5c58949,,true,true,evidence/lhdrs/mission5/pdf/oc_bond_monitoring_2006_q4.pdf,pdf/oc_bond_monitoring_2006_q4.pdf,2007-01-01,County of Orange,,A1,2026-07-27,LH-SRC-OC-BOND-2006Q4,official_bond_monitoring_report,"Orange County Bond Monitoring Program, Fourth Quarter 2006",https://www.ocgov.com/sites/default/files/import/data/files/4147.pdf
retrieved,1568029,fbbe9331a19c92870c6e156e3c1d7518f6d320c071a3898a633dfde6231a6568,,true,true,evidence/lhdrs/mission5/pdf/oc_bond_monitoring_2011_q4.pdf,pdf/oc_bond_monitoring_2011_q4.pdf,2012-01-01,County of Orange,,A1,2026-07-27,LH-SRC-OC-BOND-2011Q4,official_bond_monitoring_report,"Orange County Bond Monitoring Program, Fourth Quarter 2011",https://cfo.oc.gov/sites/finance/files/import/data/files/4148.pdf
retrieved,779194,84607f5b609499edf81aec709ef0e6fd46ecb76a9746d970c9248838add63b9c,,true,true,evidence/lhdrs/mission5/pdf/oc_cfd_resolution_history.pdf,pdf/oc_cfd_resolution_history.pdf,,County of Orange,,A2,2026-07-27,LH-SRC-OC-CFD-HISTORY,official_cfd_history,Orange County Community Facilities District Resolution History,https://cfo.oc.gov/sites/finance/files/import/data/files/49731.pdf
retrieved,197712,9ec7f4e1d2f323ef81254f368b0b426ab0a6bb309819ad9cf37c334e8c0b93b7,,true,true,evidence/lhdrs/mission5/pdf/oc_local_accountability_2018.pdf,pdf/oc_local_accountability_2018.pdf,2018-12-31,County of Orange,,A2,2026-07-27,LH-SRC-OC-LADR-2018,official_accountability_report,Local Agency Special Tax and Bond Accountability Report 2018,https://cfo.ocgov.com/sites/finance/files/import/data/files/83680.pdf
retrieved,46355,ce55c3095c7111cea86fdad9ebd75ac5c5719c01c61fbe571d3ba576243d467a,,true,true,evidence/lhdrs/mission5/pdf/laderalife_street_neighborhood_list_2019.pdf,pdf/laderalife_street_neighborhood_list_2019.pdf,2019-05-21,Ladera Ranch Maintenance Corporation,,A2,2026-07-27,LH-SRC-LARMAC-STREETS-2019,official_community_directory,LaderaLife Street and Neighborhood List,https://laderalife.com/assets//Neighborhood%20Street%20List%205.21.19.pdf
retrieved,7816693,71585c041dd74ffa8141179189f6d06248c244b235e5bdba1173a75418cca3a0,,true,true,evidence/lhdrs/mission5/pdf/covenant_hills_design_guidelines_ch1_2006.pdf,pdf/covenant_hills_design_guidelines_ch1_2006.pdf,2006-09-18,Ladera Ranch Maintenance Corporation,,A2,2026-07-27,LH-SRC-LARMAC-CUSTOM-2006,official_design_guidelines,"Covenant Hills Custom Home Design Guidelines, Chapter 1",https://laderalife.com/upload/FormsAndDocument/Document/2019-01/Custom_Home_Design_Guidelines%2C_Chapter_1_-_Introduction-1.pdf
retrieved,1008388,fa3c7f188ffbb0f2920f5ea80065b1be91107673f10d6212a6a11b38a49e8670,,true,true,evidence/lhdrs/mission5/pdf/ladera_ranch_transportation_survey_2008.pdf,pdf/ladera_ranch_transportation_survey_2008.pdf,2008-01-01,County of Orange,,A2,2026-07-27,LH-SRC-OC-TRANSPORT-2008,official_transportation_survey,Ladera Ranch Transportation Survey Packet,https://bos.ocgov.com/legacy5/newsletters/pdf/ladera_ranch_transportation_survey_packet_2008.pdf
retrieved,16659289,ea1ded896342d8b53e4d956f842beafd42cf4024b5886c2388b369cbc988dc75,,true,false,evidence/lhdrs/mission5/pdf/roots_and_wings_winter_2019.pdf,pdf/roots_and_wings_winter_2019.pdf,2019-12-01,Ladera Ranch Community Services,,B1,2026-07-27,LH-SRC-LARMAC-RW-2019W,official_community_magazine,"Roots and Wings, Winter 2019",https://laderalife.com/upload/RootsAndWing/Magazine/2019-12/0145%20Roots%20and%20Wings%20Winter%202019%20revised%20%28spreads%29.pdf
retrieved,12235601,40dd6c98b700ae56927d8a87ce3d316850fa491d8545d7b346fdcd618f35197d,,true,false,evidence/lhdrs/mission5/pdf/roots_and_wings_spring_2020.pdf,pdf/roots_and_wings_spring_2020.pdf,2020-03-01,Ladera Ranch Community Services,,B1,2026-07-27,LH-SRC-LARMAC-RW-2020S,official_community_magazine,"Roots and Wings, Spring 2020",https://laderalife.com/upload/RootsAndWing/Magazine/2020-03/RootsandWingsSpring2020.pdf
retrieved,87700,2c2bfac90432cfb585898806f0d9b13cf8fc2bf1da1e3b54d662183df9bc4fa7,,true,false,evidence/lhdrs/mission5/html/laderalife_timeline_2026.html,html/laderalife_timeline_2026.html,,Ladera Ranch Community Services,,B1,2026-07-27,LH-SRC-LARMAC-TIMELINE-M5,official_community_timeline,Explore Ladera Ranch: Ladera Ranch Through the Years,https://laderalife.com/about/explore-ladera-ranch
retrieved,281524,eeada8538941af358a696bb44d4aa205ee60b4822f6cad344f6198408bd518eb,,false,false,evidence/lhdrs/mission5/html/probuilder_happy_trails_1999.html,html/probuilder_happy_trails_1999.html,1999-11-03,Professional Builder,,B1,2026-07-27,LH-SRC-PROB-TRAILS-1999,contemporary_trade_publication,Happy Trails at Ladera Ranch,https://www.probuilder.com/sales-marketing/article/55196745/happy-trails-at-ladera-ranch
retrieved,415051,2df14be5530e661aafbe1e4d66f779c04394ba2b2b2b4fa3a5529ad13668059a,,false,false,evidence/lhdrs/mission5/html/latimes_builders_1998.html,html/latimes_builders_1998.html,1998-01-20,Los Angeles Times,,B1,2026-07-27,LH-SRC-LAT-BUILDERS-1998,contemporary_newspaper,"Builders Chosen for Start of 8,100-Home Project",https://www.latimes.com/archives/la-xpm-1998-jan-20-fi-10079-story.html
retrieved,412727,092060037b062a6c714fda54754b9120ec3b71d030d082e5c69c31ad361bef86,,false,false,evidence/lhdrs/mission5/html/latimes_phase1_builders_1999.html,html/latimes_phase1_builders_1999.html,1999-05-04,Los Angeles Times,,B1,2026-07-27,LH-SRC-LAT-PHASE1-1999,contemporary_newspaper,Ladera Ranch Developer Picks Phase I Builders,https://www.latimes.com/archives/la-xpm-1999-may-04-fi-33910-story.html
retrieved,424261,0ffc4a965270e24be8e231e4852d8b6b1200080705c82bb47922e967d27bcc30,,false,false,evidence/lhdrs/mission5/html/latimes_grand_opening_1999.html,html/latimes_grand_opening_1999.html,1999-08-01,Los Angeles Times,,B1,2026-07-27,LH-SRC-LAT-OPENING-1999,contemporary_newspaper,"Small-Town Feel, Big-Time Crowds",https://www.latimes.com/archives/la-xpm-1999-aug-01-me-61604-story.html
retrieved,431553,41e24df90699c539780b99dd95d0694aab479ac5d9447fd9b2ae4392ae2f3919,,false,false,evidence/lhdrs/mission5/html/latimes_first_residents_1999.html,html/latimes_first_residents_1999.html,1999-12-12,Los Angeles Times,,B1,2026-07-27,LH-SRC-LAT-FIRST-RESIDENT-1999,contemporary_newspaper,New Kids on Every Block,https://www.latimes.com/archives/la-xpm-1999-dec-12-me-43197-story.html
retrieved,61684,3f333956178d1303aedcf4b613e99726cd0a26720f38192b8eec665e5a2ffa05,,false,false,evidence/lhdrs/mission5/html/activerain_builder_crosswalk_2010.html,html/activerain_builder_crosswalk_2010.html,2010-07-13,ActiveRain,,C,2026-07-27,LH-SRC-ACTIVERAIN-2010,secondary_real_estate_directory,"Ladera Ranch Village Information, Tract Name, Housing Type, Homes and Builder",https://activerain.com/blogsview/1743192/ladera-ranch-village-information---tract-name---housing-type-----of-homes---builder
retrieved,51722,d0a5b217a9aea68206d882e43941120d4bc2c590315d9b16d36c7bf7cded2d62,,true,true,evidence/lhdrs/mission5/html/laderalife_village_1_oak-knoll-village.html,html/laderalife_village_1_oak-knoll-village.html,,Ladera Ranch Maintenance Corporation,,A2,2026-07-27,LH-SRC-LARMAC-VILLAGE-1,official_community_directory,LaderaLife village directory: Oak Knoll Village,https://laderalife.com/villages/oak-knoll-village
retrieved,53992,4f88dd8a49508a3ace7bf4cb3add54a901303e0f67eca967bb75d98230a9c8cb,,true,true,evidence/lhdrs/mission5/html/laderalife_village_2_flintridge-village.html,html/laderalife_village_2_flintridge-village.html,,Ladera Ranch Maintenance Corporation,,A2,2026-07-27,LH-SRC-LARMAC-VILLAGE-2,official_community_directory,LaderaLife village directory: Flintridge Village,https://laderalife.com/villages/flintridge-village
retrieved,48975,b9c9c098c9749288ab4883f776ad080e5c0c653374bd127d79bfbde0f090e17d,,true,true,evidence/lhdrs/mission5/html/laderalife_village_3_township-district.html,html/laderalife_village_3_township-district.html,,Ladera Ranch Maintenance Corporation,,A2,2026-07-27,LH-SRC-LARMAC-VILLAGE-3,official_community_directory,LaderaLife village directory: Township District,https://laderalife.com/villages/township-district
retrieved,52850,408182343fb0bda50185bbdd4940a8618db95eec09a7205a9aa8b8de01edcc13,,true,true,evidence/lhdrs/mission5/html/laderalife_village_4_avendale-village.html,html/laderalife_village_4_avendale-village.html,,Ladera Ranch Maintenance Corporation,,A2,2026-07-27,LH-SRC-LARMAC-VILLAGE-4,official_community_directory,LaderaLife village directory: Avendale Village,https://laderalife.com/villages/avendale-village
retrieved,52115,c9554106a743120aa714fcbeaedeabff45e97a52a716be325db76d4f1435bc4f,,true,true,evidence/lhdrs/mission5/html/laderalife_village_5_covenant-hills-village.html,html/laderalife_village_5_covenant-hills-village.html,,Ladera Ranch Maintenance Corporation,,A2,2026-07-27,LH-SRC-LARMAC-VILLAGE-5,official_community_directory,LaderaLife village directory: Covenant Hills Village,https://laderalife.com/villages/covenant-hills-village
retrieved,51959,2587032dbf5f8b180f7872c5d34b0e965ad8f9da64c0c49e69e2b542bf0acc0f,,true,true,evidence/lhdrs/mission5/html/laderalife_village_6_terramor-village.html,html/laderalife_village_6_terramor-village.html,,Ladera Ranch Maintenance Corporation,,A2,2026-07-27,LH-SRC-LARMAC-VILLAGE-6,official_community_directory,LaderaLife village directory: Terramor Village,https://laderalife.com/villages/terramor-village
retrieved,48956,c804ca8618a71e6da3ae89bee1d17211b7a659c37fb88c5c5f8c45c9050b9ddc,,true,true,evidence/lhdrs/mission5/html/laderalife_village_7_echo-ridge-village.html,html/laderalife_village_7_echo-ridge-village.html,,Ladera Ranch Maintenance Corporation,,A2,2026-07-27,LH-SRC-LARMAC-VILLAGE-7,official_community_directory,LaderaLife village directory: Echo Ridge Village,https://laderalife.com/villages/echo-ridge-village
retrieved,55087,588460d7973090d08ade9f769b3538a6e004cfedb3ac358dd7cf237d9656ae70,,true,true,evidence/lhdrs/mission5/html/laderalife_village_8_wycliffe-district.html,html/laderalife_village_8_wycliffe-district.html,,Ladera Ranch Maintenance Corporation,,A2,2026-07-27,LH-SRC-LARMAC-VILLAGE-8,official_community_directory,LaderaLife village directory: Wycliffe District,https://laderalife.com/villages/wycliffe-district
retrieved,56781,89abd95c7718b23e6f3413586dcc4ac8a0f103e3567fc49caf3bde505d5fb8af,,true,true,evidence/lhdrs/mission5/html/laderalife_village_9_bridgepark-district.html,html/laderalife_village_9_bridgepark-district.html,,Ladera Ranch Maintenance Corporation,,A2,2026-07-27,LH-SRC-LARMAC-VILLAGE-9,official_community_directory,LaderaLife village directory: Bridgepark District,https://laderalife.com/villages/bridgepark-district
retrieved,18247138,23b28d6b548e64a2e8e97cc8a388de088007dc8de40154dc206c121be78d609e,,true,true,evidence/lhdrs/mission5/gis/oc_address_points_ladera.json,gis/oc_address_points_ladera.json,,County of Orange,20253,A2,2026-07-27,LH-SRC-OC-ADDRESS-POINTS,official_current_gis_layer,Orange County Final Planning Address Points,https://ocgis.com/arcpub/rest/services/Map_Layers/Address_Point_Final_Planning_Addressing/FeatureServer/0
retrieved,5204607,71e3af4ff29d3afaa8e5a973f0b4ddc79b195e8f71e0f2eea7bdee3db40af75b,,true,true,evidence/lhdrs/mission5/gis/oc_street_centerlines_ladera.json,gis/oc_street_centerlines_ladera.json,,County of Orange,6366,A2,2026-07-27,LH-SRC-OC-STREET-CENTERLINES,official_current_gis_layer,Orange County Street Centerlines with Labels,https://ocgis.com/arcpub/rest/services/Map_Layers/Street_Centerlines_With_Labels/FeatureServer/2
retrieved,5496985,5fcee243aa5dde4123903fc9a0a3341511abcbcf88ded17bd94749e4d2bcbb3e,,true,true,evidence/lhdrs/mission5/imagery/ladera_naip_2005.jpg,imagery/ladera_naip_2005.jpg,2005,California Department of Fish and Wildlife / USDA FSA,4,A1,2026-07-27,LH-SRC-CDFW-NAIP-2005,official_aerial_imagery,California NAIP 2005 natural-color aerial imagery,https://gis.wildlife.ca.gov/images/rest/services/Base_Remote_Sensing/NAIP_2005/ImageServer
retrieved,5573946,f3c65cc9e3947f39c03734078172a21ac7fc4c0df21aa7027256c621249074f7,,true,true,evidence/lhdrs/mission5/imagery/ladera_naip_2009.jpg,imagery/ladera_naip_2009.jpg,2009,California Department of Fish and Wildlife / USDA FSA,4,A1,2026-07-27,LH-SRC-CDFW-NAIP-2009,official_aerial_imagery,California NAIP 2009 natural-color aerial imagery,https://gis.wildlife.ca.gov/images/rest/services/Base_Remote_Sensing/NAIP_2009/ImageServer
retrieved,6516056,835931ef8fb8316aec58aa1cfcda2ef9a17319c235ed64aa361d0bc0e3723f28,,true,true,evidence/lhdrs/mission5/imagery/ladera_naip_2010.jpg,imagery/ladera_naip_2010.jpg,2010,California Department of Fish and Wildlife / USDA FSA,4,A1,2026-07-27,LH-SRC-CDFW-NAIP-2010,official_aerial_imagery,California NAIP 2010 natural-color aerial imagery,https://gis.wildlife.ca.gov/images/rest/services/Base_Remote_Sensing/NAIP_2010/ImageServer
