chemical,application_records,total_lbs_applied
FIPRONIL,4361,2504.45
PIPERONYL BUTOXIDE,4285,6815.52
BIFENTHRIN,4163,8189.01
PYRIPROXYFEN,3429,458.93
IMIDACLOPRID,3390,3043.07
DINOTEFURAN,3042,5314.44
PYRETHRINS,2890,608.62
DIPHACINONE,2854,7.44
INDOXACARB,2585,83.16
DELTAMETHRIN,2507,4381.8
PRALLETHRIN,1965,564.65
"GLYPHOSATE, ISOPROPYLAMINE SALT",1742,43696.19
BROMETHALIN,1695,6.95
LAMBDA-CYHALOTHRIN,1678,1407.92
BETA-CYFLUTHRIN,1609,886.3
N-OCTYL BICYCLOHEPTENE DICARBOXIMIDE,1460,276.88
DISODIUM OCTABORATE TETRAHYDRATE,1356,28141.25
,1277,0.0
BORIC ACID,1195,20492.46
ESFENVALERATE,1042,2254.28
HYDROPRENE,918,210.22
ABAMECTIN,863,20.98
CYFLUTHRIN,859,88.3
"PIPERONYL BUTOXIDE, OTHER RELATED",762,40.31
PERMETHRIN,728,2731.3
BEAUVERIA BASSIANA STRAIN: GHA,714,27.54
THIAMETHOXAM,681,205.67
NOVALURON,677,174.19
CHOLECALCIFEROL,659,32.43
SULFURYL FLUORIDE,655,317155.71
CHLORFENAPYR,645,982.47
S-METHOPRENE,611,167.89
PHENOTHRIN,585,12.71
CHLOROPHACINONE,573,2.08
CLOTHIANIDIN,564,2871.05
DICAMBA,550,102.27
TRINEXAPAC-ETHYL,526,805.31
CARFENTRAZONE-ETHYL,522,58.33
"2,4-D, 2-ETHYLHEXYL ESTER",508,1372.97
SILICA GEL,493,655.34
"GLYPHOSATE, POTASSIUM SALT",484,9288.49
GLUFOSINATE-AMMONIUM,442,10531.92
"TRICLOPYR, BUTOXYETHYL ESTER",406,1973.7
DIQUAT DIBROMIDE,405,2203.89
THIOPHANATE-METHYL,369,7250.82
STRYCHNINE,353,32.41
CHLOROTHALONIL,322,12411.75
MEFENOXAM,312,180.59
PROPICONAZOLE,311,953.77
BROMADIOLONE,310,0.33
DITHIOPYR,309,2132.43
IRON PHOSPHATE,290,24.87
FLUAZIFOP-P-BUTYL,271,362.17
MECOPROP-P,269,145.22
PRODIAMINE,258,3103.37
INDAZIFLAM,252,239.12
MINERAL OIL,239,57084.7
ETHEPHON,227,2538.49
"ABAMECTIN, OTHER RELATED",226,0.0
ACIBENZOLAR-S-METHYL,222,14.41
"2,4-DP-P, 2-ETHYLHEXYL ESTER",218,322.61
AZOXYSTROBIN,215,452.68
TEBUCONAZOLE,207,2002.91
SPINOSAD,200,104.67
ACETAMIPRID,198,42.68
ZINC PHOSPHIDE,197,16.94
ACEPHATE,195,805.59
HALOSULFURON-METHYL,194,43.79
FLUMIOXAZIN,188,239.44
POTASSIUM PHOSPHITE,185,4189.22
ISOXABEN,182,1395.61
HYDRAMETHYLNON,181,57.18
SODIUM TETRABORATE DECAHYDRATE,180,92.6
MUSCALURE,174,0.36
METOFLUTHRIN,171,0.14
"ALKYL* DIMETHYL BENZYL AMMONIUM CHLORIDE *(50%C14, 40%C12, 10%C16)",170,27.05
DIDECYL DIMETHYL AMMONIUM CHLORIDE,168,20.05
D-TRANS ALLETHRIN,162,2.13
ETOFENPROX,161,8.19
DIKEGULAC SODIUM,157,1396.99
PYRACLOSTROBIN,157,256.32
DIFETHIALONE,154,0.06
"GLYPHOSATE, MONOAMMONIUM SALT",149,2519.72
PENDIMETHALIN,148,614.33
FLUAZINAM,148,385.66
MANCOZEB,133,4718.92
4-AMINOPYRIDINE,131,0.83
METALDEHYDE,128,372.42
FLUDIOXONIL,128,177.92
CHLORANTRANILIPROLE,127,228.07
BACILLUS THURINGIENSIS SUBSP. ISRAELENSIS STRAIN: AM 65-52,124,1316.1
CAPRIC ACID,114,7269.41
CAPRYLIC ACID,114,10604.73
ALUMINUM PHOSPHIDE,108,284.14
IPRODIONE,105,1093.02
DIOCTYL DIMETHYL AMMONIUM CHLORIDE,104,412.18
TETRAMETHRIN,104,0.48
OCTYL DECYL DIMETHYL AMMONIUM CHLORIDE,102,19.1
CYPERMETHRIN,98,57.44
DIATOMACEOUS EARTH,96,31.52
TAU-FLUVALINATE,95,33.18
CLETHODIM,93,162.46
MYCLOBUTANIL,91,28.78
GAMMA-CYHALOTHRIN,90,576.31
NOVIFLUMURON,84,8.03
FLURPRIMIDOL,84,223.72
EMAMECTIN BENZOATE,84,243.57
DIMETHENAMID-P,80,79.9
PENTHIOPYRAD,79,207.39
"POLYOXIN D, ZINC SALT",78,76.1
MEFENTRIFLUCONAZOLE,77,196.12
BACILLUS VELENSIS STRAIN: QST 713,74,10.54
FORAMSULFURON,73,14.84
LIMONENE,71,3973.59
"AMINOPYRALID, TRIISOPROPANOLAMINE SALT",70,620.59
POTASSIUM LAURATE,69,316.05
SODIUM HYPOCHLORITE,68,15895.88
SULFENTRAZONE,67,15.27
HEXYTHIAZOX,66,20.1
PHENYLETHYL PROPIONATE,66,0.2
ALPHA-CYPERMETHRIN,66,23.12
PACLOBUTRAZOL,64,68.53
AZADIRACHTIN,62,1.53
CYAZOFAMID,61,155.36
FLUXAPYROXAD,61,126.57
DDVP,59,10.67
"QUINCLORAC, DIMETHYLAMINE SALT",59,112.26
ISOPROPYL ALCOHOL,56,831.71
"2,4-D, DIMETHYLAMINE SALT",56,591.1
"DDVP, OTHER RELATED",56,0.58
"DICAMBA, DIMETHYLAMINE SALT",56,18.26
BACILLUS THURINGIENSIS SUBSPECIES ISRAELENSIS STRAIN BMP 144,55,1.29
COPPER SULFATE (PENTAHYDRATE),53,6491.65
TRIFLURALIN,52,165.12
FOSETYL-AL,52,43081.11
FERRIC SODIUM EDTA,52,170.2
STREPTOMYCES GRISEOVIRIDIS STRAIN K61,52,3.78
"FLUROXYPYR, 1-METHYLHEPTYL ESTER",51,136.93
ZETA-CYPERMETHRIN,51,0.4
SULFOMETURON-METHYL,50,221.13
COPPER HYDROXIDE,48,873.86
2-METHYL-4-ISOTHIAZOLIN-3-ONE,46,209.87
5-CHLORO-2-METHYL-4-ISOTHIAZOLIN-3-ONE,46,599.2
BIFENAZATE,46,67.3
SODIUM BROMIDE,46,8364.61
PROPAMOCARB HYDROCHLORIDE,44,733.84
NONANOIC ACID,44,701.23
"NONANOIC ACID, OTHER RELATED",42,36.35
OXADIAZON,41,65.44
"CLOPYRALID, MONOETHANOLAMINE SALT",40,338.83
"IMAZAPYR, ISOPROPYLAMINE SALT",39,160.39
"COPPER ETHANOLAMINE COMPLEXES, MIXED",37,2779.16
FLUPYRADIFURONE,37,34.09
QUINCLORAC,36,18.13
BRODIFACOUM,36,0.0
"TRICLOPYR, TRIETHYLAMINE SALT",35,1153.45
"MCPP-P, DMA SALT",34,45.2
OXYFLUORFEN,33,375.5
"1-BROMO-3-CHLORO-5,5-DIMETHYL HYDANTOIN",33,14791.42
FENPROPATHRIN,32,186.48
TRIFLOXYSTROBIN,31,39.0
"DIPHACINONE, SODIUM SALT",30,0.09
BOSCALID,30,127.71
DIFENOCONAZOLE,30,38.94
"1,3-DICHLORO-5,5-DIMETHYLHYDANTOIN",29,7784.56
"1,3-DICHLORO-5-ETHYL-5-METHYLHYDANTOIN",29,4282.86
CLARIFIED HYDROPHOBIC EXTRACT OF NEEM OIL,28,24.79
THIENCARBAZONE-METHYL,28,1.61
COPPER OCTANOATE,26,27.04
BACILLUS SPHAERICUS 2362 SEROTYPE H5A5B STRAIN: ABTS 1743,25,90.2
"2,2-DIBROMO-3-NITRILOPROPIONAMIDE",25,426.62
"BACILLUS THURINGIENSIS (BERLINER), SUBSP. KURSTAKI, STRAIN SA-11",25,137.75
IMAZOSULFURON,24,6.74
SIMAZINE,23,502.33
ACEQUINOCYL,23,20.38
OXYTETRACYCLINE HYDROCHLORIDE,23,2.99
SPIROTETRAMAT,23,15.62
BACILLUS THURINGIENSIS SUBSP. KURSTAKI STRAIN: ABTS-351,23,158.66
"ALKYL (68%C12, 32%C14) DIMETHYLETHYLBENZYL AMMONIUM CHLORIDE",22,1.15
ETHOFUMESATE,22,8.61
"ALKYL* DIMETHYL BENZYL AMMONIUM CHLORIDE *(60%C14, 30%C16, 5%C18, 5%C12)",22,1.15
SULFUR,22,998.05
AMMONIUM SOAPS OF FATTY ACIDS,22,705.82
PROPOXUR,22,0.1
IBA,21,0.08
CHLORSULFURON,21,91.55
FLUOPYRAM,21,36.69
MARGOSA OIL,21,1.41
"MCPA, DIMETHYLAMINE SALT",21,224.25
METAFLUMIZONE,20,0.34
TRICLOPYR CHOLINE,20,50.95
MALATHION,20,311.14
CHLOROPICRIN,19,33074.91
TRIADIMEFON,19,77.59
BENZOVINDIFLUPYR,19,7.34
"MCPA, ISOOCTYL ESTER",18,110.25
PROPYZAMIDE,18,237.38
BEAUVERIA BASSIANA STRAIN: ANT-03,18,0.14
BACILLUS VELEZENSIS STRAIN: GB03,16,0.39
AMMONIUM NONANOATE,16,298.45
GLIOCLADIUM VIRENS STRAIN: G-41,16,0.72
TRICHODERMA HARZIANUM RIFAI STRAIN KRL-AG2,16,1.35
HYPOCREA ATROVIRIDIS,15,0.69
FLONICAMID,15,13.27
HYPOCREA (TELEOMORPH),15,0.69
SODIUM PERCARBONATE,15,2589.95
FLUAZIFOP-BUTYL,14,4.12
SODIUM DICHLORO-S-TRIAZINETRIONE DIHYDRATE,14,174.57
ORYZALIN,14,401.82
SPIROMESIFEN,14,6.14
"1,3-DICHLOROPROPENE",14,32125.66
CYPRODINIL,14,59.48
"DIGLYCOLAMINE SALT OF 3,6-DICHLORO-O-ANISIC ACID",13,161.77
CYFLUMETOFEN,13,8.96
"ACID BLUE 9, DIAMMONIUM SALT",13,37.36
TARTRAZINE,13,3.08
NALED,12,5.45
IODOSULFURON-METHYL-SODIUM,12,0.18
ROTENONE,12,1.42
REYNOUTRIA SACHALINENSIS (GIANT KNOTWEED) PLANT EXTRACT,12,0.95
DIFLUBENZURON,12,18.3
BACILLUS THURINGIENSIS (BERLINER),11,0.48
METHOPRENE,11,0.54
POLY(OXYETHYLENE) (DIMETHYLIMINO) ETHYLENE (DIMETHYLIMINO) ETHYLENE DICHLORIDE,11,549.78
"SODIUM BROMOSULFAMATE, SODIUM CHLOROSULFAMATE, POTASSIUM BROMOSULFAMATE, POTASSIUM CHLOROSULFAMATE",11,1603.4
THIRAM,11,5.79
CHLORPYRIFOS,11,574.51
COPPER SALTS OF FATTY AND ROSIN ACIDS,11,16.71
STREPTOMYCIN SULFATE,11,6.24
SPINETORAM,11,12.94
PENOXSULAM,11,1.5
COPPER OXYCHLORIDE,11,6.49
METHYL EUGENOL,11,568.1
CARBON DIOXIDE,11,90.96
GIBBERELLINS,11,13.29
CADMIUM CHLORIDE,10,0.24
4-VINYLCYCLOHEXENEDIEPOXIDE,10,0.02
CARBARYL,10,866.32
TRIPTOLIDE,10,0.0
FLUTOLANIL,10,154.81
(S)-VERBENONE,9,2.36
PROHEXADIONE-CALCIUM,9,61.59
GLUTARALDEHYDE,9,1125.91
CRYOLITE,9,2119.68
S-METOLACHLOR,9,6.02
METHOMYL,8,0.2
OXATHIAPIPROLIN,8,1.8
POTASSIUM BICARBONATE,8,14.49
TRIFLOXYSULFURON-SODIUM,8,3.53
PEROXYACETIC ACID,8,69.34
CHLORDECONE,8,0.0
SETHOXYDIM,8,17.7
HYDROGEN PEROXIDE,8,113.35
CYANTRANILIPROLE,7,12.26
ISARIA FUMOSOROSEA STRAIN: FE 9901,7,2.84
CUBE EXTRACTS,7,2.84
MAGNESIUM PHOSPHIDE,7,7.8
RYANODINE,7,0.1
WARFARIN,7,0.02
KAOLIN,7,1487.64
PYRIDABEN,7,10.8
ETOXAZOLE,7,0.57
BACILLUS THURINGIENSIS SUBSP. AIZAWAI STRAIN: ABTS-1857,7,1.42
PETROLEUM DISTILLATES,6,1.33
DIURON,6,166.61
MSMA,6,142.42
CAPTAN,6,17.22
CAPSICUM OLEORESIN,6,0.0
"BACILLUS THURINGIENSIS (BERLINER), SUBSP. KURSTAKI, SEROTYPE 3A,3B",6,0.12
PCNB,6,32.62
LINURON,6,198.25
DIMETHOMORPH,6,1.79
TRITICONAZOLE,6,9.76
"AMINOCYCLOPYRACHLOR, POTASSIUM SALT",6,45.74
AMMONIUM 1-NAPHTHALENEACETATE,6,6.25
RESMETHRIN,5,0.0
"RESMETHRIN, OTHER RELATED",5,0.0
"METHYL-2,7-DICHLORO-9-HYDROXYFLUORENE-9-CARBOXYLATE",5,0.08
"GLYPHOSATE, DIMETHYLAMINE SALT",5,18.77
"Z,E-9,12-TETRADECADIEN-1-YL ACETATE",5,6.28
PINE OIL,5,0.07
FLURIDONE,5,28.07
METHOXYFENOZIDE,5,26.9
TRIFLUMIZOLE,5,11.26
"CHLORFLURENOL, METHYL ESTER",5,0.42
PIPERALIN,5,2.86
FLURECOL-METHYL,5,0.1
"CAPTAN, OTHER RELATED",5,0.38
"ROTENONE, OTHER RELATED",5,0.01
TEBUTHIURON,5,42.21
CHLORINE DIOXIDE,5,0.04
QUINOXYFEN,5,6.8
FENARIMOL,4,0.64
"MCPA, 2-ETHYL HEXYL ESTER",4,10.3
FLUOPICOLIDE,4,0.17
TOLFENPYRAD,4,3.29
IRON HEDTA,4,1.11
DICLORAN,4,38.99
SULFOSULFURON,4,0.95
PYDIFLUMETOFEN,4,13.58
PHOSPHORIC ACID,4,0.21
MANDIPROPAMID,4,0.93
MECOPROP-P-POTASSIUM,4,48.76
POLYBUTENE,4,1.72
METCONAZOLE,4,0.66
"2,4-D",4,10.71
COPPER NAPHTHENATE,3,0.09
"PHENOTHRIN, OTHER RELATED",3,0.0
MCPP POTASSIUM SALT,3,58.68
"BENTAZON, SODIUM SALT",3,40.75
D-ALLETHRIN,3,0.01
METHIOCARB,3,7.5
FENHEXAMID,3,8.28
FLUTRIAFOL,3,0.37
FLAZASULFURON,3,5.69
MESOTRIONE,3,0.38
TRICHLOROFLUOROMETHANE,3,4.26
"ENDOTHALL, DIPOTASSIUM SALT",3,16.08
SODIUM DICHLORO-S-TRIAZINETRIONE,3,91.98
AFIDOPYROPEN,3,0.46
HEPTYL BUTYRATE,3,0.45
PYMETROZINE,3,2.5
METHIOZOLIN,2,2.31
AMMONIUM OLEATE,2,1.85
SODIUM NITRATE,2,40.71
DAZOMET,2,2.2
PYRAFLUFEN-ETHYL,2,0.0
FENPYROXIMATE,2,2.56
TOPRAMEZONE,2,0.01
METRIBUZIN,2,0.06
SABADILLA ALKALOIDS,2,1.31
ACETIC ACID,2,242.29
BACILLUS THURINGIENSIS SUBSP. KURSTAKI STRAIN: SA-12,2,0.04
ISOFETAMID,2,5.51
CARBON,2,21.51
RIMSULFURON,2,1.78
FENAZAQUIN,2,11.89
EPTC,2,73.18
(S)-KINOPRENE,2,0.78
STREPTOMYCIN,2,0.16
ENDOSULFAN,1,0.78
POTASSIUM PEROXYMONOSULFATE,1,0.43
IODINE,1,0.4
COYOTE URINE,1,0.0
STREPOMYCES LYDICUS STRAIN: WYEC 108,1,0.0
PHOSMET,1,11.9
TEBUFENOZIDE,1,22.08
"IMAZAMOX, AMMONIUM SALT",1,0.26
CALCIUM HYPOCHLORITE,1,81.6
BURKHOLDERIA RINOJENSIS STRAIN A396,1,0.03
"PETROLEUM DISTILLATES, AROMATIC",1,0.0
N6-BENZYL ADENINE,1,0.1
METIRAM,1,0.35
COPPER AMMONIUM COMPLEX,1,1.55
BIS BUTENYLENE TETRAHYDRO FURFURAL,1,0.0
TOXAPHENE,1,2.52
POE ISOOCTADECANOL,1,2.96
THYMOL,1,0.0
DIPROPYL ISOCINCHOMERONATE,1,0.0
DIPROPYLENE GLYCOL,1,0.01
"ALKYL (61%C12, 23%C14, 11%C16, 5%C8,C10,C18) DIMETHYLBENZYL AMMONIUM CHLORIDE",1,0.0
METALAXYL,1,2.01
UNICONAZOLE-P,1,0.0
BRONOPOL,1,0.12
BENSULIDE,1,21.83
OIL OF CITRONELLA,1,0.0
"COPPER CARBONATE, BASIC",1,2.28
DIALLYL DISULFIDE,1,1.44
"OXYTETRACYCLINE HYDROCHLORIDE, OTHER RELATED",1,0.0
CYCLANILIPROLE,1,0.53
"2,4-D, TRIISOPROPANOLAMINE SALT",1,23.88
PURPUREOCILLIUM LILACINUM STRAIN 251,1,0.07
BISPYRIBAC-SODIUM,1,0.2
SODIUM CHLORITE,1,0.01
CUPROUS OXIDE,1,11.02
TRIETHYLENE GLYCOL,1,0.02
DIAZINON,1,0.17
"2,4-DP-P, DMA SALT",1,0.0
CALCIUM OXYTETRACYCLINE,1,0.01
METAM-SODIUM,1,18.3
BACILLUS VELEZENSIS STRAIN: D747,1,0.66
FLORASULAM,1,0.09
