builderCandidates,builderProductCandidates,completion,confidence,finalMap,firstOccupancy,grading,infrastructure,knownLifecycleAdditions,limitations,mapRecordingDate,matchedAddressPointCount,modelHomes,neighborhoodCandidates,partialOccupancy,planning,recording,reviewStatus,roads,sales,sourceIds,substantialOccupancy,tentativeMap,tractId,tractNumber,utilities,verticalConstruction,villageCandidates
Shea Homes,LH-PRODUCT-OAK-KNOLL-SYCAMORE-GROVE,unknown,medium,MM 777/14-31,unknown,unknown,unknown,current_neighborhood_geography;builder_product_candidate,"Mission 5 adds current geographic and product associations but does not transfer CFD aggregate dates to a tract. Permit, grading, certificate-of-occupancy, and address-level historical records remain required.",1998-12-11,106,unknown,Sycamore Grove,unknown,not_reconstructed,1998-12-11,enriched_but_physical_lifecycle_unresolved,unknown,unknown,LH-SRC-OC-TRACTS;LH-SRC-LARMAC-STREETS-2019;LH-SRC-OC-ADDRESS-POINTS;LH-SRC-ACTIVERAIN-2010,unknown,not_reconstructed,LH-TRACT-15615,15615,unknown,unknown,Oak Knoll
Shea Homes,LH-PRODUCT-OAK-KNOLL-SHADY-LANE,unknown,medium,MM 787/39-42,unknown,unknown,unknown,current_neighborhood_geography;builder_product_candidate,"Mission 5 adds current geographic and product associations but does not transfer CFD aggregate dates to a tract. Permit, grading, certificate-of-occupancy, and address-level historical records remain required.",1999-06-30,56,unknown,Shady Lane,unknown,not_reconstructed,1999-06-30,enriched_but_physical_lifecycle_unresolved,unknown,unknown,LH-SRC-OC-TRACTS;LH-SRC-LARMAC-STREETS-2019;LH-SRC-OC-ADDRESS-POINTS;LH-SRC-ACTIVERAIN-2010,unknown,not_reconstructed,LH-TRACT-15616,15616,unknown,unknown,Oak Knoll
William Lyon Homes,LH-PRODUCT-OAK-KNOLL-PRESCOTT,unknown,medium,MM 787/48-50,unknown,unknown,unknown,current_neighborhood_geography;builder_product_candidate,"Mission 5 adds current geographic and product associations but does not transfer CFD aggregate dates to a tract. Permit, grading, certificate-of-occupancy, and address-level historical records remain required.",1999-07-28,15,unknown,Prescott 2,unknown,not_reconstructed,1999-07-28,enriched_but_physical_lifecycle_unresolved,unknown,unknown,LH-SRC-OC-TRACTS;LH-SRC-LARMAC-STREETS-2019;LH-SRC-OC-ADDRESS-POINTS;LH-SRC-ACTIVERAIN-2010,unknown,not_reconstructed,LH-TRACT-15617,15617,unknown,unknown,Oak Knoll
Taylor Woodrow,LH-PRODUCT-OAK-KNOLL-AMBERLY-LANE,unknown,medium,MM 786/44-47,unknown,unknown,unknown,current_neighborhood_geography;builder_product_candidate,"Mission 5 adds current geographic and product associations but does not transfer CFD aggregate dates to a tract. Permit, grading, certificate-of-occupancy, and address-level historical records remain required.",1999-05-28,22,unknown,Amberly Lane 2,unknown,not_reconstructed,1999-05-28,enriched_but_physical_lifecycle_unresolved,unknown,unknown,LH-SRC-OC-TRACTS;LH-SRC-LARMAC-STREETS-2019;LH-SRC-OC-ADDRESS-POINTS;LH-SRC-ACTIVERAIN-2010,unknown,not_reconstructed,LH-TRACT-15618,15618,unknown,unknown,Oak Knoll
,,unknown,recording_high_physical_lifecycle_unknown,MM 814/3-6,unknown,unknown,unknown,,"Mission 5 adds current geographic and product associations but does not transfer CFD aggregate dates to a tract. Permit, grading, certificate-of-occupancy, and address-level historical records remain required.",2001-03-09,0,unknown,,unknown,not_reconstructed,2001-03-09,physical_lifecycle_unresolved,unknown,unknown,LH-SRC-OC-TRACTS,unknown,not_reconstructed,LH-TRACT-15619,15619,unknown,unknown,
Taylor Woodrow,LH-PRODUCT-OAK-KNOLL-FAIRFIELD,unknown,medium,MM 785/6-9,unknown,unknown,unknown,current_neighborhood_geography;builder_product_candidate,"Mission 5 adds current geographic and product associations but does not transfer CFD aggregate dates to a tract. Permit, grading, certificate-of-occupancy, and address-level historical records remain required.",1999-05-15,40,unknown,Fairfield 2,unknown,not_reconstructed,1999-05-15,enriched_but_physical_lifecycle_unresolved,unknown,unknown,LH-SRC-OC-TRACTS;LH-SRC-LARMAC-STREETS-2019;LH-SRC-OC-ADDRESS-POINTS;LH-SRC-ACTIVERAIN-2010,unknown,not_reconstructed,LH-TRACT-15620,15620,unknown,unknown,Oak Knoll
William Lyon Homes,LH-PRODUCT-OAK-KNOLL-PRESCOTT,unknown,medium,MM 781/14-16,unknown,unknown,unknown,current_neighborhood_geography;builder_product_candidate,"Mission 5 adds current geographic and product associations but does not transfer CFD aggregate dates to a tract. Permit, grading, certificate-of-occupancy, and address-level historical records remain required.",1999-03-30,31,unknown,Prescott 1,unknown,not_reconstructed,1999-03-30,enriched_but_physical_lifecycle_unresolved,unknown,unknown,LH-SRC-OC-TRACTS;LH-SRC-LARMAC-STREETS-2019;LH-SRC-OC-ADDRESS-POINTS;LH-SRC-ACTIVERAIN-2010,unknown,not_reconstructed,LH-TRACT-15621,15621,unknown,unknown,Oak Knoll
,,unknown,medium,MM 784/47-50,unknown,unknown,unknown,current_neighborhood_geography,"Mission 5 adds current geographic and product associations but does not transfer CFD aggregate dates to a tract. Permit, grading, certificate-of-occupancy, and address-level historical records remain required.",1999-05-14,64,unknown,Whispering Creek 2,unknown,not_reconstructed,1999-05-14,enriched_but_physical_lifecycle_unresolved,unknown,unknown,LH-SRC-OC-TRACTS;LH-SRC-LARMAC-STREETS-2019;LH-SRC-OC-ADDRESS-POINTS,unknown,not_reconstructed,LH-TRACT-15622,15622,unknown,unknown,Oak Knoll
Taylor Woodrow,LH-PRODUCT-OAK-KNOLL-FAIRFIELD,unknown,medium,MM 784/19-21,unknown,unknown,unknown,current_neighborhood_geography;builder_product_candidate,"Mission 5 adds current geographic and product associations but does not transfer CFD aggregate dates to a tract. Permit, grading, certificate-of-occupancy, and address-level historical records remain required.",1999-05-04,47,unknown,Fairfield 1,unknown,not_reconstructed,1999-05-04,enriched_but_physical_lifecycle_unresolved,unknown,unknown,LH-SRC-OC-TRACTS;LH-SRC-LARMAC-STREETS-2019;LH-SRC-OC-ADDRESS-POINTS;LH-SRC-ACTIVERAIN-2010,unknown,not_reconstructed,LH-TRACT-15623,15623,unknown,unknown,Oak Knoll
Brookfield Homes,LH-PRODUCT-OAK-KNOLL-WYETH,unknown,medium,MM 798/38-43,unknown,unknown,unknown,current_neighborhood_geography;builder_product_candidate,"Mission 5 adds current geographic and product associations but does not transfer CFD aggregate dates to a tract. Permit, grading, certificate-of-occupancy, and address-level historical records remain required.",2000-04-06,55,unknown,Wyeth 2,unknown,not_reconstructed,2000-04-06,enriched_but_physical_lifecycle_unresolved,unknown,unknown,LH-SRC-OC-TRACTS;LH-SRC-LARMAC-STREETS-2019;LH-SRC-OC-ADDRESS-POINTS;LH-SRC-ACTIVERAIN-2010,unknown,not_reconstructed,LH-TRACT-15624,15624,unknown,unknown,Oak Knoll
Brookfield Homes,LH-PRODUCT-OAK-KNOLL-WYETH,unknown,medium,MM 782/38-44,unknown,unknown,unknown,current_neighborhood_geography;builder_product_candidate,"Mission 5 adds current geographic and product associations but does not transfer CFD aggregate dates to a tract. Permit, grading, certificate-of-occupancy, and address-level historical records remain required.",1999-04-22,78,unknown,Wyeth 1,unknown,not_reconstructed,1999-04-22,enriched_but_physical_lifecycle_unresolved,unknown,unknown,LH-SRC-OC-TRACTS;LH-SRC-LARMAC-STREETS-2019;LH-SRC-OC-ADDRESS-POINTS;LH-SRC-ACTIVERAIN-2010,unknown,not_reconstructed,LH-TRACT-15625,15625,unknown,unknown,Oak Knoll
Taylor Woodrow,LH-PRODUCT-OAK-KNOLL-AMBERLY-LANE,unknown,medium,MM 784/32-35,unknown,unknown,unknown,current_neighborhood_geography;builder_product_candidate,"Mission 5 adds current geographic and product associations but does not transfer CFD aggregate dates to a tract. Permit, grading, certificate-of-occupancy, and address-level historical records remain required.",1999-05-07,57,unknown,Amberly Lane 1,unknown,not_reconstructed,1999-05-07,enriched_but_physical_lifecycle_unresolved,unknown,unknown,LH-SRC-OC-TRACTS;LH-SRC-LARMAC-STREETS-2019;LH-SRC-OC-ADDRESS-POINTS;LH-SRC-ACTIVERAIN-2010,unknown,not_reconstructed,LH-TRACT-15626,15626,unknown,unknown,Oak Knoll
William Lyon Homes,LH-PRODUCT-OAK-KNOLL-MAPLEWOOD,unknown,medium,MM 785/17-20,unknown,unknown,unknown,current_neighborhood_geography;builder_product_candidate,"Mission 5 adds current geographic and product associations but does not transfer CFD aggregate dates to a tract. Permit, grading, certificate-of-occupancy, and address-level historical records remain required.",1999-05-14,47,unknown,Maplewood 2,unknown,not_reconstructed,1999-05-14,enriched_but_physical_lifecycle_unresolved,unknown,unknown,LH-SRC-OC-TRACTS;LH-SRC-LARMAC-STREETS-2019;LH-SRC-OC-ADDRESS-POINTS;LH-SRC-ACTIVERAIN-2010,unknown,not_reconstructed,LH-TRACT-15627,15627,unknown,unknown,Oak Knoll
,,unknown,medium,MM 786/23-26,unknown,unknown,unknown,current_neighborhood_geography,"Mission 5 adds current geographic and product associations but does not transfer CFD aggregate dates to a tract. Permit, grading, certificate-of-occupancy, and address-level historical records remain required.",1999-05-25,42,unknown,Whispering Creek 1,unknown,not_reconstructed,1999-05-25,enriched_but_physical_lifecycle_unresolved,unknown,unknown,LH-SRC-OC-TRACTS;LH-SRC-LARMAC-STREETS-2019;LH-SRC-OC-ADDRESS-POINTS,unknown,not_reconstructed,LH-TRACT-15628,15628,unknown,unknown,Oak Knoll
Brookfield Homes,LH-PRODUCT-OAK-KNOLL-SARASOTA,unknown,medium,MM 787/43-47,unknown,unknown,unknown,current_neighborhood_geography;builder_product_candidate,"Mission 5 adds current geographic and product associations but does not transfer CFD aggregate dates to a tract. Permit, grading, certificate-of-occupancy, and address-level historical records remain required.",1999-06-30,43,unknown,Sarasota 1,unknown,not_reconstructed,1999-06-30,enriched_but_physical_lifecycle_unresolved,unknown,unknown,LH-SRC-OC-TRACTS;LH-SRC-LARMAC-STREETS-2019;LH-SRC-OC-ADDRESS-POINTS;LH-SRC-ACTIVERAIN-2010,unknown,not_reconstructed,LH-TRACT-15629,15629,unknown,unknown,Oak Knoll
,,unknown,medium,MM 785/10-16,unknown,unknown,unknown,current_neighborhood_geography,"Mission 5 adds current geographic and product associations but does not transfer CFD aggregate dates to a tract. Permit, grading, certificate-of-occupancy, and address-level historical records remain required.",1999-05-14,118,unknown,The Trails,unknown,not_reconstructed,1999-05-14,enriched_but_physical_lifecycle_unresolved,unknown,unknown,LH-SRC-OC-TRACTS;LH-SRC-LARMAC-STREETS-2019;LH-SRC-OC-ADDRESS-POINTS,unknown,not_reconstructed,LH-TRACT-15630,15630,unknown,unknown,Oak Knoll
Brookfield Homes,LH-PRODUCT-OAK-KNOLL-SARASOTA,unknown,medium,MM 795/26-30,unknown,unknown,unknown,current_neighborhood_geography;builder_product_candidate,"Mission 5 adds current geographic and product associations but does not transfer CFD aggregate dates to a tract. Permit, grading, certificate-of-occupancy, and address-level historical records remain required.",2000-09-14,51,unknown,Sarasota 2,unknown,not_reconstructed,2000-09-14,enriched_but_physical_lifecycle_unresolved,unknown,unknown,LH-SRC-OC-TRACTS;LH-SRC-LARMAC-STREETS-2019;LH-SRC-OC-ADDRESS-POINTS;LH-SRC-ACTIVERAIN-2010,unknown,not_reconstructed,LH-TRACT-15631,15631,unknown,unknown,Oak Knoll
William Lyon Homes,LH-PRODUCT-OAK-KNOLL-MAPLEWOOD,unknown,medium,MM 790/34-37,unknown,unknown,unknown,current_neighborhood_geography;builder_product_candidate,"Mission 5 adds current geographic and product associations but does not transfer CFD aggregate dates to a tract. Permit, grading, certificate-of-occupancy, and address-level historical records remain required.",1999-08-30,37,unknown,Maplewood 1,unknown,not_reconstructed,1999-08-30,enriched_but_physical_lifecycle_unresolved,unknown,unknown,LH-SRC-OC-TRACTS;LH-SRC-LARMAC-STREETS-2019;LH-SRC-OC-ADDRESS-POINTS;LH-SRC-ACTIVERAIN-2010,unknown,not_reconstructed,LH-TRACT-15632,15632,unknown,unknown,Oak Knoll
Centex Homes,LH-PRODUCT-COVENANT-HILLS-MONTANEZ,product_level_upper_bound_only,medium,MM 897/28-33,unknown,unknown,unknown,current_neighborhood_geography;builder_product_candidate,"Mission 5 adds current geographic and product associations but does not transfer CFD aggregate dates to a tract. Permit, grading, certificate-of-occupancy, and address-level historical records remain required.",2008-12-24,1,unknown,Montanez,unknown,not_reconstructed,2008-12-24,enriched_but_physical_lifecycle_unresolved,unknown,unknown,LH-SRC-OC-TRACTS;LH-SRC-LARMAC-STREETS-2019;LH-SRC-OC-ADDRESS-POINTS;LH-SRC-OC-BOND-2006Q4;LH-SRC-OC-BOND-2011Q4,unknown,not_reconstructed,LH-TRACT-15793,15793,unknown,unknown,Covenant Hills
,,unknown,recording_high_physical_lifecycle_unknown,MM 795/1-16,unknown,unknown,unknown,,"Mission 5 adds current geographic and product associations but does not transfer CFD aggregate dates to a tract. Permit, grading, certificate-of-occupancy, and address-level historical records remain required.",2000-06-14,0,unknown,,unknown,not_reconstructed,2000-06-14,physical_lifecycle_unresolved,unknown,unknown,LH-SRC-OC-TRACTS,unknown,not_reconstructed,LH-TRACT-15813,15813,unknown,unknown,
,,unknown,medium,MM 797/32-39,unknown,unknown,unknown,current_neighborhood_geography,"Mission 5 adds current geographic and product associations but does not transfer CFD aggregate dates to a tract. Permit, grading, certificate-of-occupancy, and address-level historical records remain required.",2000-05-10,155,unknown,Chambray,unknown,not_reconstructed,2000-05-10,enriched_but_physical_lifecycle_unresolved,unknown,unknown,LH-SRC-OC-TRACTS;LH-SRC-LARMAC-STREETS-2019;LH-SRC-OC-ADDRESS-POINTS,unknown,not_reconstructed,LH-TRACT-15827,15827,unknown,unknown,Bridgepark
K. Hovnanian;Standard Pacific,LH-PRODUCT-AVENDALE-FRONT-STREET;LH-PRODUCT-TOWNSHIP-THE-GABLES,unknown,medium,MM 794/33-44,unknown,unknown,unknown,current_neighborhood_geography;builder_product_candidate,"Mission 5 adds current geographic and product associations but does not transfer CFD aggregate dates to a tract. Permit, grading, certificate-of-occupancy, and address-level historical records remain required.",2000-01-14,209,unknown,Front Street;The Gables 2,unknown,not_reconstructed,2000-01-14,enriched_but_physical_lifecycle_unresolved,unknown,unknown,LH-SRC-OC-TRACTS;LH-SRC-LARMAC-STREETS-2019;LH-SRC-OC-ADDRESS-POINTS;LH-SRC-ACTIVERAIN-2010,unknown,not_reconstructed,LH-TRACT-15884,15884,unknown,unknown,Avendale;Township
Centex Homes,LH-PRODUCT-TOWNSHIP-THREE-VINES,unknown,medium,MM 804/30-33,unknown,unknown,unknown,current_neighborhood_geography;builder_product_candidate,"Mission 5 adds current geographic and product associations but does not transfer CFD aggregate dates to a tract. Permit, grading, certificate-of-occupancy, and address-level historical records remain required.",2000-07-27,90,unknown,Three Vines,unknown,not_reconstructed,2000-07-27,enriched_but_physical_lifecycle_unresolved,unknown,unknown,LH-SRC-OC-TRACTS;LH-SRC-LARMAC-STREETS-2019;LH-SRC-OC-ADDRESS-POINTS;LH-SRC-ACTIVERAIN-2010,unknown,not_reconstructed,LH-TRACT-15885,15885,unknown,unknown,Township
K. Hovnanian,LH-PRODUCT-TOWNSHIP-THE-GABLES,unknown,medium,MM 807/25-28,unknown,unknown,unknown,current_neighborhood_geography;builder_product_candidate,"Mission 5 adds current geographic and product associations but does not transfer CFD aggregate dates to a tract. Permit, grading, certificate-of-occupancy, and address-level historical records remain required.",2000-10-30,51,unknown,The Gables 2,unknown,not_reconstructed,2000-10-30,enriched_but_physical_lifecycle_unresolved,unknown,unknown,LH-SRC-OC-TRACTS;LH-SRC-LARMAC-STREETS-2019;LH-SRC-OC-ADDRESS-POINTS;LH-SRC-ACTIVERAIN-2010,unknown,not_reconstructed,LH-TRACT-15886,15886,unknown,unknown,Flintridge;Township
Greystone,LH-PRODUCT-TOWNSHIP-ALDENHOUSE,unknown,medium,MM 802/25-28,unknown,unknown,unknown,current_neighborhood_geography;builder_product_candidate,"Mission 5 adds current geographic and product associations but does not transfer CFD aggregate dates to a tract. Permit, grading, certificate-of-occupancy, and address-level historical records remain required.",2000-06-02,73,unknown,Aldenhouse,unknown,not_reconstructed,2000-06-02,enriched_but_physical_lifecycle_unresolved,unknown,unknown,LH-SRC-OC-TRACTS;LH-SRC-LARMAC-STREETS-2019;LH-SRC-OC-ADDRESS-POINTS;LH-SRC-ACTIVERAIN-2010,unknown,not_reconstructed,LH-TRACT-15887,15887,unknown,unknown,Township
K. Hovnanian,LH-PRODUCT-TOWNSHIP-THE-GABLES,unknown,medium,MM 802/14-17,unknown,unknown,unknown,current_neighborhood_geography;builder_product_candidate,"Mission 5 adds current geographic and product associations but does not transfer CFD aggregate dates to a tract. Permit, grading, certificate-of-occupancy, and address-level historical records remain required.",2000-06-02,39,unknown,The Gables 1,unknown,not_reconstructed,2000-06-02,enriched_but_physical_lifecycle_unresolved,unknown,unknown,LH-SRC-OC-TRACTS;LH-SRC-LARMAC-STREETS-2019;LH-SRC-OC-ADDRESS-POINTS;LH-SRC-ACTIVERAIN-2010,unknown,not_reconstructed,LH-TRACT-15888,15888,unknown,unknown,Flintridge;Township
William Lyon Homes,LH-PRODUCT-FLINTRIDGE-RESTON,unknown,medium,MM 803/48-50,unknown,unknown,unknown,current_neighborhood_geography;builder_product_candidate,"Mission 5 adds current geographic and product associations but does not transfer CFD aggregate dates to a tract. Permit, grading, certificate-of-occupancy, and address-level historical records remain required.",2000-07-06,22,unknown,Reston 1,unknown,not_reconstructed,2000-07-06,enriched_but_physical_lifecycle_unresolved,unknown,unknown,LH-SRC-OC-TRACTS;LH-SRC-LARMAC-STREETS-2019;LH-SRC-OC-ADDRESS-POINTS;LH-SRC-ACTIVERAIN-2010,unknown,not_reconstructed,LH-TRACT-15901,15901,unknown,unknown,Flintridge
William Lyon Homes,LH-PRODUCT-FLINTRIDGE-RESTON,unknown,medium,MM 803/28-30,unknown,unknown,unknown,current_neighborhood_geography;builder_product_candidate,"Mission 5 adds current geographic and product associations but does not transfer CFD aggregate dates to a tract. Permit, grading, certificate-of-occupancy, and address-level historical records remain required.",2000-06-16,33,unknown,Reston 2,unknown,not_reconstructed,2000-06-16,enriched_but_physical_lifecycle_unresolved,unknown,unknown,LH-SRC-OC-TRACTS;LH-SRC-LARMAC-STREETS-2019;LH-SRC-OC-ADDRESS-POINTS;LH-SRC-ACTIVERAIN-2010,unknown,not_reconstructed,LH-TRACT-15902,15902,unknown,unknown,Flintridge
John Laing Homes,LH-PRODUCT-FLINTRIDGE-CHIMNEY-CORNERS,unknown,medium,MM 803/22-27,unknown,unknown,unknown,current_neighborhood_geography;builder_product_candidate,"Mission 5 adds current geographic and product associations but does not transfer CFD aggregate dates to a tract. Permit, grading, certificate-of-occupancy, and address-level historical records remain required.",2000-06-16,36,unknown,Chimney Corners 2,unknown,not_reconstructed,2000-06-16,enriched_but_physical_lifecycle_unresolved,unknown,unknown,LH-SRC-OC-TRACTS;LH-SRC-LARMAC-STREETS-2019;LH-SRC-OC-ADDRESS-POINTS;LH-SRC-ACTIVERAIN-2010,unknown,not_reconstructed,LH-TRACT-15903,15903,unknown,unknown,Flintridge
Warmington Homes,LH-PRODUCT-FLINTRIDGE-BELMONT-HILL,unknown,medium,MM 800/48-50,unknown,unknown,unknown,current_neighborhood_geography;builder_product_candidate,"Mission 5 adds current geographic and product associations but does not transfer CFD aggregate dates to a tract. Permit, grading, certificate-of-occupancy, and address-level historical records remain required.",2000-06-02,29,unknown,Belmont Hill 1,unknown,not_reconstructed,2000-06-02,enriched_but_physical_lifecycle_unresolved,unknown,unknown,LH-SRC-OC-TRACTS;LH-SRC-LARMAC-STREETS-2019;LH-SRC-OC-ADDRESS-POINTS;LH-SRC-ACTIVERAIN-2010,unknown,not_reconstructed,LH-TRACT-15904,15904,unknown,unknown,Flintridge
Warmington Homes,LH-PRODUCT-FLINTRIDGE-BELMONT-HILL,unknown,medium,MM 805/6-8,unknown,unknown,unknown,current_neighborhood_geography;builder_product_candidate,"Mission 5 adds current geographic and product associations but does not transfer CFD aggregate dates to a tract. Permit, grading, certificate-of-occupancy, and address-level historical records remain required.",2000-08-16,43,unknown,Belmont Hill 2,unknown,not_reconstructed,2000-08-16,enriched_but_physical_lifecycle_unresolved,unknown,unknown,LH-SRC-OC-TRACTS;LH-SRC-LARMAC-STREETS-2019;LH-SRC-OC-ADDRESS-POINTS;LH-SRC-ACTIVERAIN-2010,unknown,not_reconstructed,LH-TRACT-15905,15905,unknown,unknown,Flintridge
John Laing Homes,LH-PRODUCT-FLINTRIDGE-CHIMNEY-CORNERS,unknown,medium,MM 803/16-21,unknown,unknown,unknown,current_neighborhood_geography;builder_product_candidate,"Mission 5 adds current geographic and product associations but does not transfer CFD aggregate dates to a tract. Permit, grading, certificate-of-occupancy, and address-level historical records remain required.",2000-06-16,56,unknown,Chimney Corners 1,unknown,not_reconstructed,2000-06-16,enriched_but_physical_lifecycle_unresolved,unknown,unknown,LH-SRC-OC-TRACTS;LH-SRC-LARMAC-STREETS-2019;LH-SRC-OC-ADDRESS-POINTS;LH-SRC-ACTIVERAIN-2010,unknown,not_reconstructed,LH-TRACT-15906,15906,unknown,unknown,Flintridge
William Lyon Homes,LH-PRODUCT-FLINTRIDGE-RESTON,unknown,medium,MM 805/26-28,unknown,unknown,unknown,current_neighborhood_geography;builder_product_candidate,"Mission 5 adds current geographic and product associations but does not transfer CFD aggregate dates to a tract. Permit, grading, certificate-of-occupancy, and address-level historical records remain required.",2000-08-25,28,unknown,Reston 3,unknown,not_reconstructed,2000-08-25,enriched_but_physical_lifecycle_unresolved,unknown,unknown,LH-SRC-OC-TRACTS;LH-SRC-LARMAC-STREETS-2019;LH-SRC-OC-ADDRESS-POINTS;LH-SRC-ACTIVERAIN-2010,unknown,not_reconstructed,LH-TRACT-15907,15907,unknown,unknown,Flintridge
Centex Homes,LH-PRODUCT-FLINTRIDGE-CLIFTON-HEIGHTS,unknown,medium,MM 820/10-15,unknown,unknown,unknown,current_neighborhood_geography;builder_product_candidate,"Mission 5 adds current geographic and product associations but does not transfer CFD aggregate dates to a tract. Permit, grading, certificate-of-occupancy, and address-level historical records remain required.",2001-06-29,33,unknown,Clifton Heights 2,unknown,not_reconstructed,2001-06-29,enriched_but_physical_lifecycle_unresolved,unknown,unknown,LH-SRC-OC-TRACTS;LH-SRC-LARMAC-STREETS-2019;LH-SRC-OC-ADDRESS-POINTS;LH-SRC-ACTIVERAIN-2010,unknown,not_reconstructed,LH-TRACT-15908,15908,unknown,unknown,Flintridge
Centex Homes,LH-PRODUCT-FLINTRIDGE-CLIFTON-HEIGHTS,unknown,medium,MM 820/29-34,unknown,unknown,unknown,current_neighborhood_geography;builder_product_candidate,"Mission 5 adds current geographic and product associations but does not transfer CFD aggregate dates to a tract. Permit, grading, certificate-of-occupancy, and address-level historical records remain required.",2001-06-29,21,unknown,Clifton Heights 1,unknown,not_reconstructed,2001-06-29,enriched_but_physical_lifecycle_unresolved,unknown,unknown,LH-SRC-OC-TRACTS;LH-SRC-LARMAC-STREETS-2019;LH-SRC-OC-ADDRESS-POINTS;LH-SRC-ACTIVERAIN-2010,unknown,not_reconstructed,LH-TRACT-15909,15909,unknown,unknown,Flintridge
William Lyon Homes,LH-PRODUCT-FLINTRIDGE-HAMPTON-ROAD,unknown,medium,MM 806/33-37,unknown,unknown,unknown,current_neighborhood_geography;builder_product_candidate,"Mission 5 adds current geographic and product associations but does not transfer CFD aggregate dates to a tract. Permit, grading, certificate-of-occupancy, and address-level historical records remain required.",2000-10-13,36,unknown,Hampton Road 1,unknown,not_reconstructed,2000-10-13,enriched_but_physical_lifecycle_unresolved,unknown,unknown,LH-SRC-OC-TRACTS;LH-SRC-LARMAC-STREETS-2019;LH-SRC-OC-ADDRESS-POINTS;LH-SRC-ACTIVERAIN-2010,unknown,not_reconstructed,LH-TRACT-15910,15910,unknown,unknown,Flintridge
,,unknown,medium,MM 806/27-30,unknown,unknown,unknown,current_neighborhood_geography,"Mission 5 adds current geographic and product associations but does not transfer CFD aggregate dates to a tract. Permit, grading, certificate-of-occupancy, and address-level historical records remain required.",2000-10-11,37,unknown,Reston 4,unknown,not_reconstructed,2000-10-11,enriched_but_physical_lifecycle_unresolved,unknown,unknown,LH-SRC-OC-TRACTS;LH-SRC-LARMAC-STREETS-2019;LH-SRC-OC-ADDRESS-POINTS,unknown,not_reconstructed,LH-TRACT-15911,15911,unknown,unknown,Flintridge
William Lyon Homes,LH-PRODUCT-FLINTRIDGE-HAMPTON-ROAD,unknown,medium,MM 804/1-4,unknown,unknown,unknown,current_neighborhood_geography;builder_product_candidate,"Mission 5 adds current geographic and product associations but does not transfer CFD aggregate dates to a tract. Permit, grading, certificate-of-occupancy, and address-level historical records remain required.",2000-06-22,31,unknown,Hampton Road 2,unknown,not_reconstructed,2000-06-22,enriched_but_physical_lifecycle_unresolved,unknown,unknown,LH-SRC-OC-TRACTS;LH-SRC-LARMAC-STREETS-2019;LH-SRC-OC-ADDRESS-POINTS;LH-SRC-ACTIVERAIN-2010,unknown,not_reconstructed,LH-TRACT-15912,15912,unknown,unknown,Flintridge
,,unknown,medium,MM 817/45-47,unknown,unknown,unknown,current_neighborhood_geography,"Mission 5 adds current geographic and product associations but does not transfer CFD aggregate dates to a tract. Permit, grading, certificate-of-occupancy, and address-level historical records remain required.",2001-05-30,18,unknown,Westcott 2,unknown,not_reconstructed,2001-05-30,enriched_but_physical_lifecycle_unresolved,unknown,unknown,LH-SRC-OC-TRACTS;LH-SRC-LARMAC-STREETS-2019;LH-SRC-OC-ADDRESS-POINTS,unknown,not_reconstructed,LH-TRACT-15914,15914,unknown,unknown,Bridgepark
,,unknown,medium,MM 805/29-34,unknown,unknown,unknown,current_neighborhood_geography,"Mission 5 adds current geographic and product associations but does not transfer CFD aggregate dates to a tract. Permit, grading, certificate-of-occupancy, and address-level historical records remain required.",2000-08-25,61,unknown,Westcott 1,unknown,not_reconstructed,2000-08-25,enriched_but_physical_lifecycle_unresolved,unknown,unknown,LH-SRC-OC-TRACTS;LH-SRC-LARMAC-STREETS-2019;LH-SRC-OC-ADDRESS-POINTS,unknown,not_reconstructed,LH-TRACT-15915,15915,unknown,unknown,Bridgepark
Laing,LH-PRODUCT-COVENANT-HILLS-SAN-DONATO,product_level_upper_bound_only,medium,MM 842/8-20,unknown,unknown,unknown,current_neighborhood_geography;builder_product_candidate,"Mission 5 adds current geographic and product associations but does not transfer CFD aggregate dates to a tract. Permit, grading, certificate-of-occupancy, and address-level historical records remain required.",2003-04-04,81,unknown,CH Custom;San Donato,unknown,not_reconstructed,2003-04-04,enriched_but_physical_lifecycle_unresolved,unknown,unknown,LH-SRC-OC-TRACTS;LH-SRC-LARMAC-STREETS-2019;LH-SRC-OC-ADDRESS-POINTS;LH-SRC-OC-BOND-2006Q4;LH-SRC-OC-BOND-2011Q4,unknown,not_reconstructed,LH-TRACT-15985,15985,unknown,unknown,Avendale;Covenant Hills
,,unknown,recording_high_physical_lifecycle_unknown,MM 849/1-15,unknown,unknown,unknown,,"Mission 5 adds current geographic and product associations but does not transfer CFD aggregate dates to a tract. Permit, grading, certificate-of-occupancy, and address-level historical records remain required.",2003-08-28,0,unknown,,unknown,not_reconstructed,2003-08-28,physical_lifecycle_unresolved,unknown,unknown,LH-SRC-OC-TRACTS,unknown,not_reconstructed,LH-TRACT-15986,15986,unknown,unknown,
Warmington,LH-PRODUCT-COVENANT-HILLS-MERIDEN,product_level_upper_bound_only,medium,MM 839/1-18,unknown,unknown,unknown,current_neighborhood_geography;builder_product_candidate,"Mission 5 adds current geographic and product associations but does not transfer CFD aggregate dates to a tract. Permit, grading, certificate-of-occupancy, and address-level historical records remain required.",2002-12-17,3,unknown,Covenant Hills;Meriden 2,unknown,not_reconstructed,2002-12-17,enriched_but_physical_lifecycle_unresolved,unknown,unknown,LH-SRC-OC-TRACTS;LH-SRC-LARMAC-STREETS-2019;LH-SRC-OC-ADDRESS-POINTS;LH-SRC-OC-BOND-2006Q4;LH-SRC-OC-BOND-2011Q4,unknown,not_reconstructed,LH-TRACT-15987,15987,unknown,unknown,Covenant Hills
,,unknown,medium,MM 854/6-16,unknown,unknown,unknown,current_neighborhood_geography,"Mission 5 adds current geographic and product associations but does not transfer CFD aggregate dates to a tract. Permit, grading, certificate-of-occupancy, and address-level historical records remain required.",2004-01-30,58,unknown,CH Custom,unknown,not_reconstructed,2004-01-30,enriched_but_physical_lifecycle_unresolved,unknown,unknown,LH-SRC-OC-TRACTS;LH-SRC-LARMAC-STREETS-2019;LH-SRC-OC-ADDRESS-POINTS,unknown,not_reconstructed,LH-TRACT-15988,15988,unknown,unknown,Covenant Hills
K. Hovnanian,LH-PRODUCT-COVENANT-HILLS-CAPISTRANO,product_level_upper_bound_only,medium,MM 863/8-14,unknown,unknown,unknown,current_neighborhood_geography;builder_product_candidate,"Mission 5 adds current geographic and product associations but does not transfer CFD aggregate dates to a tract. Permit, grading, certificate-of-occupancy, and address-level historical records remain required.",2004-11-15,35,unknown,Capistrano,unknown,not_reconstructed,2004-11-15,enriched_but_physical_lifecycle_unresolved,unknown,unknown,LH-SRC-OC-TRACTS;LH-SRC-LARMAC-STREETS-2019;LH-SRC-OC-ADDRESS-POINTS;LH-SRC-OC-BOND-2006Q4;LH-SRC-OC-BOND-2011Q4,unknown,not_reconstructed,LH-TRACT-15989,15989,unknown,unknown,Covenant Hills
,,unknown,medium,MM 862/34-41,unknown,unknown,unknown,current_neighborhood_geography,"Mission 5 adds current geographic and product associations but does not transfer CFD aggregate dates to a tract. Permit, grading, certificate-of-occupancy, and address-level historical records remain required.",2004-10-28,42,unknown,Amarante 2 / Bellataire 2,unknown,not_reconstructed,2004-10-28,enriched_but_physical_lifecycle_unresolved,unknown,unknown,LH-SRC-OC-TRACTS;LH-SRC-LARMAC-STREETS-2019;LH-SRC-OC-ADDRESS-POINTS,unknown,not_reconstructed,LH-TRACT-15990,15990,unknown,unknown,Covenant Hills
John Laing Homes;Warmington,LH-PRODUCT-AVENDALE-CHARLESTON-PLACE;LH-PRODUCT-AVENDALE-ST-MAYS-ROAD,unknown,medium,MM 812/22-29,unknown,unknown,unknown,current_neighborhood_geography;builder_product_candidate,"Mission 5 adds current geographic and product associations but does not transfer CFD aggregate dates to a tract. Permit, grading, certificate-of-occupancy, and address-level historical records remain required.",2001-01-26,112,unknown,Branches;Charleston Place;Christopher Homes;St. Mays Road,unknown,not_reconstructed,2001-01-26,enriched_but_physical_lifecycle_unresolved,unknown,unknown,LH-SRC-OC-TRACTS;LH-SRC-LARMAC-STREETS-2019;LH-SRC-OC-ADDRESS-POINTS;LH-SRC-ACTIVERAIN-2010,unknown,not_reconstructed,LH-TRACT-16025,16025,unknown,unknown,Avendale
,,unknown,recording_high_physical_lifecycle_unknown,MM 818/32-40,unknown,unknown,unknown,,"Mission 5 adds current geographic and product associations but does not transfer CFD aggregate dates to a tract. Permit, grading, certificate-of-occupancy, and address-level historical records remain required.",2001-05-25,0,unknown,,unknown,not_reconstructed,2001-05-25,physical_lifecycle_unresolved,unknown,unknown,LH-SRC-OC-TRACTS,unknown,not_reconstructed,LH-TRACT-16063,16063,unknown,unknown,
William Lyon Homes,LH-PRODUCT-AVENDALE-STERLING-GLEN,unknown,medium,MM 820/21-25,unknown,unknown,unknown,current_neighborhood_geography;builder_product_candidate,"Mission 5 adds current geographic and product associations but does not transfer CFD aggregate dates to a tract. Permit, grading, certificate-of-occupancy, and address-level historical records remain required.",2001-06-29,21,unknown,Sterling Glen 1,unknown,not_reconstructed,2001-06-29,enriched_but_physical_lifecycle_unresolved,unknown,unknown,LH-SRC-OC-TRACTS;LH-SRC-LARMAC-STREETS-2019;LH-SRC-OC-ADDRESS-POINTS;LH-SRC-ACTIVERAIN-2010,unknown,not_reconstructed,LH-TRACT-16101,16101,unknown,unknown,Avendale
Standard Pacific Homes,LH-PRODUCT-AVENDALE-WILLOW-BEND,unknown,medium,MM 819/1-5,unknown,unknown,unknown,current_neighborhood_geography;builder_product_candidate,"Mission 5 adds current geographic and product associations but does not transfer CFD aggregate dates to a tract. Permit, grading, certificate-of-occupancy, and address-level historical records remain required.",2001-06-12,41,unknown,Willow Bend 1,unknown,not_reconstructed,2001-06-12,enriched_but_physical_lifecycle_unresolved,unknown,unknown,LH-SRC-OC-TRACTS;LH-SRC-LARMAC-STREETS-2019;LH-SRC-OC-ADDRESS-POINTS;LH-SRC-ACTIVERAIN-2010,unknown,not_reconstructed,LH-TRACT-16102,16102,unknown,unknown,Avendale
Standard Pacific Homes,LH-PRODUCT-AVENDALE-CANOPY-LANE,unknown,medium,MM 817/1-5,unknown,unknown,unknown,current_neighborhood_geography;builder_product_candidate,"Mission 5 adds current geographic and product associations but does not transfer CFD aggregate dates to a tract. Permit, grading, certificate-of-occupancy, and address-level historical records remain required.",2001-06-12,36,unknown,Canopy Lane 1,unknown,not_reconstructed,2001-06-12,enriched_but_physical_lifecycle_unresolved,unknown,unknown,LH-SRC-OC-TRACTS;LH-SRC-LARMAC-STREETS-2019;LH-SRC-OC-ADDRESS-POINTS;LH-SRC-ACTIVERAIN-2010,unknown,not_reconstructed,LH-TRACT-16103,16103,unknown,unknown,Avendale
Centex Homes,LH-PRODUCT-AVENDALE-TETHER-MOON,unknown,medium,MM 821/35-40,unknown,unknown,unknown,current_neighborhood_geography;builder_product_candidate,"Mission 5 adds current geographic and product associations but does not transfer CFD aggregate dates to a tract. Permit, grading, certificate-of-occupancy, and address-level historical records remain required.",2001-07-31,72,unknown,Tether Moon 1,unknown,not_reconstructed,2001-07-31,enriched_but_physical_lifecycle_unresolved,unknown,unknown,LH-SRC-OC-TRACTS;LH-SRC-LARMAC-STREETS-2019;LH-SRC-OC-ADDRESS-POINTS;LH-SRC-ACTIVERAIN-2010,unknown,not_reconstructed,LH-TRACT-16104,16104,unknown,unknown,Avendale
Barratt American,LH-PRODUCT-AVENDALE-SAVANNAH,unknown,medium,MM 823/18-26,unknown,unknown,unknown,current_neighborhood_geography;builder_product_candidate,"Mission 5 adds current geographic and product associations but does not transfer CFD aggregate dates to a tract. Permit, grading, certificate-of-occupancy, and address-level historical records remain required.",2001-04-01,83,unknown,Savannah,unknown,not_reconstructed,2001-04-01,enriched_but_physical_lifecycle_unresolved,unknown,unknown,LH-SRC-OC-TRACTS;LH-SRC-LARMAC-STREETS-2019;LH-SRC-OC-ADDRESS-POINTS;LH-SRC-ACTIVERAIN-2010,unknown,not_reconstructed,LH-TRACT-16105,16105,unknown,unknown,Avendale
Centex Homes,LH-PRODUCT-AVENDALE-TETHER-MOON,unknown,medium,MM 821/41-44,unknown,unknown,unknown,current_neighborhood_geography;builder_product_candidate,"Mission 5 adds current geographic and product associations but does not transfer CFD aggregate dates to a tract. Permit, grading, certificate-of-occupancy, and address-level historical records remain required.",2001-07-31,35,unknown,Tether Moon 2,unknown,not_reconstructed,2001-07-31,enriched_but_physical_lifecycle_unresolved,unknown,unknown,LH-SRC-OC-TRACTS;LH-SRC-LARMAC-STREETS-2019;LH-SRC-OC-ADDRESS-POINTS;LH-SRC-ACTIVERAIN-2010,unknown,not_reconstructed,LH-TRACT-16114,16114,unknown,unknown,Avendale
Standard Pacific Homes,LH-PRODUCT-AVENDALE-CANOPY-LANE,unknown,medium,MM 825/40-45,unknown,unknown,unknown,current_neighborhood_geography;builder_product_candidate,"Mission 5 adds current geographic and product associations but does not transfer CFD aggregate dates to a tract. Permit, grading, certificate-of-occupancy, and address-level historical records remain required.",2002-02-14,53,unknown,Canopy Lane 3,unknown,not_reconstructed,2002-02-14,enriched_but_physical_lifecycle_unresolved,unknown,unknown,LH-SRC-OC-TRACTS;LH-SRC-LARMAC-STREETS-2019;LH-SRC-OC-ADDRESS-POINTS;LH-SRC-ACTIVERAIN-2010,unknown,not_reconstructed,LH-TRACT-16115,16115,unknown,unknown,Avendale
William Lyon Homes,LH-PRODUCT-AVENDALE-WEATHERHAVEN,unknown,medium,MM 830/35-40,unknown,unknown,unknown,current_neighborhood_geography;builder_product_candidate,"Mission 5 adds current geographic and product associations but does not transfer CFD aggregate dates to a tract. Permit, grading, certificate-of-occupancy, and address-level historical records remain required.",2002-05-16,72,unknown,Weatherhaven,unknown,not_reconstructed,2002-05-16,enriched_but_physical_lifecycle_unresolved,unknown,unknown,LH-SRC-OC-TRACTS;LH-SRC-LARMAC-STREETS-2019;LH-SRC-OC-ADDRESS-POINTS;LH-SRC-ACTIVERAIN-2010,unknown,not_reconstructed,LH-TRACT-16116,16116,unknown,unknown,Avendale
Standard Pacific Homes,LH-PRODUCT-AVENDALE-CANOPY-LANE,unknown,medium,MM 826/1-3,unknown,unknown,unknown,current_neighborhood_geography;builder_product_candidate,"Mission 5 adds current geographic and product associations but does not transfer CFD aggregate dates to a tract. Permit, grading, certificate-of-occupancy, and address-level historical records remain required.",2001-12-26,25,unknown,Canopy Lane 2;Canopy Lane 3,unknown,not_reconstructed,2001-12-26,enriched_but_physical_lifecycle_unresolved,unknown,unknown,LH-SRC-OC-TRACTS;LH-SRC-LARMAC-STREETS-2019;LH-SRC-OC-ADDRESS-POINTS;LH-SRC-ACTIVERAIN-2010,unknown,not_reconstructed,LH-TRACT-16117,16117,unknown,unknown,Avendale
William Lyon Homes,LH-PRODUCT-AVENDALE-STERLING-GLEN,unknown,medium,MM 823/30-33,unknown,unknown,unknown,current_neighborhood_geography;builder_product_candidate,"Mission 5 adds current geographic and product associations but does not transfer CFD aggregate dates to a tract. Permit, grading, certificate-of-occupancy, and address-level historical records remain required.",2001-10-26,48,unknown,Sterling Glen 2,unknown,not_reconstructed,2001-10-26,enriched_but_physical_lifecycle_unresolved,unknown,unknown,LH-SRC-OC-TRACTS;LH-SRC-LARMAC-STREETS-2019;LH-SRC-OC-ADDRESS-POINTS;LH-SRC-ACTIVERAIN-2010,unknown,not_reconstructed,LH-TRACT-16118,16118,unknown,unknown,Avendale
Standard Pacific Homes,LH-PRODUCT-AVENDALE-WILLOW-BEND,unknown,medium,MM 824/48-50,unknown,unknown,unknown,current_neighborhood_geography;builder_product_candidate,"Mission 5 adds current geographic and product associations but does not transfer CFD aggregate dates to a tract. Permit, grading, certificate-of-occupancy, and address-level historical records remain required.",2001-12-26,13,unknown,Willow Bend 2,unknown,not_reconstructed,2001-12-26,enriched_but_physical_lifecycle_unresolved,unknown,unknown,LH-SRC-OC-TRACTS;LH-SRC-LARMAC-STREETS-2019;LH-SRC-OC-ADDRESS-POINTS;LH-SRC-ACTIVERAIN-2010,unknown,not_reconstructed,LH-TRACT-16119,16119,unknown,unknown,Avendale
John Laing Homes,LH-PRODUCT-AVENDALE-SUMNERS-WAY,unknown,medium,MM 822/40-43,unknown,unknown,unknown,current_neighborhood_geography;builder_product_candidate,"Mission 5 adds current geographic and product associations but does not transfer CFD aggregate dates to a tract. Permit, grading, certificate-of-occupancy, and address-level historical records remain required.",2001-10-12,29,unknown,Sumners Way 1,unknown,not_reconstructed,2001-10-12,enriched_but_physical_lifecycle_unresolved,unknown,unknown,LH-SRC-OC-TRACTS;LH-SRC-LARMAC-STREETS-2019;LH-SRC-OC-ADDRESS-POINTS;LH-SRC-ACTIVERAIN-2010,unknown,not_reconstructed,LH-TRACT-16120,16120,unknown,unknown,Avendale
Standard Pacific Homes,LH-PRODUCT-AVENDALE-WILLOW-BEND,unknown,medium,MM 825/46-50,unknown,unknown,unknown,current_neighborhood_geography;builder_product_candidate,"Mission 5 adds current geographic and product associations but does not transfer CFD aggregate dates to a tract. Permit, grading, certificate-of-occupancy, and address-level historical records remain required.",2001-12-26,47,unknown,Willow Bend 3,unknown,not_reconstructed,2001-12-26,enriched_but_physical_lifecycle_unresolved,unknown,unknown,LH-SRC-OC-TRACTS;LH-SRC-LARMAC-STREETS-2019;LH-SRC-OC-ADDRESS-POINTS;LH-SRC-ACTIVERAIN-2010,unknown,not_reconstructed,LH-TRACT-16121,16121,unknown,unknown,Avendale
John Laing Homes,LH-PRODUCT-AVENDALE-SUMNERS-WAY,unknown,medium,MM 823/34-38,unknown,unknown,unknown,current_neighborhood_geography;builder_product_candidate,"Mission 5 adds current geographic and product associations but does not transfer CFD aggregate dates to a tract. Permit, grading, certificate-of-occupancy, and address-level historical records remain required.",2001-12-26,29,unknown,Sumners Way 2,unknown,not_reconstructed,2001-12-26,enriched_but_physical_lifecycle_unresolved,unknown,unknown,LH-SRC-OC-TRACTS;LH-SRC-LARMAC-STREETS-2019;LH-SRC-OC-ADDRESS-POINTS;LH-SRC-ACTIVERAIN-2010,unknown,not_reconstructed,LH-TRACT-16122,16122,unknown,unknown,Avendale
Warmington Homes,LH-PRODUCT-AVENDALE-ASTORIA,unknown,medium,MM 824/15-20,unknown,unknown,unknown,current_neighborhood_geography;builder_product_candidate,"Mission 5 adds current geographic and product associations but does not transfer CFD aggregate dates to a tract. Permit, grading, certificate-of-occupancy, and address-level historical records remain required.",2001-11-08,43,unknown,Astoria 2,unknown,not_reconstructed,2001-11-08,enriched_but_physical_lifecycle_unresolved,unknown,unknown,LH-SRC-OC-TRACTS;LH-SRC-LARMAC-STREETS-2019;LH-SRC-OC-ADDRESS-POINTS;LH-SRC-ACTIVERAIN-2010,unknown,not_reconstructed,LH-TRACT-16126,16126,unknown,unknown,Avendale
Barratt American;Warmington Homes,LH-PRODUCT-AVENDALE-ASTORIA;LH-PRODUCT-AVENDALE-SAVANNAH,unknown,medium,MM 821/29-34,unknown,unknown,unknown,current_neighborhood_geography;builder_product_candidate,"Mission 5 adds current geographic and product associations but does not transfer CFD aggregate dates to a tract. Permit, grading, certificate-of-occupancy, and address-level historical records remain required.",2001-07-30,43,unknown,Astoria 1;Savannah,unknown,not_reconstructed,2001-07-30,enriched_but_physical_lifecycle_unresolved,unknown,unknown,LH-SRC-OC-TRACTS;LH-SRC-LARMAC-STREETS-2019;LH-SRC-OC-ADDRESS-POINTS;LH-SRC-ACTIVERAIN-2010,unknown,not_reconstructed,LH-TRACT-16127,16127,unknown,unknown,Avendale
John Laing Homes,LH-PRODUCT-AVENDALE-ST-MAYS-ROAD,unknown,medium,MM 812/30-39,unknown,unknown,unknown,current_neighborhood_geography;builder_product_candidate,"Mission 5 adds current geographic and product associations but does not transfer CFD aggregate dates to a tract. Permit, grading, certificate-of-occupancy, and address-level historical records remain required.",2001-01-26,56,unknown,St. Mays Road,unknown,not_reconstructed,2001-01-26,enriched_but_physical_lifecycle_unresolved,unknown,unknown,LH-SRC-OC-TRACTS;LH-SRC-LARMAC-STREETS-2019;LH-SRC-OC-ADDRESS-POINTS;LH-SRC-ACTIVERAIN-2010,unknown,not_reconstructed,LH-TRACT-16155,16155,unknown,unknown,Avendale
D.R. Horton,LH-PRODUCT-AVENDALE-GREENBRIAR,unknown,medium,MM 812/40-48,unknown,unknown,unknown,current_neighborhood_geography;builder_product_candidate,"Mission 5 adds current geographic and product associations but does not transfer CFD aggregate dates to a tract. Permit, grading, certificate-of-occupancy, and address-level historical records remain required.",2001-01-26,66,unknown,Greenbriar,unknown,not_reconstructed,2001-01-26,enriched_but_physical_lifecycle_unresolved,unknown,unknown,LH-SRC-OC-TRACTS;LH-SRC-LARMAC-STREETS-2019;LH-SRC-OC-ADDRESS-POINTS;LH-SRC-ACTIVERAIN-2010,unknown,not_reconstructed,LH-TRACT-16156,16156,unknown,unknown,Avendale
D.R. Horton;John Laing Homes;Shea Homes;Standard Pacific;Warmington,LH-PRODUCT-AVENDALE-BERKSHIRE;LH-PRODUCT-AVENDALE-CHARLESTON-PLACE;LH-PRODUCT-AVENDALE-FRONT-STREET;LH-PRODUCT-AVENDALE-GREENBRIAR;LH-PRODUCT-AVENDALE-ST-MAYS-ROAD,unknown,medium,MM 813/1-9,unknown,unknown,unknown,current_neighborhood_geography;builder_product_candidate,"Mission 5 adds current geographic and product associations but does not transfer CFD aggregate dates to a tract. Permit, grading, certificate-of-occupancy, and address-level historical records remain required.",2001-01-26,295,unknown,Berkshire;Charleston Place;Front Street;Greenbriar;St. Mays Road,unknown,not_reconstructed,2001-01-26,enriched_but_physical_lifecycle_unresolved,unknown,unknown,LH-SRC-OC-TRACTS;LH-SRC-LARMAC-STREETS-2019;LH-SRC-OC-ADDRESS-POINTS;LH-SRC-ACTIVERAIN-2010,unknown,not_reconstructed,LH-TRACT-16157,16157,unknown,unknown,Avendale
William Lyon Homes,LH-PRODUCT-WYCLIFFE-DAVENPORT,unknown,medium,MM 826/8-20,unknown,unknown,unknown,current_neighborhood_geography;builder_product_candidate,"Mission 5 adds current geographic and product associations but does not transfer CFD aggregate dates to a tract. Permit, grading, certificate-of-occupancy, and address-level historical records remain required.",2002-01-24,255,unknown,Davenport;Sansovino,unknown,not_reconstructed,2002-01-24,enriched_but_physical_lifecycle_unresolved,unknown,unknown,LH-SRC-OC-TRACTS;LH-SRC-LARMAC-STREETS-2019;LH-SRC-OC-ADDRESS-POINTS;LH-SRC-ACTIVERAIN-2010,unknown,not_reconstructed,LH-TRACT-16203,16203,unknown,unknown,Bridgepark;Flintridge;Wycliffe
Shea Homes,LH-PRODUCT-ECHO-RIDGE-ATHERTON-GLEN,unknown,medium,MM 825/19-29,unknown,unknown,unknown,current_neighborhood_geography;builder_product_candidate,"Mission 5 adds current geographic and product associations but does not transfer CFD aggregate dates to a tract. Permit, grading, certificate-of-occupancy, and address-level historical records remain required.",2001-12-26,100,unknown,Atherton Glen,unknown,not_reconstructed,2001-12-26,enriched_but_physical_lifecycle_unresolved,unknown,unknown,LH-SRC-OC-TRACTS;LH-SRC-LARMAC-STREETS-2019;LH-SRC-OC-ADDRESS-POINTS;LH-SRC-ACTIVERAIN-2010,unknown,not_reconstructed,LH-TRACT-16234,16234,unknown,unknown,Echo Ridge
,,unknown,recording_high_physical_lifecycle_unknown,MM 825/30-39,unknown,unknown,unknown,,"Mission 5 adds current geographic and product associations but does not transfer CFD aggregate dates to a tract. Permit, grading, certificate-of-occupancy, and address-level historical records remain required.",2002-02-14,0,unknown,,unknown,not_reconstructed,2002-02-14,physical_lifecycle_unresolved,unknown,unknown,LH-SRC-OC-TRACTS,unknown,not_reconstructed,LH-TRACT-16235,16235,unknown,unknown,
,,unknown,medium,MM 832/24-29,unknown,unknown,unknown,current_neighborhood_geography,"Mission 5 adds current geographic and product associations but does not transfer CFD aggregate dates to a tract. Permit, grading, certificate-of-occupancy, and address-level historical records remain required.",2002-05-29,68,unknown,Tattershall 1,unknown,not_reconstructed,2002-05-29,enriched_but_physical_lifecycle_unresolved,unknown,unknown,LH-SRC-OC-TRACTS;LH-SRC-LARMAC-STREETS-2019;LH-SRC-OC-ADDRESS-POINTS,unknown,not_reconstructed,LH-TRACT-16236,16236,unknown,unknown,Flintridge;Village 4
,,unknown,medium,MM 835/17-20,unknown,unknown,unknown,current_neighborhood_geography,"Mission 5 adds current geographic and product associations but does not transfer CFD aggregate dates to a tract. Permit, grading, certificate-of-occupancy, and address-level historical records remain required.",2002-08-14,37,unknown,Lexington 1,unknown,not_reconstructed,2002-08-14,enriched_but_physical_lifecycle_unresolved,unknown,unknown,LH-SRC-OC-TRACTS;LH-SRC-LARMAC-STREETS-2019;LH-SRC-OC-ADDRESS-POINTS,unknown,not_reconstructed,LH-TRACT-16237,16237,unknown,unknown,Flintridge
,,unknown,medium,MM 835/21-25,unknown,unknown,unknown,current_neighborhood_geography,"Mission 5 adds current geographic and product associations but does not transfer CFD aggregate dates to a tract. Permit, grading, certificate-of-occupancy, and address-level historical records remain required.",2002-08-21,55,unknown,Tamarind 1,unknown,not_reconstructed,2002-08-21,enriched_but_physical_lifecycle_unresolved,unknown,unknown,LH-SRC-OC-TRACTS;LH-SRC-LARMAC-STREETS-2019;LH-SRC-OC-ADDRESS-POINTS,unknown,not_reconstructed,LH-TRACT-16238,16238,unknown,unknown,Flintridge
John Laing,LH-PRODUCT-ECHO-RIDGE-POTTERS-BEND,unknown,medium,MM 834/9-15,unknown,unknown,unknown,current_neighborhood_geography;builder_product_candidate,"Mission 5 adds current geographic and product associations but does not transfer CFD aggregate dates to a tract. Permit, grading, certificate-of-occupancy, and address-level historical records remain required.",2002-06-26,53,unknown,Potters Bend,unknown,not_reconstructed,2002-06-26,enriched_but_physical_lifecycle_unresolved,unknown,unknown,LH-SRC-OC-TRACTS;LH-SRC-LARMAC-STREETS-2019;LH-SRC-OC-ADDRESS-POINTS;LH-SRC-ACTIVERAIN-2010,unknown,not_reconstructed,LH-TRACT-16239,16239,unknown,unknown,Echo Ridge
MBK Homes,LH-PRODUCT-ECHO-RIDGE-SYLVAN-OAKS,unknown,medium,MM 834/22-25,unknown,unknown,unknown,current_neighborhood_geography;builder_product_candidate,"Mission 5 adds current geographic and product associations but does not transfer CFD aggregate dates to a tract. Permit, grading, certificate-of-occupancy, and address-level historical records remain required.",2002-06-28,69,unknown,Sylvan Oaks,unknown,not_reconstructed,2002-06-28,enriched_but_physical_lifecycle_unresolved,unknown,unknown,LH-SRC-OC-TRACTS;LH-SRC-LARMAC-STREETS-2019;LH-SRC-OC-ADDRESS-POINTS;LH-SRC-ACTIVERAIN-2010,unknown,not_reconstructed,LH-TRACT-16240,16240,unknown,unknown,Echo Ridge;Township
Shea Homes,LH-PRODUCT-ECHO-RIDGE-LEXINGTON,unknown,medium,MM 840/32-36,unknown,unknown,unknown,current_neighborhood_geography;builder_product_candidate,"Mission 5 adds current geographic and product associations but does not transfer CFD aggregate dates to a tract. Permit, grading, certificate-of-occupancy, and address-level historical records remain required.",2003-02-25,43,unknown,Lexington 2,unknown,not_reconstructed,2003-02-25,enriched_but_physical_lifecycle_unresolved,unknown,unknown,LH-SRC-OC-TRACTS;LH-SRC-LARMAC-STREETS-2019;LH-SRC-OC-ADDRESS-POINTS;LH-SRC-ACTIVERAIN-2010,unknown,not_reconstructed,LH-TRACT-16241,16241,unknown,unknown,Echo Ridge
K Hovnanian,LH-PRODUCT-ECHO-RIDGE-TRAIL-RIDGE,unknown,medium,MM 833/24-27,unknown,unknown,unknown,current_neighborhood_geography;builder_product_candidate,"Mission 5 adds current geographic and product associations but does not transfer CFD aggregate dates to a tract. Permit, grading, certificate-of-occupancy, and address-level historical records remain required.",2002-06-18,37,unknown,Trail Ridge 1,unknown,not_reconstructed,2002-06-18,enriched_but_physical_lifecycle_unresolved,unknown,unknown,LH-SRC-OC-TRACTS;LH-SRC-LARMAC-STREETS-2019;LH-SRC-OC-ADDRESS-POINTS;LH-SRC-ACTIVERAIN-2010,unknown,not_reconstructed,LH-TRACT-16242,16242,unknown,unknown,Echo Ridge
,,unknown,recording_high_physical_lifecycle_unknown,MM 835/34-39,unknown,unknown,unknown,,"Mission 5 adds current geographic and product associations but does not transfer CFD aggregate dates to a tract. Permit, grading, certificate-of-occupancy, and address-level historical records remain required.",2002-08-30,0,unknown,,unknown,not_reconstructed,2002-08-30,physical_lifecycle_unresolved,unknown,unknown,LH-SRC-OC-TRACTS,unknown,not_reconstructed,LH-TRACT-16243,16243,unknown,unknown,
Shea Homes,LH-PRODUCT-ECHO-RIDGE-LEXINGTON,unknown,medium,MM 840/47-50,unknown,unknown,unknown,current_neighborhood_geography;builder_product_candidate,"Mission 5 adds current geographic and product associations but does not transfer CFD aggregate dates to a tract. Permit, grading, certificate-of-occupancy, and address-level historical records remain required.",2003-05-02,35,unknown,Lexington 3,unknown,not_reconstructed,2003-05-02,enriched_but_physical_lifecycle_unresolved,unknown,unknown,LH-SRC-OC-TRACTS;LH-SRC-LARMAC-STREETS-2019;LH-SRC-OC-ADDRESS-POINTS;LH-SRC-ACTIVERAIN-2010,unknown,not_reconstructed,LH-TRACT-16244,16244,unknown,unknown,Echo Ridge
K Hovnanian,LH-PRODUCT-ECHO-RIDGE-TRAIL-RIDGE,unknown,medium,MM 835/7-11,unknown,unknown,unknown,current_neighborhood_geography;builder_product_candidate,"Mission 5 adds current geographic and product associations but does not transfer CFD aggregate dates to a tract. Permit, grading, certificate-of-occupancy, and address-level historical records remain required.",2002-07-26,63,unknown,Trail Ridge 2,unknown,not_reconstructed,2002-07-26,enriched_but_physical_lifecycle_unresolved,unknown,unknown,LH-SRC-OC-TRACTS;LH-SRC-LARMAC-STREETS-2019;LH-SRC-OC-ADDRESS-POINTS;LH-SRC-ACTIVERAIN-2010,unknown,not_reconstructed,LH-TRACT-16245,16245,unknown,unknown,Echo Ridge
Standard Pacific Homes,LH-PRODUCT-ECHO-RIDGE-TAMARIND,unknown,medium,MM 842/45-49,unknown,unknown,unknown,current_neighborhood_geography;builder_product_candidate,"Mission 5 adds current geographic and product associations but does not transfer CFD aggregate dates to a tract. Permit, grading, certificate-of-occupancy, and address-level historical records remain required.",2003-05-02,50,unknown,Tamarind 1;Tamarind 2,unknown,not_reconstructed,2003-05-02,enriched_but_physical_lifecycle_unresolved,unknown,unknown,LH-SRC-OC-TRACTS;LH-SRC-LARMAC-STREETS-2019;LH-SRC-OC-ADDRESS-POINTS;LH-SRC-ACTIVERAIN-2010,unknown,not_reconstructed,LH-TRACT-16246,16246,unknown,unknown,Echo Ridge
Richmond American,LH-PRODUCT-WYCLIFFE-CHESAPEAKE,unknown,medium,MM 832/16-19,unknown,unknown,unknown,current_neighborhood_geography;builder_product_candidate,"Mission 5 adds current geographic and product associations but does not transfer CFD aggregate dates to a tract. Permit, grading, certificate-of-occupancy, and address-level historical records remain required.",2002-05-24,37,unknown,Chesapeake 2,unknown,not_reconstructed,2002-05-24,enriched_but_physical_lifecycle_unresolved,unknown,unknown,LH-SRC-OC-TRACTS;LH-SRC-LARMAC-STREETS-2019;LH-SRC-OC-ADDRESS-POINTS;LH-SRC-ACTIVERAIN-2010,unknown,not_reconstructed,LH-TRACT-16247,16247,unknown,unknown,Wycliffe
Barratt Homes,LH-PRODUCT-WYCLIFFE-SURREY-FARM,unknown,medium,MM 839/27-33,unknown,unknown,unknown,current_neighborhood_geography;builder_product_candidate,"Mission 5 adds current geographic and product associations but does not transfer CFD aggregate dates to a tract. Permit, grading, certificate-of-occupancy, and address-level historical records remain required.",2003-01-17,34,unknown,Surrey Farms 2,unknown,not_reconstructed,2003-01-17,enriched_but_physical_lifecycle_unresolved,unknown,unknown,LH-SRC-OC-TRACTS;LH-SRC-LARMAC-STREETS-2019;LH-SRC-OC-ADDRESS-POINTS;LH-SRC-ACTIVERAIN-2010,unknown,not_reconstructed,LH-TRACT-16248,16248,unknown,unknown,Wycliffe
Barratt Homes,LH-PRODUCT-WYCLIFFE-SURREY-FARM,unknown,medium,MM 835/26-33,unknown,unknown,unknown,current_neighborhood_geography;builder_product_candidate,"Mission 5 adds current geographic and product associations but does not transfer CFD aggregate dates to a tract. Permit, grading, certificate-of-occupancy, and address-level historical records remain required.",2002-08-22,66,unknown,Surrey Farms 1,unknown,not_reconstructed,2002-08-22,enriched_but_physical_lifecycle_unresolved,unknown,unknown,LH-SRC-OC-TRACTS;LH-SRC-LARMAC-STREETS-2019;LH-SRC-OC-ADDRESS-POINTS;LH-SRC-ACTIVERAIN-2010,unknown,not_reconstructed,LH-TRACT-16249,16249,unknown,unknown,Wycliffe
Richmond American,LH-PRODUCT-WYCLIFFE-CHESAPEAKE,unknown,medium,MM 832/20-23,unknown,unknown,unknown,current_neighborhood_geography;builder_product_candidate,"Mission 5 adds current geographic and product associations but does not transfer CFD aggregate dates to a tract. Permit, grading, certificate-of-occupancy, and address-level historical records remain required.",2002-05-24,52,unknown,Chesapeake 1,unknown,not_reconstructed,2002-05-24,enriched_but_physical_lifecycle_unresolved,unknown,unknown,LH-SRC-OC-TRACTS;LH-SRC-LARMAC-STREETS-2019;LH-SRC-OC-ADDRESS-POINTS;LH-SRC-ACTIVERAIN-2010,unknown,not_reconstructed,LH-TRACT-16250,16250,unknown,unknown,Wycliffe
Shea Homes;Standard Pacific,LH-PRODUCT-AVENDALE-BERKSHIRE;LH-PRODUCT-AVENDALE-FRONT-STREET,unknown,medium,MM 836/40-43,unknown,unknown,unknown,current_neighborhood_geography;builder_product_candidate,"Mission 5 adds current geographic and product associations but does not transfer CFD aggregate dates to a tract. Permit, grading, certificate-of-occupancy, and address-level historical records remain required.",2002-09-27,23,unknown,Berkshire;Front Street,unknown,not_reconstructed,2002-09-27,enriched_but_physical_lifecycle_unresolved,unknown,unknown,LH-SRC-OC-TRACTS;LH-SRC-LARMAC-STREETS-2019;LH-SRC-OC-ADDRESS-POINTS;LH-SRC-ACTIVERAIN-2010,unknown,not_reconstructed,LH-TRACT-16270,16270,unknown,unknown,Avendale
Centex Homes;D.R. Horton;MBK Homes,LH-PRODUCT-TERRAMOR-BRIAR-ROSE;LH-PRODUCT-TERRAMOR-SUTTER-S-MILL;LH-PRODUCT-TERRAMOR-TARLETON,product_level_upper_bound_only,medium,MM 839/34-45,unknown,unknown,unknown,current_neighborhood_geography;builder_product_candidate,"Mission 5 adds current geographic and product associations but does not transfer CFD aggregate dates to a tract. Permit, grading, certificate-of-occupancy, and address-level historical records remain required.",2003-02-27,123,unknown,Briar Rose 2;Sutter's Mill;Tarleton 2,unknown,not_reconstructed,2003-02-27,enriched_but_physical_lifecycle_unresolved,unknown,unknown,LH-SRC-OC-TRACTS;LH-SRC-LARMAC-STREETS-2019;LH-SRC-OC-ADDRESS-POINTS;LH-SRC-OC-BOND-2006Q4,unknown,not_reconstructed,LH-TRACT-16271,16271,unknown,unknown,Avendale;Terramor
D.R. Horton;MBK Homes;Standard Pacific,LH-PRODUCT-TERRAMOR-BRANCHES;LH-PRODUCT-TERRAMOR-BRIAR-ROSE;LH-PRODUCT-TERRAMOR-TARLETON;LH-PRODUCT-TERRAMOR-VALMONT,product_level_upper_bound_only,medium,MM 840/1-20,unknown,unknown,unknown,current_neighborhood_geography;builder_product_candidate,"Mission 5 adds current geographic and product associations but does not transfer CFD aggregate dates to a tract. Permit, grading, certificate-of-occupancy, and address-level historical records remain required.",2003-02-27,524,unknown,Branches;Briar Rose 1;Sutters Mill;Tarleton 1;Valmont,unknown,not_reconstructed,2003-02-27,enriched_but_physical_lifecycle_unresolved,unknown,unknown,LH-SRC-OC-TRACTS;LH-SRC-LARMAC-STREETS-2019;LH-SRC-OC-ADDRESS-POINTS;LH-SRC-OC-BOND-2006Q4,unknown,not_reconstructed,LH-TRACT-16341,16341,unknown,unknown,Avendale;Terramor
Shea Homes,LH-PRODUCT-TERRAMOR-SEDONA,product_level_upper_bound_only,medium,MM 847/36-39,unknown,unknown,unknown,current_neighborhood_geography;builder_product_candidate,"Mission 5 adds current geographic and product associations but does not transfer CFD aggregate dates to a tract. Permit, grading, certificate-of-occupancy, and address-level historical records remain required.",2003-07-25,37,unknown,Sedona 1,unknown,not_reconstructed,2003-07-25,enriched_but_physical_lifecycle_unresolved,unknown,unknown,LH-SRC-OC-TRACTS;LH-SRC-LARMAC-STREETS-2019;LH-SRC-OC-ADDRESS-POINTS;LH-SRC-OC-BOND-2006Q4,unknown,not_reconstructed,LH-TRACT-16342,16342,unknown,unknown,Terramor
Pardee Homes,LH-PRODUCT-TERRAMOR-EVERGREEN-LADERA,product_level_upper_bound_only,medium,MM 848/15-18,unknown,unknown,unknown,current_neighborhood_geography;builder_product_candidate,"Mission 5 adds current geographic and product associations but does not transfer CFD aggregate dates to a tract. Permit, grading, certificate-of-occupancy, and address-level historical records remain required.",2003-08-18,36,unknown,Evergreen 1,unknown,not_reconstructed,2003-08-18,enriched_but_physical_lifecycle_unresolved,unknown,unknown,LH-SRC-OC-TRACTS;LH-SRC-LARMAC-STREETS-2019;LH-SRC-OC-ADDRESS-POINTS;LH-SRC-OC-BOND-2006Q4,unknown,not_reconstructed,LH-TRACT-16346,16346,unknown,unknown,Terramor
William Lyon Homes,LH-PRODUCT-TERRAMOR-WALDEN-PARK,product_level_upper_bound_only,medium,MM 849/31-39,unknown,unknown,unknown,current_neighborhood_geography;builder_product_candidate,"Mission 5 adds current geographic and product associations but does not transfer CFD aggregate dates to a tract. Permit, grading, certificate-of-occupancy, and address-level historical records remain required.",2003-09-19,65,unknown,Walden Park 1,unknown,not_reconstructed,2003-09-19,enriched_but_physical_lifecycle_unresolved,unknown,unknown,LH-SRC-OC-TRACTS;LH-SRC-LARMAC-STREETS-2019;LH-SRC-OC-ADDRESS-POINTS;LH-SRC-OC-BOND-2006Q4,unknown,not_reconstructed,LH-TRACT-16347,16347,unknown,unknown,Terramor
Richmond American,LH-PRODUCT-TERRAMOR-ARBORAGE,product_level_upper_bound_only,medium,MM 848/23-28,unknown,unknown,unknown,current_neighborhood_geography;builder_product_candidate,"Mission 5 adds current geographic and product associations but does not transfer CFD aggregate dates to a tract. Permit, grading, certificate-of-occupancy, and address-level historical records remain required.",2003-08-18,54,unknown,Arborage 1,unknown,not_reconstructed,2003-08-18,enriched_but_physical_lifecycle_unresolved,unknown,unknown,LH-SRC-OC-TRACTS;LH-SRC-LARMAC-STREETS-2019;LH-SRC-OC-ADDRESS-POINTS;LH-SRC-OC-BOND-2006Q4,unknown,not_reconstructed,LH-TRACT-16348,16348,unknown,unknown,Terramor
K. Hovnanian,LH-PRODUCT-TERRAMOR-MOSAIC,product_level_upper_bound_only,medium,MM 847/5-10,unknown,unknown,unknown,current_neighborhood_geography;builder_product_candidate,"Mission 5 adds current geographic and product associations but does not transfer CFD aggregate dates to a tract. Permit, grading, certificate-of-occupancy, and address-level historical records remain required.",2003-07-08,41,unknown,Mosaic 1,unknown,not_reconstructed,2003-07-08,enriched_but_physical_lifecycle_unresolved,unknown,unknown,LH-SRC-OC-TRACTS;LH-SRC-LARMAC-STREETS-2019;LH-SRC-OC-ADDRESS-POINTS;LH-SRC-OC-BOND-2006Q4,unknown,not_reconstructed,LH-TRACT-16349,16349,unknown,unknown,Terramor
Pulte Homes,LH-PRODUCT-TERRAMOR-CLAIBORNE,product_level_upper_bound_only,medium,MM 847/1-4,unknown,unknown,unknown,current_neighborhood_geography;builder_product_candidate,"Mission 5 adds current geographic and product associations but does not transfer CFD aggregate dates to a tract. Permit, grading, certificate-of-occupancy, and address-level historical records remain required.",2003-07-08,42,unknown,Claiborne 1,unknown,not_reconstructed,2003-07-08,enriched_but_physical_lifecycle_unresolved,unknown,unknown,LH-SRC-OC-TRACTS;LH-SRC-LARMAC-STREETS-2019;LH-SRC-OC-ADDRESS-POINTS;LH-SRC-OC-BOND-2006Q4,unknown,not_reconstructed,LH-TRACT-16350,16350,unknown,unknown,Terramor
Pardee Homes,LH-PRODUCT-TERRAMOR-EVERGREEN-LADERA,product_level_upper_bound_only,medium,MM 850/28-32,unknown,unknown,unknown,current_neighborhood_geography;builder_product_candidate,"Mission 5 adds current geographic and product associations but does not transfer CFD aggregate dates to a tract. Permit, grading, certificate-of-occupancy, and address-level historical records remain required.",2003-10-31,41,unknown,Evergreen 2,unknown,not_reconstructed,2003-10-31,enriched_but_physical_lifecycle_unresolved,unknown,unknown,LH-SRC-OC-TRACTS;LH-SRC-LARMAC-STREETS-2019;LH-SRC-OC-ADDRESS-POINTS;LH-SRC-OC-BOND-2006Q4,unknown,not_reconstructed,LH-TRACT-16351,16351,unknown,unknown,Terramor
Richmond American,LH-PRODUCT-TERRAMOR-ARBORAGE,product_level_upper_bound_only,medium,MM 850/33-37,unknown,unknown,unknown,current_neighborhood_geography;builder_product_candidate,"Mission 5 adds current geographic and product associations but does not transfer CFD aggregate dates to a tract. Permit, grading, certificate-of-occupancy, and address-level historical records remain required.",2003-10-31,40,unknown,Arborage 2,unknown,not_reconstructed,2003-10-31,enriched_but_physical_lifecycle_unresolved,unknown,unknown,LH-SRC-OC-TRACTS;LH-SRC-LARMAC-STREETS-2019;LH-SRC-OC-ADDRESS-POINTS;LH-SRC-OC-BOND-2006Q4,unknown,not_reconstructed,LH-TRACT-16352,16352,unknown,unknown,Terramor
William Lyon Homes,LH-PRODUCT-TERRAMOR-WALDEN-PARK,product_level_upper_bound_only,medium,MM 853/16-20,unknown,unknown,unknown,current_neighborhood_geography;builder_product_candidate,"Mission 5 adds current geographic and product associations but does not transfer CFD aggregate dates to a tract. Permit, grading, certificate-of-occupancy, and address-level historical records remain required.",2003-12-19,12,unknown,Walden Park 2,unknown,not_reconstructed,2003-12-19,enriched_but_physical_lifecycle_unresolved,unknown,unknown,LH-SRC-OC-TRACTS;LH-SRC-LARMAC-STREETS-2019;LH-SRC-OC-ADDRESS-POINTS;LH-SRC-OC-BOND-2006Q4,unknown,not_reconstructed,LH-TRACT-16353,16353,unknown,unknown,Terramor
Shea Homes,LH-PRODUCT-TERRAMOR-SEDONA,product_level_upper_bound_only,medium,MM 848/19-22,unknown,unknown,unknown,current_neighborhood_geography;builder_product_candidate,"Mission 5 adds current geographic and product associations but does not transfer CFD aggregate dates to a tract. Permit, grading, certificate-of-occupancy, and address-level historical records remain required.",2003-08-18,43,unknown,Sedona 2,unknown,not_reconstructed,2003-08-18,enriched_but_physical_lifecycle_unresolved,unknown,unknown,LH-SRC-OC-TRACTS;LH-SRC-LARMAC-STREETS-2019;LH-SRC-OC-ADDRESS-POINTS;LH-SRC-OC-BOND-2006Q4,unknown,not_reconstructed,LH-TRACT-16354,16354,unknown,unknown,Terramor
K. Hovnanian,LH-PRODUCT-TERRAMOR-MOSAIC,product_level_upper_bound_only,medium,MM 852/1-6,unknown,unknown,unknown,current_neighborhood_geography;builder_product_candidate,"Mission 5 adds current geographic and product associations but does not transfer CFD aggregate dates to a tract. Permit, grading, certificate-of-occupancy, and address-level historical records remain required.",2003-12-18,48,unknown,Mosaic 2,unknown,not_reconstructed,2003-12-18,enriched_but_physical_lifecycle_unresolved,unknown,unknown,LH-SRC-OC-TRACTS;LH-SRC-LARMAC-STREETS-2019;LH-SRC-OC-ADDRESS-POINTS;LH-SRC-OC-BOND-2006Q4,unknown,not_reconstructed,LH-TRACT-16355,16355,unknown,unknown,Terramor;Wycliffe
Pulte Homes,LH-PRODUCT-TERRAMOR-CLAIBORNE,product_level_upper_bound_only,medium,MM 848/44-46,unknown,unknown,unknown,current_neighborhood_geography;builder_product_candidate,"Mission 5 adds current geographic and product associations but does not transfer CFD aggregate dates to a tract. Permit, grading, certificate-of-occupancy, and address-level historical records remain required.",2003-08-28,25,unknown,Claiborne 2,unknown,not_reconstructed,2003-08-28,enriched_but_physical_lifecycle_unresolved,unknown,unknown,LH-SRC-OC-TRACTS;LH-SRC-LARMAC-STREETS-2019;LH-SRC-OC-ADDRESS-POINTS;LH-SRC-OC-BOND-2006Q4,unknown,not_reconstructed,LH-TRACT-16356,16356,unknown,unknown,Terramor
Standard Pacific,LH-PRODUCT-COVENANT-HILLS-ALISAL,product_level_upper_bound_only,medium,MM 853/39-42,unknown,unknown,unknown,current_neighborhood_geography;builder_product_candidate,"Mission 5 adds current geographic and product associations but does not transfer CFD aggregate dates to a tract. Permit, grading, certificate-of-occupancy, and address-level historical records remain required.",2004-02-13,20,unknown,Alisal,unknown,not_reconstructed,2004-02-13,enriched_but_physical_lifecycle_unresolved,unknown,unknown,LH-SRC-OC-TRACTS;LH-SRC-LARMAC-STREETS-2019;LH-SRC-OC-ADDRESS-POINTS;LH-SRC-OC-BOND-2006Q4;LH-SRC-OC-BOND-2011Q4,unknown,not_reconstructed,LH-TRACT-16384,16384,unknown,unknown,Covenant Hills
Standard Pacific,LH-PRODUCT-COVENANT-HILLS-ALISAL,product_level_upper_bound_only,medium,MM 853/34-38,unknown,unknown,unknown,current_neighborhood_geography;builder_product_candidate,"Mission 5 adds current geographic and product associations but does not transfer CFD aggregate dates to a tract. Permit, grading, certificate-of-occupancy, and address-level historical records remain required.",2004-02-13,7,unknown,Alisal,unknown,not_reconstructed,2004-02-13,enriched_but_physical_lifecycle_unresolved,unknown,unknown,LH-SRC-OC-TRACTS;LH-SRC-LARMAC-STREETS-2019;LH-SRC-OC-ADDRESS-POINTS;LH-SRC-OC-BOND-2006Q4;LH-SRC-OC-BOND-2011Q4,unknown,not_reconstructed,LH-TRACT-16385,16385,unknown,unknown,Covenant Hills
Standard Pacific,LH-PRODUCT-COVENANT-HILLS-ALISAL,product_level_upper_bound_only,medium,MM 852/45-49,unknown,unknown,unknown,current_neighborhood_geography;builder_product_candidate,"Mission 5 adds current geographic and product associations but does not transfer CFD aggregate dates to a tract. Permit, grading, certificate-of-occupancy, and address-level historical records remain required.",2004-02-13,21,unknown,Alisal,unknown,not_reconstructed,2004-02-13,enriched_but_physical_lifecycle_unresolved,unknown,unknown,LH-SRC-OC-TRACTS;LH-SRC-LARMAC-STREETS-2019;LH-SRC-OC-ADDRESS-POINTS;LH-SRC-OC-BOND-2006Q4;LH-SRC-OC-BOND-2011Q4,unknown,not_reconstructed,LH-TRACT-16386,16386,unknown,unknown,Covenant Hills
Shea Homes,LH-PRODUCT-COVENANT-HILLS-SHERBORNE,product_level_upper_bound_only,medium,MM 853/47-50,unknown,unknown,unknown,current_neighborhood_geography;builder_product_candidate,"Mission 5 adds current geographic and product associations but does not transfer CFD aggregate dates to a tract. Permit, grading, certificate-of-occupancy, and address-level historical records remain required.",2004-02-04,26,unknown,Sherborne 2,unknown,not_reconstructed,2004-02-04,enriched_but_physical_lifecycle_unresolved,unknown,unknown,LH-SRC-OC-TRACTS;LH-SRC-LARMAC-STREETS-2019;LH-SRC-OC-ADDRESS-POINTS;LH-SRC-OC-BOND-2006Q4;LH-SRC-OC-BOND-2011Q4,unknown,not_reconstructed,LH-TRACT-16387,16387,unknown,unknown,Covenant Hills
Shea Homes,LH-PRODUCT-COVENANT-HILLS-SHERBORNE,product_level_upper_bound_only,medium,MM 854/1-5,unknown,unknown,unknown,current_neighborhood_geography;builder_product_candidate,"Mission 5 adds current geographic and product associations but does not transfer CFD aggregate dates to a tract. Permit, grading, certificate-of-occupancy, and address-level historical records remain required.",2004-01-30,29,unknown,Sherborne 1,unknown,not_reconstructed,2004-01-30,enriched_but_physical_lifecycle_unresolved,unknown,unknown,LH-SRC-OC-TRACTS;LH-SRC-LARMAC-STREETS-2019;LH-SRC-OC-ADDRESS-POINTS;LH-SRC-OC-BOND-2006Q4;LH-SRC-OC-BOND-2011Q4,unknown,not_reconstructed,LH-TRACT-16388,16388,unknown,unknown,Covenant Hills
,,unknown,medium,MM 839/24-26,unknown,unknown,unknown,current_neighborhood_geography,"Mission 5 adds current geographic and product associations but does not transfer CFD aggregate dates to a tract. Permit, grading, certificate-of-occupancy, and address-level historical records remain required.",2003-02-06,15,unknown,Skye Isle 1 & 3,unknown,not_reconstructed,2003-02-06,enriched_but_physical_lifecycle_unresolved,unknown,unknown,LH-SRC-OC-TRACTS;LH-SRC-LARMAC-STREETS-2019;LH-SRC-OC-ADDRESS-POINTS,unknown,not_reconstructed,LH-TRACT-16389,16389,unknown,unknown,Covenant Hills
K. Hovnanian,LH-PRODUCT-COVENANT-HILLS-SKYE-ISLE,product_level_upper_bound_only,medium,MM 856/30-34,unknown,unknown,unknown,current_neighborhood_geography;builder_product_candidate,"Mission 5 adds current geographic and product associations but does not transfer CFD aggregate dates to a tract. Permit, grading, certificate-of-occupancy, and address-level historical records remain required.",2004-04-23,31,unknown,Skye Isle 2,unknown,not_reconstructed,2004-04-23,enriched_but_physical_lifecycle_unresolved,unknown,unknown,LH-SRC-OC-TRACTS;LH-SRC-LARMAC-STREETS-2019;LH-SRC-OC-ADDRESS-POINTS;LH-SRC-OC-BOND-2006Q4;LH-SRC-OC-BOND-2011Q4,unknown,not_reconstructed,LH-TRACT-16390,16390,unknown,unknown,Covenant Hills
Warmington Homes,LH-PRODUCT-COVENANT-HILLS-ARBOLEDO,product_level_upper_bound_only,medium,MM 861/29-35,unknown,unknown,unknown,current_neighborhood_geography;builder_product_candidate,"Mission 5 adds current geographic and product associations but does not transfer CFD aggregate dates to a tract. Permit, grading, certificate-of-occupancy, and address-level historical records remain required.",2004-10-29,47,unknown,Arboledo,unknown,not_reconstructed,2004-10-29,enriched_but_physical_lifecycle_unresolved,unknown,unknown,LH-SRC-OC-TRACTS;LH-SRC-LARMAC-STREETS-2019;LH-SRC-OC-ADDRESS-POINTS;LH-SRC-OC-BOND-2006Q4;LH-SRC-OC-BOND-2011Q4,unknown,not_reconstructed,LH-TRACT-16391,16391,unknown,unknown,Covenant Hills
Lyon Homes,LH-PRODUCT-COVENANT-HILLS-AMARANTE,product_level_upper_bound_only,medium,MM 859/22-27,unknown,unknown,unknown,current_neighborhood_geography;builder_product_candidate,"Mission 5 adds current geographic and product associations but does not transfer CFD aggregate dates to a tract. Permit, grading, certificate-of-occupancy, and address-level historical records remain required.",2004-07-06,40,unknown,Amarante 2,unknown,not_reconstructed,2004-07-06,enriched_but_physical_lifecycle_unresolved,unknown,unknown,LH-SRC-OC-TRACTS;LH-SRC-LARMAC-STREETS-2019;LH-SRC-OC-ADDRESS-POINTS;LH-SRC-OC-BOND-2006Q4;LH-SRC-OC-BOND-2011Q4,unknown,not_reconstructed,LH-TRACT-16392,16392,unknown,unknown,Covenant Hills
Lyon Homes,LH-PRODUCT-COVENANT-HILLS-AMARANTE,product_level_upper_bound_only,medium,MM 859/17-21,unknown,unknown,unknown,current_neighborhood_geography;builder_product_candidate,"Mission 5 adds current geographic and product associations but does not transfer CFD aggregate dates to a tract. Permit, grading, certificate-of-occupancy, and address-level historical records remain required.",2004-07-19,13,unknown,Amarante 1,unknown,not_reconstructed,2004-07-19,enriched_but_physical_lifecycle_unresolved,unknown,unknown,LH-SRC-OC-TRACTS;LH-SRC-LARMAC-STREETS-2019;LH-SRC-OC-ADDRESS-POINTS;LH-SRC-OC-BOND-2006Q4;LH-SRC-OC-BOND-2011Q4,unknown,not_reconstructed,LH-TRACT-16393,16393,unknown,unknown,Covenant Hills
Lyon Homes,LH-PRODUCT-COVENANT-HILLS-BELLATAIRE,product_level_upper_bound_only,medium,MM 859/33-37,unknown,unknown,unknown,current_neighborhood_geography;builder_product_candidate,"Mission 5 adds current geographic and product associations but does not transfer CFD aggregate dates to a tract. Permit, grading, certificate-of-occupancy, and address-level historical records remain required.",2004-07-06,29,unknown,Bellataire 1,unknown,not_reconstructed,2004-07-06,enriched_but_physical_lifecycle_unresolved,unknown,unknown,LH-SRC-OC-TRACTS;LH-SRC-LARMAC-STREETS-2019;LH-SRC-OC-ADDRESS-POINTS;LH-SRC-OC-BOND-2006Q4;LH-SRC-OC-BOND-2011Q4,unknown,not_reconstructed,LH-TRACT-16394,16394,unknown,unknown,Covenant Hills
Pardee,LH-PRODUCT-COVENANT-HILLS-ENCANTADA,product_level_upper_bound_only,medium,MM 861/36-41,unknown,unknown,unknown,current_neighborhood_geography;builder_product_candidate,"Mission 5 adds current geographic and product associations but does not transfer CFD aggregate dates to a tract. Permit, grading, certificate-of-occupancy, and address-level historical records remain required.",2004-10-28,37,unknown,Encantada,unknown,not_reconstructed,2004-10-28,enriched_but_physical_lifecycle_unresolved,unknown,unknown,LH-SRC-OC-TRACTS;LH-SRC-LARMAC-STREETS-2019;LH-SRC-OC-ADDRESS-POINTS;LH-SRC-OC-BOND-2006Q4;LH-SRC-OC-BOND-2011Q4,unknown,not_reconstructed,LH-TRACT-16395,16395,unknown,unknown,Covenant Hills
Lyon Homes,LH-PRODUCT-COVENANT-HILLS-BELLATAIRE,product_level_upper_bound_only,medium,MM 859/28-32,unknown,unknown,unknown,current_neighborhood_geography;builder_product_candidate,"Mission 5 adds current geographic and product associations but does not transfer CFD aggregate dates to a tract. Permit, grading, certificate-of-occupancy, and address-level historical records remain required.",2004-07-06,24,unknown,Bellataire 2,unknown,not_reconstructed,2004-07-06,enriched_but_physical_lifecycle_unresolved,unknown,unknown,LH-SRC-OC-TRACTS;LH-SRC-LARMAC-STREETS-2019;LH-SRC-OC-ADDRESS-POINTS;LH-SRC-OC-BOND-2006Q4;LH-SRC-OC-BOND-2011Q4,unknown,not_reconstructed,LH-TRACT-16400,16400,unknown,unknown,Covenant Hills
,,unknown,medium,MM 838/47-50,unknown,unknown,unknown,current_neighborhood_geography,"Mission 5 adds current geographic and product associations but does not transfer CFD aggregate dates to a tract. Permit, grading, certificate-of-occupancy, and address-level historical records remain required.",2003-02-06,15,unknown,Skye Isle 1 & 3,unknown,not_reconstructed,2003-02-06,enriched_but_physical_lifecycle_unresolved,unknown,unknown,LH-SRC-OC-TRACTS;LH-SRC-LARMAC-STREETS-2019;LH-SRC-OC-ADDRESS-POINTS,unknown,not_reconstructed,LH-TRACT-16414,16414,unknown,unknown,Covenant Hills
,,unknown,recording_high_physical_lifecycle_unknown,MM 861/42-49,unknown,unknown,unknown,,"Mission 5 adds current geographic and product associations but does not transfer CFD aggregate dates to a tract. Permit, grading, certificate-of-occupancy, and address-level historical records remain required.",2004-10-28,0,unknown,,unknown,not_reconstructed,2004-10-28,physical_lifecycle_unresolved,unknown,unknown,LH-SRC-OC-TRACTS,unknown,not_reconstructed,LH-TRACT-16471,16471,unknown,unknown,
Pardee,LH-PRODUCT-COVENANT-HILLS-SEGOVIA,product_level_upper_bound_only,medium,MM 862/1-10,unknown,unknown,unknown,current_neighborhood_geography;builder_product_candidate,"Mission 5 adds current geographic and product associations but does not transfer CFD aggregate dates to a tract. Permit, grading, certificate-of-occupancy, and address-level historical records remain required.",2004-10-26,68,unknown,Segovia,unknown,not_reconstructed,2004-10-26,enriched_but_physical_lifecycle_unresolved,unknown,unknown,LH-SRC-OC-TRACTS;LH-SRC-LARMAC-STREETS-2019;LH-SRC-OC-ADDRESS-POINTS;LH-SRC-OC-BOND-2006Q4;LH-SRC-OC-BOND-2011Q4,unknown,not_reconstructed,LH-TRACT-16472,16472,unknown,unknown,Covenant Hills
Centex Homes,LH-PRODUCT-COVENANT-HILLS-MONTANEZ,product_level_upper_bound_only,medium,MM 862/11-20,unknown,unknown,unknown,current_neighborhood_geography;builder_product_candidate,"Mission 5 adds current geographic and product associations but does not transfer CFD aggregate dates to a tract. Permit, grading, certificate-of-occupancy, and address-level historical records remain required.",2004-10-26,60,unknown,Montanez,unknown,not_reconstructed,2004-10-26,enriched_but_physical_lifecycle_unresolved,unknown,unknown,LH-SRC-OC-TRACTS;LH-SRC-LARMAC-STREETS-2019;LH-SRC-OC-ADDRESS-POINTS;LH-SRC-OC-BOND-2006Q4;LH-SRC-OC-BOND-2011Q4,unknown,not_reconstructed,LH-TRACT-16473,16473,unknown,unknown,Covenant Hills
Warmington,LH-PRODUCT-COVENANT-HILLS-MERIDEN,product_level_upper_bound_only,medium,MM 856/37-41,unknown,unknown,unknown,current_neighborhood_geography;builder_product_candidate,"Mission 5 adds current geographic and product associations but does not transfer CFD aggregate dates to a tract. Permit, grading, certificate-of-occupancy, and address-level historical records remain required.",2004-04-30,36,unknown,Meriden 1,unknown,not_reconstructed,2004-04-30,enriched_but_physical_lifecycle_unresolved,unknown,unknown,LH-SRC-OC-TRACTS;LH-SRC-LARMAC-STREETS-2019;LH-SRC-OC-ADDRESS-POINTS;LH-SRC-OC-BOND-2006Q4;LH-SRC-OC-BOND-2011Q4,unknown,not_reconstructed,LH-TRACT-16504,16504,unknown,unknown,Covenant Hills
Warmington,LH-PRODUCT-COVENANT-HILLS-MERIDEN,product_level_upper_bound_only,medium,MM 856/42-46,unknown,unknown,unknown,current_neighborhood_geography;builder_product_candidate,"Mission 5 adds current geographic and product associations but does not transfer CFD aggregate dates to a tract. Permit, grading, certificate-of-occupancy, and address-level historical records remain required.",2004-04-30,32,unknown,Meriden 2,unknown,not_reconstructed,2004-04-30,enriched_but_physical_lifecycle_unresolved,unknown,unknown,LH-SRC-OC-TRACTS;LH-SRC-LARMAC-STREETS-2019;LH-SRC-OC-ADDRESS-POINTS;LH-SRC-OC-BOND-2006Q4;LH-SRC-OC-BOND-2011Q4,unknown,not_reconstructed,LH-TRACT-16505,16505,unknown,unknown,Covenant Hills
,,unknown,medium,MM 850/21-25,unknown,unknown,unknown,current_neighborhood_geography,"Mission 5 adds current geographic and product associations but does not transfer CFD aggregate dates to a tract. Permit, grading, certificate-of-occupancy, and address-level historical records remain required.",2003-10-27,88,unknown,Castellina SUB,unknown,not_reconstructed,2003-10-27,enriched_but_physical_lifecycle_unresolved,unknown,unknown,LH-SRC-OC-TRACTS;LH-SRC-LARMAC-STREETS-2019;LH-SRC-OC-ADDRESS-POINTS,unknown,not_reconstructed,LH-TRACT-16515,16515,unknown,unknown,Covenant Hills
,,unknown,medium,MM 858/29-44,unknown,unknown,unknown,current_neighborhood_geography,"Mission 5 adds current geographic and product associations but does not transfer CFD aggregate dates to a tract. Permit, grading, certificate-of-occupancy, and address-level historical records remain required.",2004-06-10,100,unknown,CH Custom;Covenant Hills,unknown,not_reconstructed,2004-06-10,enriched_but_physical_lifecycle_unresolved,unknown,unknown,LH-SRC-OC-TRACTS;LH-SRC-LARMAC-STREETS-2019;LH-SRC-OC-ADDRESS-POINTS,unknown,not_reconstructed,LH-TRACT-16586,16586,unknown,unknown,Covenant Hills
Warmington Homes,LH-PRODUCT-COVENANT-HILLS-ARBOLEDO,product_level_upper_bound_only,medium,MM 861/25-28,unknown,unknown,unknown,current_neighborhood_geography;builder_product_candidate,"Mission 5 adds current geographic and product associations but does not transfer CFD aggregate dates to a tract. Permit, grading, certificate-of-occupancy, and address-level historical records remain required.",2004-10-29,16,unknown,Arboledo,unknown,not_reconstructed,2004-10-29,enriched_but_physical_lifecycle_unresolved,unknown,unknown,LH-SRC-OC-TRACTS;LH-SRC-LARMAC-STREETS-2019;LH-SRC-OC-ADDRESS-POINTS;LH-SRC-OC-BOND-2006Q4;LH-SRC-OC-BOND-2011Q4,unknown,not_reconstructed,LH-TRACT-16667,16667,unknown,unknown,Covenant Hills
Standard Pacific,LH-PRODUCT-COVENANT-HILLS-LAS-PIEDRAS,product_level_upper_bound_only,medium,MM 865/34-39,unknown,unknown,unknown,current_neighborhood_geography;builder_product_candidate,"Mission 5 adds current geographic and product associations but does not transfer CFD aggregate dates to a tract. Permit, grading, certificate-of-occupancy, and address-level historical records remain required.",2005-04-14,35,unknown,Las Piedras,unknown,not_reconstructed,2005-04-14,enriched_but_physical_lifecycle_unresolved,unknown,unknown,LH-SRC-OC-TRACTS;LH-SRC-LARMAC-STREETS-2019;LH-SRC-OC-ADDRESS-POINTS;LH-SRC-OC-BOND-2006Q4;LH-SRC-OC-BOND-2011Q4,unknown,not_reconstructed,LH-TRACT-16687,16687,unknown,unknown,Covenant Hills
